day_of_year,scenario,mef_upramp_lb_kg,mef_upramp_up_kg,mef_soft_lb_kg,mef_soft_up_kg,aef_lb_kg,aef_up_kg
1,S1,97944.36959,167778.5436,141202.317,165263.7065,155098.3129,162913.643
2,S1,113728.0281,202213.692,151793.8023,234030.1791,151118.4994,164743.1168
3,S1,101378.3124,202884.5348,50657.47726,135665.1662,116005.928,121332.819
4,S1,147469.0632,334356.0865,91970.08439,161455.4623,228606.0731,233637.3636
5,S1,2666.732132,2648.156619,2666.732419,2648.156852,2666.732487,2648.156769
6,S1,2349.419861,2819.014534,2349.419738,2609.565715,2351.664278,2947.913647
7,S1,74257.15351,225470.8353,78271.0016,120868.0227,126258.2524,131975.5243
8,S1,243716.1937,353703.4574,153822.8219,177401.5882,243222.4665,265155.6006
9,S1,338884.561,499420.4604,254381.2086,298785.9441,545668.5444,551766.0845
10,S1,200608.5594,364316.9433,296280.5949,345725.6862,443570.23,466425.3211
11,S1,234960.2858,341953.6582,250492.4394,292086.79,353568.3852,359697.2466
12,S1,225498.9824,375233.8749,280081.9438,336275.9167,347257.9497,357691.3601
13,S1,143211.6499,295991.8737,210074.7284,295594.7276,310407.934,320152.382
14,S1,68752.42081,135594.422,127762.6755,188982.214,168881.484,176649.2706
15,S1,57219.85942,151425.7279,40705.27225,64151.423,83528.29142,84897.09368
16,S1,15010.06155,37463.02837,24492.08192,84921.33085,43488.94458,46529.54506
17,S1,2469.693,2462.538069,2469.693034,2462.53807,2469.693057,2462.538069
18,S1,16413.08219,42216.61679,6223.507646,60765.68358,17763.3273,27280.75047
19,S1,25906.78581,36052.21304,46142.72864,109587.8846,63077.76518,65711.91561
20,S1,50992.51775,159041.1074,110205.7916,210606.3348,135288.1077,138909.8092
21,S1,69771.24625,179132.4421,138003.6856,209707.0073,138439.5498,152666.9988
22,S1,119727.363,229249.6894,236117.5031,299138.6564,175858.6752,185367.0045
23,S1,216364.8863,354086.914,254075.8841,294725.4851,240129.0754,244643.4292
24,S1,143976.1891,277212.7639,270329.0326,307193.9868,258528.7283,262291.6759
25,S1,148902.5235,295877.4568,229367.1035,270330.0105,272481.9745,280123.979
26,S1,175392.8282,301804.7639,219933.9773,261222.2254,280702.6821,281393.8042
27,S1,88064.74629,206466.7544,122912.9306,152213.7197,186156.56,201643.462
28,S1,71689.09866,184623.0121,108906.3674,131293.7766,153936.941,162315.6438
29,S1,135559.9438,214311.0671,156405.5442,216349.6975,210407.5082,220723.4643
30,S1,157698.6074,304479.9343,162668.6415,205837.5314,274151.8691,283979.4932
31,S1,166443.1986,302716.3435,222085.3057,259158.9449,305838.0234,313134.9033
32,S1,127322.806,205185.4943,199515.7049,228002.6194,240232.8103,256596.7196
33,S1,152322.1342,246400.8892,188309.15,214163.8482,208978.3429,213066.2916
34,S1,142408.9457,261396.4713,126895.7237,149924.9975,186824.0379,191592.8918
35,S1,116145.2902,220333.9563,90163.57558,109606.8824,190634.4129,194455.9455
36,S1,201076.7331,320803.3897,139940.0892,172378.1263,303713.2149,315977.3538
37,S1,82791.0768,125288.4277,115849.0436,171038.0569,190409.1444,199975.0946
38,S1,40830.04787,86570.55064,49048.54695,84256.93303,70594.10264,78465.81467
39,S1,38728.34235,63502.12924,41757.33158,66624.08842,53464.35966,55381.15126
40,S1,12358.30317,28135.41006,19631.793,24352.9413,25491.34557,27766.67171
41,S1,2288.220155,26637.22116,2288.220149,32176.7963,2288.22015,28447.90402
42,S1,62402.95182,100537.2323,50470.32084,71499.38711,89052.24102,89899.16822
43,S1,39396.4108,175008.2592,41174.97289,91378.77826,75151.1112,77936.24048
44,S1,108877.1919,190891.7112,110935.2625,140854.8824,146454.9263,154105.9783
45,S1,118473.9596,205832.5182,163782.4342,185270.3844,234520.9722,237605.1299
46,S1,122544.2164,210696.5805,80777.02573,139989.8292,160724.4019,169439.0119
47,S1,52936.3656,116058.619,54091.43591,78946.64304,98235.73036,102560.2209
48,S1,75477.5979,198788.1323,95509.74318,118147.1177,133070.6983,134968.5204
49,S1,78391.53484,156588.8711,83384.01832,106899.8991,141238.2194,151580.8616
50,S1,76627.8378,186747.5193,114653.664,152162.5466,143152.1604,149854.5624
51,S1,154001.8568,328704.6844,121947.76,149630.0501,174409.186,174603.7026
52,S1,72820.48813,109451.0385,79127.51092,112288.5641,126782.4993,131864.3166
53,S1,2705.698755,2929.248007,2705.698745,2904.597625,2705.698846,3270.689966
54,S1,13590.02574,111297.365,8353.994307,27592.23505,24281.50451,41182.24697
55,S1,2502.407617,36545.10561,2502.407677,12386.41158,2502.407618,32112.97698
56,S1,2631.367979,2631.822311,2631.368107,2631.603089,2631.367992,2632.199732
57,S1,2934.125846,33729.6881,2934.396876,15480.9445,2934.125844,14110.57131
58,S1,2696.39555,156061.077,2711.544448,67997.66542,2673.019998,90958.79309
59,S1,122530.2805,207425.8339,65080.72572,74855.85324,127688.7493,137816.0147
60,S1,27728.23427,59540.54054,21135.14144,33934.70589,57500.36558,80386.16237
61,S1,7423.891216,41047.12226,5385.186103,15097.5282,10111.76069,29243.34016
62,S1,7453.019928,24118.67687,5708.059899,9611.239908,12693.07401,23369.35379
63,S1,26196.07521,122971.2778,12137.39268,29827.03714,39184.02488,103219.2174
64,S1,46044.75036,80734.17803,24834.28198,38477.3818,72433.51239,86181.72896
65,S1,205595.5646,419551.1992,86449.3184,94082.64947,173161.5324,175789.3393
66,S1,112444.3198,189368.7485,115075.0774,147415.9906,212628.1812,222357.0252
67,S1,47751.13842,89093.84259,41552.35105,62237.58398,101841.1361,118223.5681
68,S1,3045.628866,28984.451,3017.602247,19186.4814,3045.628926,28786.42118
69,S1,2691.613618,63680.36704,2691.613717,11928.30683,2691.613626,27850.17691
70,S1,2653.804165,107711.1783,2653.803509,27726.71378,2653.803454,80218.2122
71,S1,16776.08111,153497.9827,9475.057962,43439.79178,17400.80421,74748.97854
72,S1,113913.0425,315157.6279,79847.72577,92342.43661,167836.9657,175222.705
73,S1,87175.71913,209079.0027,81113.8106,95056.49866,173377.1505,193863.3442
74,S1,46241.17293,102356.2618,40459.01316,49162.21422,88244.25842,94452.00123
75,S1,117985.1565,262931.8424,60826.80365,67786.07542,143871.8038,147414.6236
76,S1,75050.14709,170571.6978,57063.2393,64082.07812,134732.914,140705.8815
77,S1,111330.7713,180852.0811,50532.38562,59620.81514,146607.7707,153446.163
78,S1,132008.8254,213168.3802,68039.82503,78017.74019,218033.6872,229475.0484
79,S1,89052.95493,265112.8573,63644.42402,79426.83562,172142.2571,186239.75
80,S1,54289.53444,112180.1789,34493.08272,44991.55101,101892.0191,107624.4017
81,S1,55607.04129,125611.5691,31609.77501,43486.58322,72642.68362,78369.90128
82,S1,59948.45286,153041.9277,50402.71086,67397.99697,119494.6546,120417.489
83,S1,62525.21998,99509.54264,43749.80761,55521.23035,91749.62677,108984.6811
84,S1,59304.04301,105652.1058,33309.3681,47498.1564,79295.89345,102151.7399
85,S1,78477.44951,132767.0682,42310.31737,49761.66458,116553.2651,123399.6661
86,S1,20858.76723,34931.06662,18518.73237,26728.46312,38078.57797,54305.38309
87,S1,2666.38195,61733.2288,2666.38201,19629.39351,2666.381934,40342.14144
88,S1,3130.709661,81215.11214,2772.583757,24181.55524,2759.39695,68579.45481
89,S1,86017.69024,155034.9206,36600.59647,43328.78061,115458.0422,129274.5073
90,S1,47893.28552,85824.58877,22299.82957,26694.42141,72611.37545,84119.31076
91,S1,2128.335123,28116.5024,2128.335168,15909.24098,2128.334978,41182.28676
92,S1,2555.468539,157281.8241,2580.805791,35466.36755,2555.468988,96837.3062
93,S1,101377.8311,226047.4177,42010.40952,62780.38996,131225.7249,147271.9128
94,S1,44800.17582,133954.4625,30582.70099,62648.95815,62557.47077,96578.56117
95,S1,78662.26499,142110.4807,67463.38566,89282.84548,131233.1187,147016.1448
96,S1,82341.53047,134562.6291,50395.8658,103167.2441,126047.7257,172089.5722
97,S1,77919.12501,204882.6826,39243.95835,83355.50846,107418.3656,172684.2092
98,S1,76429.31878,184410.1219,50803.27716,99295.61229,117010.3289,175411.2797
99,S1,3138.280953,85894.37979,3243.225827,73141.2661,4292.098692,115433.3505
100,S1,66801.74819,297546.8811,59337.42717,141203.3185,91758.18851,209462.7036
101,S1,100513.4553,234019.6904,80974.50519,138328.9992,152833.8307,236920.2891
102,S1,86263.12159,292905.2669,69561.69419,150929.8408,114483.564,200808.5894
103,S1,122143.6437,258219.8973,90815.35031,142934.5327,169672.6,213200.4531
104,S1,70327.12168,166831.3504,45220.5041,87036.47735,123305.3394,188452.437
105,S1,67460.97991,154297.525,63583.50341,122720.0088,123686.9014,185120.8679
106,S1,78049.19989,134605.7792,62804.71183,116104.7491,138028.8772,204064.1221
107,S1,101534.5609,306394.204,78497.75288,138298.532,142881.4586,228213.3986
108,S1,89699.44171,229773.7697,74298.98951,117234.0859,126816.0035,184796.5939
109,S1,76322.49163,161813.5149,52422.48176,94042.32165,96778.95761,150793.0151
110,S1,94940.05406,149315.575,65868.87949,81004.65221,141198.1254,157375.8264
111,S1,46643.73801,87395.86176,49638.44046,73839.09834,99937.09117,142605.51
112,S1,61150.91109,118861.6851,56820.19186,93783.31895,106667.531,164900.9061
113,S1,41302.51589,121163.0616,35094.75423,78662.97012,68054.1372,136588.0426
114,S1,93195.66321,132175.2544,64409.91951,83512.82685,126706.8674,156867.1847
115,S1,126870.1858,194016.6479,92693.35799,110156.6952,163213.9751,189686.298
116,S1,94101.97082,156719.413,67159.23566,74626.77342,160283.665,166379.1463
117,S1,54562.24988,106840.1387,51690.07428,62038.52267,115093.3425,125638.8513
118,S1,2434.894975,21389.21445,2434.895045,10228.95255,2434.895012,16158.10354
119,S1,83815.31212,145562.8128,53889.70853,74898.62357,161119.6204,196898.0118
120,S1,112375.5073,217795.9607,70880.55332,84885.11211,204149.0814,213028.6009
121,S1,28856.06182,42467.92428,27180.1949,29786.3519,70012.70895,73800.51524
122,S1,22736.71191,73213.13253,29460.77559,74452.60511,52646.3327,153889.222
123,S1,43118.758,56272.9333,35881.29338,39193.11531,68575.53367,73826.60831
124,S1,32330.5848,44849.11841,13549.30852,31683.25074,58355.717,60745.207
125,S1,2230.087236,44594.00932,2243.507548,25553.84232,2243.507548,51204.86102
126,S1,2424.97093,27038.38494,2424.971392,29081.28508,2424.970865,58147.52999
127,S1,66319.04689,139931.8952,25182.31033,41596.98449,106538.5274,108718.9135
128,S1,53959.53257,121213.7891,14501.53672,39247.76593,93900.7274,107396.528
129,S1,77209.75299,132366.5549,45132.73601,53357.47361,108872.5171,111963.8723
130,S1,76585.94913,121803.9956,59703.53702,64822.70692,144044.6442,154989.3441
131,S1,45804.53412,61362.12539,39898.81014,43060.7256,94586.23616,99462.30997
132,S1,35093.8939,53017.69314,33145.12407,45423.01106,76862.93081,105711.4532
133,S1,60543.40394,94968.28354,43044.44047,73879.44946,110493.4416,172117.6806
134,S1,13568.6412,31846.86246,12857.7035,26862.94605,31915.6524,67136.45349
135,S1,4783.86856,91819.214,5074.738239,42459.34966,9878.998812,84198.37824
136,S1,45484.02482,75213.17952,32085.80172,40242.53217,77777.66872,90544.11502
137,S1,10267.75577,21772.84442,10392.11515,15620.36021,21773.04925,29235.22982
138,S1,31297.42627,51235.21038,24266.3552,27510.88382,59109.60459,58946.0136
139,S1,38893.26746,50508.23601,24406.5126,31577.59854,78779.22254,93750.75637
140,S1,27217.49715,48225.97836,18386.32685,34257.62086,63811.39683,114613.1483
141,S1,41805.72842,53463.82671,27858.28492,31452.83234,91582.76346,96593.30215
142,S1,48645.09425,73838.3337,32036.27609,39614.48333,105647.5938,109129.2958
143,S1,60753.9373,79510.5767,37920.85514,40926.72461,111015.418,112853.5913
144,S1,52933.71864,93432.50858,39964.10452,42409.08232,114405.9137,118905.1529
145,S1,55755.60332,98832.61578,35829.39889,37389.12937,102674.9295,107331.6453
146,S1,13568.33954,28736.31261,10444.94341,22986.57601,25078.7937,56342.59443
147,S1,28801.50065,80664.06813,22239.30956,50426.27193,65473.8066,141143.1875
148,S1,69431.29283,156645.6125,44598.87356,52719.62971,120898.3632,132088.6703
149,S1,59908.08758,113460.621,38554.26341,45004.39859,117083.9781,133229.253
150,S1,57021.08921,80647.365,39087.31102,42202.71704,116032.3781,120677.3737
151,S1,21074.79793,25794.19939,17198.57387,20002.4093,53649.46906,60222.37183
152,S1,4017.82749,52526.59517,3901.688316,36572.37898,6848.186732,83189.24352
153,S1,2113.985642,68077.96435,2113.985539,44040.09446,2113.985531,86572.13063
154,S1,1911.557015,125333.4257,1911.55717,52472.25882,1911.557078,91839.28934
155,S1,65506.64408,141475.3798,29778.66462,42727.37896,100147.3644,109932.4013
156,S1,99139.85582,160865.945,65818.04012,73987.29163,175055.961,181076.2562
157,S1,45592.35653,80494.03891,43739.96404,58057.12882,123756.6422,131058.7335
158,S1,46626.49531,63022.09213,29051.60259,35606.69597,111574.2685,113118.2773
159,S1,6798.705558,12352.88415,4820.944129,5159.829783,15448.51678,16500.00949
160,S1,14658.96493,17291.32404,8005.529664,20204.69154,45414.89116,47292.82295
161,S1,53829.39915,82710.4816,19646.56709,42826.81073,93096.41071,127291.0786
162,S1,113930.9648,184883.3398,28096.87309,38512.3841,151718.1644,153513.682
163,S1,50069.55586,73413.18891,21922.08333,25510.67911,93873.493,95405.29736
164,S1,29489.37429,37215.09606,12836.81216,14580.86269,64733.12861,67467.89121
165,S1,20782.13014,26576.9874,12071.73637,17759.28467,53123.46671,69642.90212
166,S1,18481.9251,28817.43531,6037.058504,12925.94388,37577.67382,58210.10652
167,S1,34160.20652,113522.5118,9195.033946,32051.34661,69276.96765,146932.6776
168,S1,23008.21725,120896.6582,9805.201751,51528.05797,44581.5828,156433.7018
169,S1,24765.58647,33182.14256,9997.425197,13853.18103,53214.71641,62558.54481
170,S1,33848.0188,39676.55311,18133.04899,25744.96076,70863.74328,71450.01825
171,S1,51638.91638,76984.76005,25458.79587,31237.68832,99510.93388,100862.7537
172,S1,54617.45113,84806.96221,27362.48395,34642.98681,85277.43723,87319.97272
173,S1,69591.37313,123987.1522,35058.78739,43785.06139,125859.1295,133921.8087
174,S1,47595.75501,62225.21192,23925.93385,42336.37467,95959.0272,110047.5733
175,S1,38036.84309,105643.9393,18487.30019,48180.75981,71287.22226,138560.2091
176,S1,79526.34074,167394.9546,30762.24235,41653.71459,126408.1383,140348.6003
177,S1,76876.04317,99448.336,41137.43139,46395.11376,130862.145,132837.2041
178,S1,111985.0791,193893.9926,57622.84622,61570.16799,193920.0375,203032.2502
179,S1,54007.60724,86822.08479,36104.94206,45865.05548,117178.8255,121036.8974
180,S1,82620.51047,143450.1639,43349.29919,69598.52375,125048.9742,130507.7067
181,S1,1620.811005,1620.811055,1620.811044,1620.811088,1620.811047,1620.811077
182,S1,45510.85012,52239.50506,67575.561,123618.2496,99615.61629,109778.843
183,S1,44374.84223,73322.65286,73485.75457,128476.1831,93363.75357,96576.55838
184,S1,58660.46296,84497.25271,57583.07541,103873.4066,93044.85533,98212.30477
185,S1,72467.66862,124998.3733,57043.05373,71883.89777,124188.7479,128352.6863
186,S1,57874.25053,108457.0857,31859.6819,47105.27069,103781.1171,133798.8091
187,S1,24881.2062,29059.01278,18473.84033,23210.56444,58822.75785,60099.69211
188,S1,20479.20793,80084.05041,12643.09789,51168.6844,38501.65244,129890.079
189,S1,20531.06231,90761.87585,13099.88383,41865.43876,40173.88872,121153.6206
190,S1,32034.45738,40717.67988,26951.28936,29010.28718,65153.72282,66040.11043
191,S1,23923.88423,25802.80202,19193.64661,21416.49498,47645.49096,50655.9932
192,S1,35782.94408,70021.11957,27401.71051,80120.95525,82100.32864,82632.40207
193,S1,15286.03861,23610.80107,24235.29775,37965.51262,38817.64594,41706.40882
194,S1,88750.4231,153172.7331,48169.96821,83672.81035,135116.0353,139542.2224
195,S1,7532.920441,15490.447,8187.415252,16208.7434,20035.97754,33100.74324
196,S1,2248.340526,51604.78014,2248.340525,96899.52149,2248.340427,116757.6368
197,S1,2691.730914,2691.729605,2691.729656,2691.729604,2691.729585,2691.729613
198,S1,81929.87923,153664.1202,56422.59275,129548.6785,189046.8187,192909.8228
199,S1,99682.73197,181180.1206,34418.07949,42268.2881,189132.1335,202415.6734
200,S1,96134.84693,204960.2137,32751.36281,37678.91808,203976.5537,229288.7602
201,S1,62009.82422,124478.6001,24953.39534,26544.80272,165891.7615,171155.2
202,S1,1898.457248,18379.32692,1898.457267,13814.57148,1898.457269,39616.38628
203,S1,20611.78111,70579.09002,11760.63338,29526.3223,44410.67547,85985.70799
204,S1,57909.06582,89508.87759,21146.45223,28408.71494,107890.8842,109110.3741
205,S1,81335.46002,134112.88,27367.54304,28094.9336,174560.4843,179315.3057
206,S1,86837.0272,159743.3521,24189.30399,26889.12131,188836.4101,197091.5754
207,S1,60578.90674,100356.2891,20311.6851,26180.74524,131547.5606,133096.523
208,S1,84407.5677,148356.0222,12737.40337,18723.74778,175308.9567,178840.3804
209,S1,39892.73893,60582.9917,6578.804467,50403.6831,98692.92308,102769.3058
210,S1,13523.98193,25599.69568,3550.777575,44677.11604,35356.68758,51013.27367
211,S1,130637.7862,275476.3675,26148.67201,97078.25384,223038.4027,231245.5882
212,S1,33886.89739,61125.52959,14609.47027,46036.67821,109219.7604,112046.668
213,S1,59689.1352,101842.3108,16761.59236,48766.15552,153185.8495,159859.5539
214,S1,36935.15817,83769.27388,7822.385986,60099.83662,105611.4924,118715.1816
215,S1,48344.23037,76528.47206,14060.39837,72085.68908,110107.2659,112820.8546
216,S1,46823.90083,69460.51388,21818.4391,103574.2118,100687.3797,103574.2118
217,S1,51487.31927,67345.28254,16016.78594,83457.62561,98490.89428,107830.2893
218,S1,66104.00696,109292.1972,12598.40464,93420.61815,134077.2456,137314.2836
219,S1,73720.9563,131646.3185,85693.12016,136575.564,200887.6678,213233.6613
220,S1,76816.25064,160342.0282,82188.69078,109125.3995,177115.6853,184689.1932
221,S1,94276.21348,182757.8647,81818.58039,129090.1783,173440.0032,185378.6824
222,S1,86809.4633,167860.5524,70312.37502,125897.7397,174170.7904,183379.6644
223,S1,7688.153645,13774.63445,1962.038934,26058.46791,17197.83124,26123.59344
224,S1,43632.3839,56265.15512,24587.69733,73256.13179,82530.88543,101954.5058
225,S1,84633.31413,157640.3521,60982.79692,102909.2772,153992.8755,159875.415
226,S1,106699.259,200377.6547,43896.45699,80454.06678,192866.7416,205766.878
227,S1,60896.34285,104606.7471,15464.41684,69561.98982,124305.6939,135563.1392
228,S1,63150.35882,125541.7204,17216.18774,27607.71605,126475.713,149344.2757
229,S1,101154.7039,162955.838,26841.57616,33280.08439,166866.7641,169745.5046
230,S1,63638.2088,83910.18158,9885.571701,12041.29903,115862.6342,118278.6205
231,S1,33238.93889,50711.07947,8781.700856,11730.71591,68587.95145,98364.60584
232,S1,71667.39284,180623.0818,23224.29263,28302.51373,111806.9806,120270.0251
233,S1,51984.69139,101674.7927,21012.58558,28085.30843,118886.9345,120938.7786
234,S1,47698.26747,61535.53117,15211.31726,21955.02106,78389.3331,84254.1453
235,S1,77504.34008,165883.7585,46242.1448,50226.7581,186159.2794,190693.2338
236,S1,73782.94762,169712.9065,42737.37748,46634.14631,183627.9794,195148.1388
237,S1,40074.02745,81631.01703,15985.99997,18807.42816,81367.10598,99463.95843
238,S1,43331.20062,77762.29878,14750.07253,24987.68012,78088.56289,123654.2063
239,S1,182794.1804,338125.0529,58958.61483,65546.11884,224771.3208,227332.7967
240,S1,134224.6914,258427.7653,65816.27988,70700.06384,271024.9185,282740.6807
241,S1,113575.1544,204645.094,51147.10419,54827.80548,250725.9011,265086.7392
242,S1,221089.613,365092.2341,50380.73222,77994.67166,338583.0637,352509.9344
243,S1,114349.9587,218851.2544,52153.86682,72443.76265,231398.5349,240969.3091
244,S1,115759.9907,188965.3572,41764.64501,126944.1658,205223.8335,217498.7114
245,S1,138674.9748,224750.5548,98298.33452,193441.2155,236424.7778,245637.485
246,S1,186150.7308,270398.4189,178206.7858,218572.868,307066.8936,320800.2857
247,S1,200282.1865,333107.9641,211884.5044,247595.4088,282749.0574,288239.0608
248,S1,73369.8521,136238.1157,68438.44119,85761.79303,120319.6141,122773.3456
249,S1,133195.8157,267685.0867,135972.1736,156316.6333,255893.4913,261052.833
250,S1,69206.82466,147546.2757,79798.70269,111929.407,131804.1841,139050.7749
251,S1,65459.59432,139803.252,21764.59378,92335.81778,110650.4526,115648.5073
252,S1,47094.3072,105674.9752,17699.08627,105069.2015,98055.71082,120220.2645
253,S1,128106.7744,265504.6608,64834.20286,139410.6383,210233.634,219548.475
254,S1,97138.92337,199978.2484,123095.9535,146848.7396,177138.6295,183774.719
255,S1,134389.7194,274146.0464,102773.1609,122396.2567,175754.5906,180898.2917
256,S1,89991.6182,152774.0226,74187.8337,89473.87331,141627.7098,146888.2797
257,S1,26381.07465,87021.39876,11589.31342,63783.68152,47020.6726,80527.10842
258,S1,62306.9055,141999.7803,42437.72102,74928.18862,119752.8802,123523.6982
259,S1,75469.40595,200905.8875,22075.40008,66988.73345,134055.4216,190769.5198
260,S1,51876.90894,113424.8685,15667.03562,26543.27451,70809.23191,91314.75475
261,S1,31447.59707,42488.86179,7015.936472,9038.660799,43590.38744,61826.51367
262,S1,92419.06354,169064.1587,49777.24792,54353.77226,158559.1779,159437.8473
263,S1,368844.5156,347805.3168,92100.98305,110179.8769,289264.3306,297650.8798
264,S1,146267.6611,293926.9516,122975.1503,149054.6897,330127.557,341097.1661
265,S1,98277.03637,215106.8616,58218.99991,74063.15882,201021.5875,206466.9148
266,S1,53626.78096,121173.5083,21930.24516,33739.14281,118476.3868,124826.6678
267,S1,104327.4077,235249.868,65385.36745,81000.68356,184043.2776,194618.1577
268,S1,71681.77696,107398.9594,41303.16889,52935.09923,127947.0244,130991.6303
269,S1,49622.83809,61268.83261,35164.56209,45920.06454,109550.8955,113300.2868
270,S1,2647.283179,17215.38153,2647.283586,9643.437141,2647.283178,27629.94259
271,S1,19852.47955,141305.8469,9280.661442,42782.38701,29332.69151,98241.6335
272,S1,86399.02944,215104.3223,36948.11765,45390.70473,146550.8069,178798.4488
273,S1,101484.5053,224306.8171,47720.02188,74523.19407,155491.6535,202961.4454
274,S1,186906.9178,370329.6804,81303.89968,143958.0725,259023.0739,266222.9826
275,S1,87990.98509,244305.4807,98209.20875,113418.0265,241388.6197,253506.8318
276,S1,44785.6288,74605.19396,40120.21927,63003.27036,105629.2647,109819.135
277,S1,41891.88294,150876.7272,27311.79014,54200.37903,81155.28747,90771.9803
278,S1,132840.9496,276232.8171,74444.04606,95912.01896,220511.3428,232580.4579
279,S1,12748.46427,22071.80459,10034.65626,16144.9267,36856.00811,47484.77258
280,S1,2078.294236,31880.95496,2078.294155,17768.00758,2078.29417,43213.52572
281,S1,36082.81687,73719.97453,20783.8689,29507.22644,63425.21413,65483.65472
282,S1,2383.443827,7209.062536,2383.443848,5795.296133,2367.938155,11237.86944
283,S1,3827.90032,17560.18051,2979.543793,6645.799718,7084.272305,15611.72609
284,S1,141723.4763,277142.2927,53677.95438,59617.76465,157034.7226,160034.0964
285,S1,75007.95568,145063.8409,109781.3183,135929.5489,216601.7739,224356.1633
286,S1,74378.42758,294918.2122,61128.28124,118521.4927,130558.2647,141067.0325
287,S1,101587.7327,175984.3373,51544.50305,76616.36073,162142.8638,169219.8552
288,S1,144660.439,247051.3907,96495.08125,154535.8657,296885.8215,312953.5814
289,S1,35388.7167,89172.98397,72958.76691,112455.5615,102474.5819,110933.9553
290,S1,7020.739092,8147.01167,4838.319429,6118.520468,9767.154597,10403.35979
291,S1,17385.85933,22248.9643,15015.68515,19125.44064,35281.57095,38141.9858
292,S1,75081.40227,168316.8155,74801.55868,91299.63819,101131.0088,107104.9893
293,S1,65665.46256,124422.2194,75043.22176,92437.19894,106248.478,108474.8215
294,S1,104962.3252,286770.0848,98107.51198,137487.0189,166951.8359,181708.1565
295,S1,140025.4047,262536.8453,109832.2632,142883.8761,256363.7237,274675.7485
296,S1,111733.8468,171754.9903,140595.8012,157362.3507,184520.8665,192908.8098
297,S1,167826.9957,321026.2401,222125.2727,242981.7359,269839.9324,274376.5726
298,S1,99151.43458,171900.7866,226068.2223,252872.0558,212434.4698,220464.2426
299,S1,169788.785,300825.3355,218635.012,242774.098,230165.5818,233861.4997
300,S1,95735.14376,165074.3406,109972.296,137667.2452,140681.2098,149206.421
301,S1,62166.18822,105679.9437,75849.04148,87062.24957,129284.376,132852.325
302,S1,35096.59125,63994.56369,26927.20656,27894.26778,57661.20364,59583.3632
303,S1,4653.713122,11454.60045,5619.604253,10896.26242,8522.318411,10193.35814
304,S1,43842.57225,66866.24164,53784.11616,83681.8655,61671.53134,61869.27608
305,S1,166800.2011,274476.3226,203900.2268,229559.1923,259471.1324,272085.944
306,S1,166576.198,286835.1903,198603.5716,233901.1873,276980.6037,284338.8314
307,S1,126364.0975,256973.6011,133850.0246,164664.5002,260484.9957,275825.2614
308,S1,83946.58921,173568.1149,107777.0034,129327.2042,174933.2556,185121.9958
309,S1,238485.7287,364120.376,252542.4003,288684.0177,317945.5608,325192.5159
310,S1,285670.6745,448493.8703,288394.3146,332070.7507,424247.3983,444445.3642
311,S1,206429.6078,360366.8295,252799.6734,296835.7091,422836.2892,439868.0144
312,S1,191972.8547,332904.4397,237889.1765,290921.0517,349020.8268,364237.9136
313,S1,238046.6012,400483.0571,259847.4354,325031.3376,421063.099,433570.6808
314,S1,112871.7353,222477.5206,134149.4418,192794.9045,259985.9067,282829.6954
315,S1,105740.8798,245515.5352,125446.2995,187504.4096,228469.4852,234396.4766
316,S1,63066.48864,127033.4502,84620.02872,133135.1227,132265.7719,137772.7009
317,S1,125601.5833,215531.1239,138988.5177,171458.4339,146516.4748,157662.7523
318,S1,29388.02963,51777.50873,26774.51906,54340.46397,68073.2428,69357.11205
319,S1,174807.7554,286698.6469,166407.1777,234374.533,229523.3234,234024.7806
320,S1,152391.1897,328228.6248,154551.2637,235200.2525,305503.5335,317905.71
321,S1,113858.8499,274179.5304,101337.6754,192033.083,241119.9809,252668.8313
322,S1,119636.8743,236235.6341,74643.87284,140881.724,259245.6599,272900.7726
323,S1,177432.8409,331681.0279,159149.1225,223707.8917,377089.5356,398974.101
324,S1,63278.57099,142999.2561,136705.8339,187158.3727,217715.4091,248453.0638
325,S1,32627.73143,73089.44888,70285.12794,84497.83825,81310.39638,84847.16622
326,S1,15800.17228,36069.97544,20971.78281,28271.57604,34619.99299,35278.6052
327,S1,111316.6426,224192.2312,154194.7373,177435.2968,181032.3061,189334.9129
328,S1,77989.28567,146013.7691,97562.09709,145532.3367,212393.5649,217819.0245
329,S1,66260.76229,97015.6273,76529.15988,110845.45,98315.54445,102904.3999
330,S1,42416.98947,87881.42628,35662.86012,57441.34506,61496.98617,63023.93572
331,S1,268409.4552,429624.1925,274173.3105,331239.246,501027.3193,509733.1749
332,S1,210129.4744,354503.1176,261709.4293,305757.7736,460305.1701,473571.1747
333,S1,167389.0021,319480.5902,284905.6692,330898.5514,438391.9228,462284.4011
334,S1,226137.4133,363640.5508,313709.1027,347502.8856,476051.5776,492781.857
335,S1,148533.5383,260142.6686,184757.0407,246512.4005,356747.2451,371256.4764
336,S1,219801.7034,354647.9007,172204.9026,260110.7571,407879.0006,422712.4582
337,S1,336772.4384,462156.5912,192426.1389,281032.3758,567294.6213,583439.7788
338,S1,242565.7684,440363.6653,175653.062,249692.33,491252.4474,513236.3674
339,S1,196464.9291,287119.7114,261199.4656,285354.7671,351687.9364,366068.7876
340,S1,199278.7863,385449.6979,334266.1193,371558.0809,461317.7015,467346.9084
341,S1,213607.5559,324784.9916,318474.9804,382458.3246,382029.7648,395334.9945
342,S1,27208.15042,49832.2309,64778.47355,73356.87443,61367.53154,68990.92278
343,S1,2469.576807,2469.578352,2469.576885,2469.578937,2469.576795,2469.578539
344,S1,55297.65677,115576.762,44384.88533,94633.02116,75251.4077,83936.29007
345,S1,604625.1382,815447.2104,451479.7806,489330.1441,510140.1964,525164.3148
346,S1,618830.8532,802770.1517,505381.9497,531443.297,792611.4465,820573.0478
347,S1,403007.2962,545958.6506,417585.8114,496282.5025,630394.1867,665705.3567
348,S1,351081.9598,539699.3481,412286.8302,508502.2622,681259.1007,704454.5391
349,S1,158997.8066,283291.9935,342660.0896,388818.9079,458390.7292,488738.8825
350,S1,121491.8686,223278.139,220634.3767,288100.6862,286015.6802,292663.427
351,S1,274163.7269,472988.6037,360884.456,400828.1621,415379.6329,425886.6168
352,S1,270403.185,454598.7848,491233.6958,545480.0047,526023.6586,541617.4586
353,S1,137958.6762,251475.8624,423438.6298,489595.8316,363360.3746,391359.9477
354,S1,95881.40346,156574.2757,185107.0187,248216.7548,138640.4182,147132.2041
355,S1,292774.5187,416326.9149,423199.0801,454849.0373,318499.21,328750.7455
356,S1,103811.4797,312593.5488,282025.2787,317651.451,237696.1185,246188.738
357,S1,57583.32766,88650.19548,95018.46385,115184.3148,115985.2221,118374.4361
358,S1,94522.64956,198784.7208,94697.54142,171124.2943,101601.9274,111036.8576
359,S1,153668.4346,279700.7515,120565.0011,265074.7657,191426.2143,197751.126
360,S1,168656.3237,356309.7155,168348.2385,286750.9937,250985.9247,260452.6465
361,S1,222061.0981,377342.0256,343399.8241,400943.0646,401904.7502,408770.3363
362,S1,242234.4995,336503.1867,321762.7864,362381.0456,387526.8325,399218.2066
363,S1,213733.3926,382457.8653,234682.1572,278201.4342,349823.6826,361012.2513
364,S1,178920.6437,298395.2657,199028.0956,255581.5821,356038.8739,374145.3592
365,S1,365598.8496,483872.0742,333455.7572,363249.4516,488303.3433,509548.7828
366,S1,285807.2608,416702.5729,261220.3339,298987.8587,488910.3563,516347.3037
