day,valid_time,dswrf
1/1/2024,3:00,0
1/1/2024,9:00,22.84
1/1/2024,15:00,389.34
1/1/2024,21:00,0
1/2/2024,3:00,0
1/2/2024,9:00,20.64
1/2/2024,15:00,105.14
1/2/2024,21:00,0
1/3/2024,3:00,0
1/3/2024,9:00,1.82
1/3/2024,15:00,15.18
1/3/2024,21:00,0
1/4/2024,3:00,0
1/4/2024,9:00,22.16
1/4/2024,15:00,102.6
1/4/2024,21:00,0
1/5/2024,3:00,0
1/5/2024,9:00,29.98
1/5/2024,15:00,385.38
1/5/2024,21:00,0
1/6/2024,3:00,0
1/6/2024,9:00,31.38
1/6/2024,15:00,406.16
1/6/2024,21:00,0
1/7/2024,3:00,0
1/7/2024,9:00,27.78
1/7/2024,15:00,412.64
1/7/2024,21:00,0
1/8/2024,3:00,0
1/8/2024,9:00,32.52
1/8/2024,15:00,379.36
1/8/2024,21:00,0
1/9/2024,3:00,0
1/9/2024,9:00,4.3
1/9/2024,15:00,272.36
1/9/2024,21:00,0
1/10/2024,3:00,0
1/10/2024,9:00,13.2
1/10/2024,15:00,162.52
1/10/2024,21:00,0
1/11/2024,3:00,0
1/11/2024,9:00,32.06
1/11/2024,15:00,419.84
1/11/2024,21:00,0
1/12/2024,3:00,0
1/12/2024,9:00,33.48
1/12/2024,15:00,398.34
1/12/2024,21:00,0
1/13/2024,3:00,0
1/13/2024,9:00,26.1
1/13/2024,15:00,176.8
1/13/2024,21:00,0
1/14/2024,3:00,0
1/14/2024,9:00,24.74
1/14/2024,15:00,140.14
1/14/2024,21:00,0
1/15/2024,3:00,0
1/15/2024,9:00,0.9
1/15/2024,15:00,86.58
1/15/2024,21:00,0
1/16/2024,3:00,0
1/16/2024,9:00,17.32
1/16/2024,15:00,215.08
1/16/2024,21:00,0
1/17/2024,3:00,0
1/17/2024,9:00,4
1/17/2024,15:00,115
1/17/2024,21:00,0
1/18/2024,3:00,0
1/18/2024,9:00,7.46
1/18/2024,15:00,288.18
1/18/2024,21:00,0
1/19/2024,3:00,0
1/19/2024,9:00,0.74
1/19/2024,15:00,34.78
1/19/2024,21:00,0
1/20/2024,3:00,0
1/20/2024,9:00,37.12
1/20/2024,15:00,465.98
1/20/2024,21:00,0
1/21/2024,3:00,0
1/21/2024,9:00,37.56
1/21/2024,15:00,438.36
1/21/2024,21:00,0
1/22/2024,3:00,0
1/22/2024,9:00,33.04
1/22/2024,15:00,420.34
1/22/2024,21:00,0
1/23/2024,3:00,0
1/23/2024,9:00,37.74
1/23/2024,15:00,449.72
1/23/2024,21:00,0
1/24/2024,3:00,0
1/24/2024,9:00,39.64
1/24/2024,15:00,463.1
1/24/2024,21:00,0
1/25/2024,3:00,0
1/25/2024,9:00,41.56
1/25/2024,15:00,454.02
1/25/2024,21:00,0
1/26/2024,3:00,0
1/26/2024,9:00,30.74
1/26/2024,15:00,410.54
1/26/2024,21:00,0
1/27/2024,3:00,0
1/27/2024,9:00,31.08
1/27/2024,15:00,362.68
1/27/2024,21:00,0
1/28/2024,3:00,0
1/28/2024,9:00,37.1
1/28/2024,15:00,439.7
1/28/2024,21:00,0
1/29/2024,3:00,0
1/29/2024,9:00,25.2
1/29/2024,15:00,358.92
1/29/2024,21:00,0
1/30/2024,3:00,0
1/30/2024,9:00,45.48
1/30/2024,15:00,486.82
1/30/2024,21:00,0
1/31/2024,3:00,0
1/31/2024,9:00,47.46
1/31/2024,15:00,494.78
1/31/2024,21:00,0
2/1/2024,3:00,0
2/1/2024,9:00,41.04
2/1/2024,15:00,497.14
2/1/2024,21:00,0
2/2/2024,3:00,0
2/2/2024,9:00,48.54
2/2/2024,15:00,497.2
2/2/2024,21:00,0
2/3/2024,3:00,0
2/3/2024,9:00,51.94
2/3/2024,15:00,518.2
2/3/2024,21:00,0
2/4/2024,3:00,0
2/4/2024,9:00,54.02
2/4/2024,15:00,521.42
2/4/2024,21:00,0
2/5/2024,3:00,0
2/5/2024,9:00,39.16
2/5/2024,15:00,390.58
2/5/2024,21:00,0
2/6/2024,3:00,0
2/6/2024,9:00,30.3
2/6/2024,15:00,379.72
2/6/2024,21:00,0
2/7/2024,3:00,0
2/7/2024,9:00,56.3
2/7/2024,15:00,215.86
2/7/2024,21:00,0
2/8/2024,3:00,0
2/8/2024,9:00,35.74
2/8/2024,15:00,238.22
2/8/2024,21:00,0
2/9/2024,3:00,0
2/9/2024,9:00,10.38
2/9/2024,15:00,23.06
2/9/2024,21:00,0
2/10/2024,3:00,0
2/10/2024,9:00,64.64
2/10/2024,15:00,297.04
2/10/2024,21:00,0
2/11/2024,3:00,0
2/11/2024,9:00,25.12
2/11/2024,15:00,281.98
2/11/2024,21:00,0
2/12/2024,3:00,0
2/12/2024,9:00,37.48
2/12/2024,15:00,551.88
2/12/2024,21:00,0
2/13/2024,3:00,0
2/13/2024,9:00,53.8
2/13/2024,15:00,485.42
2/13/2024,21:00,0
2/14/2024,3:00,0
2/14/2024,9:00,32.52
2/14/2024,15:00,390.78
2/14/2024,21:00,0
2/15/2024,3:00,0
2/15/2024,9:00,43.5
2/15/2024,15:00,210.54
2/15/2024,21:00,0
2/16/2024,3:00,0
2/16/2024,9:00,63.58
2/16/2024,15:00,577.72
2/16/2024,21:00,0
2/17/2024,3:00,0
2/17/2024,9:00,80.54
2/17/2024,15:00,596.84
2/17/2024,21:00,0
2/18/2024,3:00,0
2/18/2024,9:00,82.06
2/18/2024,15:00,527.62
2/18/2024,21:00,0
2/19/2024,3:00,0
2/19/2024,9:00,73.14
2/19/2024,15:00,588.04
2/19/2024,21:00,0
2/20/2024,3:00,0
2/20/2024,9:00,92.3
2/20/2024,15:00,624.06
2/20/2024,21:00,0
2/21/2024,3:00,0
2/21/2024,9:00,87.94
2/21/2024,15:00,419.68
2/21/2024,21:00,0
2/22/2024,3:00,0
2/22/2024,9:00,90.32
2/22/2024,15:00,257.36
2/22/2024,21:00,0
2/23/2024,3:00,0
2/23/2024,9:00,89.58
2/23/2024,15:00,512.14
2/23/2024,21:00,0
2/24/2024,3:00,0
2/24/2024,9:00,96.6
2/24/2024,15:00,564.72
2/24/2024,21:00,0
2/25/2024,3:00,0
2/25/2024,9:00,9.8
2/25/2024,15:00,92.02
2/25/2024,21:00,0
2/26/2024,3:00,0
2/26/2024,9:00,89.54
2/26/2024,15:00,563.42
2/26/2024,21:00,0
2/27/2024,3:00,0
2/27/2024,9:00,105.16
2/27/2024,15:00,630.86
2/27/2024,21:00,0
2/28/2024,3:00,0
2/28/2024,9:00,110.56
2/28/2024,15:00,650.22
2/28/2024,21:00,0
2/29/2024,3:00,0
2/29/2024,9:00,114.04
2/29/2024,15:00,651.04
2/29/2024,21:00,0
3/1/2024,3:00,0
3/1/2024,9:00,118.6
3/1/2024,15:00,655.12
3/1/2024,21:00,0.02
3/2/2024,3:00,0
3/2/2024,9:00,20.2
3/2/2024,15:00,30.38
3/2/2024,21:00,0.02
3/3/2024,3:00,0
3/3/2024,9:00,127.06
3/3/2024,15:00,657.08
3/3/2024,21:00,0.08
3/4/2024,3:00,0
3/4/2024,9:00,42.7
3/4/2024,15:00,316.4
3/4/2024,21:00,0.1
3/5/2024,3:00,0
3/5/2024,9:00,133.18
3/5/2024,15:00,683.48
3/5/2024,21:00,0.16
3/6/2024,3:00,0
3/6/2024,9:00,128.56
3/6/2024,15:00,650.9
3/6/2024,21:00,0.18
3/7/2024,3:00,0
3/7/2024,9:00,104.02
3/7/2024,15:00,303.16
3/7/2024,21:00,0.02
3/8/2024,3:00,0
3/8/2024,9:00,14.62
3/8/2024,15:00,555.24
3/8/2024,21:00,0.28
3/9/2024,3:00,0
3/9/2024,9:00,80.74
3/9/2024,15:00,316.52
3/9/2024,21:00,0.18
3/10/2024,3:00,0
3/10/2024,9:00,20.6
3/10/2024,15:00,442.84
3/10/2024,21:00,0.5
3/11/2024,3:00,0
3/11/2024,9:00,155.34
3/11/2024,15:00,645.84
3/11/2024,21:00,0.68
3/12/2024,3:00,0
3/12/2024,9:00,159.74
3/12/2024,15:00,718.8
3/12/2024,21:00,0.74
3/13/2024,3:00,0
3/13/2024,9:00,128.12
3/13/2024,15:00,661.08
3/13/2024,21:00,0.9
3/14/2024,3:00,0
3/14/2024,9:00,161.32
3/14/2024,15:00,472.6
3/14/2024,21:00,0.98
3/15/2024,3:00,0
3/15/2024,9:00,138.74
3/15/2024,15:00,649.24
3/15/2024,21:00,1.16
3/16/2024,3:00,0
3/16/2024,9:00,149.64
3/16/2024,15:00,695.08
3/16/2024,21:00,1.04
3/17/2024,3:00,0
3/17/2024,9:00,118.9
3/17/2024,15:00,549.88
3/17/2024,21:00,1.42
3/18/2024,3:00,0
3/18/2024,9:00,132.86
3/18/2024,15:00,483.44
3/18/2024,21:00,1.4
3/19/2024,3:00,0
3/19/2024,9:00,185.86
3/19/2024,15:00,736.5
3/19/2024,21:00,1.7
3/20/2024,3:00,0
3/20/2024,9:00,182.78
3/20/2024,15:00,698.8
3/20/2024,21:00,0.9
3/21/2024,3:00,0
3/21/2024,9:00,103.06
3/21/2024,15:00,723.16
3/21/2024,21:00,2.28
3/22/2024,3:00,0
3/22/2024,9:00,185.62
3/22/2024,15:00,716.2
3/22/2024,21:00,2.44
3/23/2024,3:00,0
3/23/2024,9:00,173.76
3/23/2024,15:00,729.34
3/23/2024,21:00,2.6
3/24/2024,3:00,0
3/24/2024,9:00,211.54
3/24/2024,15:00,761.56
3/24/2024,21:00,3.02
3/25/2024,3:00,0
3/25/2024,9:00,123.04
3/25/2024,15:00,289.42
3/25/2024,21:00,3.18
3/26/2024,3:00,0
3/26/2024,9:00,76.86
3/26/2024,15:00,745.7
3/26/2024,21:00,1.36
3/27/2024,3:00,0
3/27/2024,9:00,29.46
3/27/2024,15:00,393.66
3/27/2024,21:00,0.48
3/28/2024,3:00,0
3/28/2024,9:00,22.28
3/28/2024,15:00,414.32
3/28/2024,21:00,2.66
3/29/2024,3:00,0
3/29/2024,9:00,48.36
3/29/2024,15:00,121.2
3/29/2024,21:00,1.5
3/30/2024,3:00,0
3/30/2024,9:00,46.36
3/30/2024,15:00,398.14
3/30/2024,21:00,0.52
3/31/2024,3:00,0
3/31/2024,9:00,15.14
3/31/2024,15:00,518.34
3/31/2024,21:00,4.68
4/1/2024,3:00,0
4/1/2024,9:00,72.88
4/1/2024,15:00,800.68
4/1/2024,21:00,5.36
4/2/2024,3:00,0
4/2/2024,9:00,157.14
4/2/2024,15:00,404.84
4/2/2024,21:00,3.04
4/3/2024,3:00,0
4/3/2024,9:00,209.72
4/3/2024,15:00,804.88
4/3/2024,21:00,5.94
4/4/2024,3:00,0
4/4/2024,9:00,198.24
4/4/2024,15:00,815.58
4/4/2024,21:00,5.2
4/5/2024,3:00,0
4/5/2024,9:00,192.86
4/5/2024,15:00,725.8
4/5/2024,21:00,6.94
4/6/2024,3:00,0
4/6/2024,9:00,245.5
4/6/2024,15:00,495
4/6/2024,21:00,2.82
4/7/2024,3:00,0
4/7/2024,9:00,218.78
4/7/2024,15:00,789.84
4/7/2024,21:00,7.18
4/8/2024,3:00,0
4/8/2024,9:00,275.14
4/8/2024,15:00,447.26
4/8/2024,21:00,6.82
4/9/2024,3:00,0
4/9/2024,9:00,297.9
4/9/2024,15:00,845.3
4/9/2024,21:00,8.56
4/10/2024,3:00,0
4/10/2024,9:00,291.96
4/10/2024,15:00,823.56
4/10/2024,21:00,9.4
4/11/2024,3:00,0
4/11/2024,9:00,292
4/11/2024,15:00,818.1
4/11/2024,21:00,10.16
4/12/2024,3:00,0
4/12/2024,9:00,304.14
4/12/2024,15:00,840.16
4/12/2024,21:00,10.84
4/13/2024,3:00,0
4/13/2024,9:00,312.42
4/13/2024,15:00,854.04
4/13/2024,21:00,11.76
4/14/2024,3:00,0
4/14/2024,9:00,294.04
4/14/2024,15:00,817.48
4/14/2024,21:00,11.62
4/15/2024,3:00,0
4/15/2024,9:00,276.68
4/15/2024,15:00,840.08
4/15/2024,21:00,12.16
4/16/2024,3:00,0
4/16/2024,9:00,317.84
4/16/2024,15:00,847.58
4/16/2024,21:00,13.02
4/17/2024,3:00,0
4/17/2024,9:00,325.26
4/17/2024,15:00,860.08
4/17/2024,21:00,13.7
4/18/2024,3:00,0
4/18/2024,9:00,333.3
4/18/2024,15:00,856.14
4/18/2024,21:00,13.78
4/19/2024,3:00,0
4/19/2024,9:00,329.66
4/19/2024,15:00,854.62
4/19/2024,21:00,14.42
4/20/2024,3:00,0
4/20/2024,9:00,245.46
4/20/2024,15:00,816.68
4/20/2024,21:00,14.5
4/21/2024,3:00,0
4/21/2024,9:00,349.48
4/21/2024,15:00,875.3
4/21/2024,21:00,16.06
4/22/2024,3:00,0
4/22/2024,9:00,353.56
4/22/2024,15:00,882.54
4/22/2024,21:00,16.4
4/23/2024,3:00,0
4/23/2024,9:00,360
4/23/2024,15:00,879.78
4/23/2024,21:00,16.46
4/24/2024,3:00,0
4/24/2024,9:00,367.12
4/24/2024,15:00,850.88
4/24/2024,21:00,15.92
4/25/2024,3:00,0
4/25/2024,9:00,177.86
4/25/2024,15:00,617.06
4/25/2024,21:00,17.56
4/26/2024,3:00,0
4/26/2024,9:00,227.12
4/26/2024,15:00,800.04
4/26/2024,21:00,10.54
4/27/2024,3:00,0
4/27/2024,9:00,225.36
4/27/2024,15:00,556.92
4/27/2024,21:00,18.86
4/28/2024,3:00,0
4/28/2024,9:00,357.5
4/28/2024,15:00,890.82
4/28/2024,21:00,21.1
4/29/2024,3:00,0
4/29/2024,9:00,361.5
4/29/2024,15:00,848.16
4/29/2024,21:00,8.52
4/30/2024,3:00,0
4/30/2024,9:00,378.64
4/30/2024,15:00,841.88
4/30/2024,21:00,17.32
5/1/2024,3:00,0
5/1/2024,9:00,270.14
5/1/2024,15:00,625.4
5/1/2024,21:00,18.48
5/2/2024,3:00,0
5/2/2024,9:00,391.8
5/2/2024,15:00,897.24
5/2/2024,21:00,24.46
5/3/2024,3:00,0
5/3/2024,9:00,374.48
5/3/2024,15:00,848.58
5/3/2024,21:00,23.4
5/4/2024,3:00,0
5/4/2024,9:00,378.24
5/4/2024,15:00,885.1
5/4/2024,21:00,22.88
5/5/2024,3:00,0
5/5/2024,9:00,229.6
5/5/2024,15:00,337.12
5/5/2024,21:00,21.2
5/6/2024,3:00,0
5/6/2024,9:00,141.84
5/6/2024,15:00,832.06
5/6/2024,21:00,24.04
5/7/2024,3:00,0
5/7/2024,9:00,404.72
5/7/2024,15:00,912.52
5/7/2024,21:00,26.66
5/8/2024,3:00,0
5/8/2024,9:00,355.32
5/8/2024,15:00,861.22
5/8/2024,21:00,22.9
5/9/2024,3:00,0
5/9/2024,9:00,343.62
5/9/2024,15:00,773.58
5/9/2024,21:00,15.98
5/10/2024,3:00,0
5/10/2024,9:00,405.88
5/10/2024,15:00,887.74
5/10/2024,21:00,30.8
5/11/2024,3:00,0
5/11/2024,9:00,404.22
5/11/2024,15:00,868.84
5/11/2024,21:00,27.1
5/12/2024,3:00,0
5/12/2024,9:00,389.02
5/12/2024,15:00,777.2
5/12/2024,21:00,14.08
5/13/2024,3:00,0
5/13/2024,9:00,349.94
5/13/2024,15:00,738.44
5/13/2024,21:00,32.46
5/14/2024,3:00,0
5/14/2024,9:00,421.82
5/14/2024,15:00,825.04
5/14/2024,21:00,7.48
5/15/2024,3:00,0
5/15/2024,9:00,403.22
5/15/2024,15:00,873.32
5/15/2024,21:00,20.98
5/16/2024,3:00,0
5/16/2024,9:00,410.94
5/16/2024,15:00,833.44
5/16/2024,21:00,29.6
5/17/2024,3:00,0
5/17/2024,9:00,422.04
5/17/2024,15:00,611.2
5/17/2024,21:00,8.34
5/18/2024,3:00,0
5/18/2024,9:00,425.16
5/18/2024,15:00,919.08
5/18/2024,21:00,38.9
5/19/2024,3:00,0
5/19/2024,9:00,419.06
5/19/2024,15:00,908.26
5/20/2024,3:00,0
5/20/2024,9:00,379.48
5/20/2024,15:00,751.68
5/20/2024,21:00,10.6
5/21/2024,3:00,0
5/21/2024,9:00,241.1
5/21/2024,15:00,527.64
5/21/2024,21:00,32.34
5/22/2024,3:00,0
5/22/2024,9:00,346.12
5/22/2024,15:00,825.26
5/22/2024,21:00,30.52
5/23/2024,3:00,0
5/23/2024,9:00,437.06
5/23/2024,15:00,933.98
5/23/2024,21:00,44.54
5/24/2024,3:00,0
5/24/2024,9:00,432.5
5/24/2024,15:00,907.18
5/24/2024,21:00,44.68
5/25/2024,3:00,0
5/25/2024,9:00,427.82
5/25/2024,15:00,914
5/25/2024,21:00,45.2
5/26/2024,3:00,0
5/26/2024,9:00,435.42
5/26/2024,15:00,849.62
5/26/2024,21:00,33.94
5/27/2024,3:00,0
5/27/2024,9:00,431.6
5/27/2024,15:00,923.8
5/27/2024,21:00,38.48
5/28/2024,3:00,0
5/28/2024,9:00,415.84
5/28/2024,15:00,915.56
5/28/2024,21:00,47.3
5/29/2024,3:00,0
5/29/2024,9:00,431.04
5/29/2024,15:00,915.58
5/29/2024,21:00,47.46
5/30/2024,3:00,0
5/30/2024,9:00,431.5
5/30/2024,15:00,910.1
5/30/2024,21:00,44.76
5/31/2024,3:00,0
5/31/2024,9:00,406.66
5/31/2024,15:00,911.6
5/31/2024,21:00,49.82
6/1/2024,3:00,0
6/1/2024,9:00,437.2
6/1/2024,15:00,937.48
6/1/2024,21:00,50.82
6/2/2024,3:00,0
6/2/2024,9:00,441.42
6/2/2024,15:00,935.26
6/2/2024,21:00,52.96
6/3/2024,3:00,0
6/3/2024,9:00,337.54
6/3/2024,15:00,918.54
6/3/2024,21:00,30.48
6/4/2024,3:00,0
6/4/2024,9:00,433.1
6/4/2024,15:00,913.7
6/4/2024,21:00,17.06
6/5/2024,3:00,0
6/5/2024,9:00,437
6/5/2024,15:00,877.32
6/5/2024,21:00,37.72
6/6/2024,3:00,0
6/6/2024,9:00,380.52
6/6/2024,15:00,742.54
6/6/2024,21:00,45.48
6/7/2024,3:00,0
6/7/2024,9:00,345.64
6/7/2024,15:00,747.52
6/7/2024,21:00,6.9
6/8/2024,3:00,0
6/8/2024,9:00,257.02
6/8/2024,15:00,598.16
6/8/2024,21:00,50.54
6/9/2024,3:00,0
6/9/2024,9:00,425.22
6/9/2024,15:00,359.86
6/9/2024,21:00,32.42
6/10/2024,3:00,0
6/10/2024,9:00,245.5
6/10/2024,15:00,380.98
6/10/2024,21:00,5
6/11/2024,3:00,0
6/11/2024,9:00,439.76
6/11/2024,15:00,937.1
6/11/2024,21:00,58.36
6/12/2024,3:00,0
6/12/2024,9:00,427.58
6/12/2024,15:00,701.16
6/12/2024,21:00,44.44
6/13/2024,3:00,0
6/13/2024,9:00,438.04
6/13/2024,15:00,936.4
6/13/2024,21:00,58.5
6/14/2024,3:00,0
6/14/2024,9:00,447.36
6/14/2024,15:00,951.68
6/14/2024,21:00,61.48
6/15/2024,3:00,0
6/15/2024,9:00,405.74
6/15/2024,15:00,941.52
6/15/2024,21:00,61.18
6/16/2024,3:00,0
6/16/2024,9:00,444.36
6/16/2024,15:00,941.78
6/16/2024,21:00,60.42
6/17/2024,3:00,0
6/17/2024,9:00,449.12
6/17/2024,15:00,942.66
6/17/2024,21:00,60.64
6/18/2024,3:00,0
6/18/2024,9:00,382.74
6/18/2024,15:00,614.74
6/18/2024,21:00,5.42
6/19/2024,3:00,0
6/19/2024,9:00,436.62
6/19/2024,15:00,553.26
6/19/2024,21:00,60.68
6/20/2024,3:00,0
6/20/2024,9:00,295.8
6/20/2024,15:00,715.3
6/20/2024,21:00,20.96
6/21/2024,3:00,0
6/21/2024,9:00,434.4
6/21/2024,15:00,930.34
6/21/2024,21:00,61.48
6/22/2024,3:00,0
6/22/2024,9:00,389.34
6/22/2024,15:00,766.12
6/22/2024,21:00,27.38
6/23/2024,3:00,0
6/23/2024,9:00,417.08
6/23/2024,15:00,904.5
6/23/2024,21:00,55.12
6/24/2024,3:00,0
6/24/2024,9:00,425.88
6/24/2024,15:00,928.94
6/24/2024,21:00,61.6
6/25/2024,3:00,0
6/25/2024,9:00,421.82
6/25/2024,15:00,917.78
6/25/2024,21:00,35.14
6/26/2024,3:00,0
6/26/2024,9:00,360.06
6/26/2024,15:00,515.1
6/26/2024,21:00,38.6
6/27/2024,3:00,0
6/27/2024,9:00,232.16
6/27/2024,15:00,778.56
6/27/2024,21:00,48.2
6/28/2024,3:00,0
6/28/2024,9:00,410.64
6/28/2024,15:00,592.08
6/28/2024,21:00,56.12
6/29/2024,3:00,0
6/29/2024,9:00,210.38
6/29/2024,15:00,738.46
6/29/2024,21:00,42.64
6/30/2024,3:00,0
6/30/2024,9:00,234.56
6/30/2024,15:00,694.28
6/30/2024,21:00,61.16
7/1/2024,3:00,0
7/1/2024,9:00,416.48
7/1/2024,15:00,922.36
7/1/2024,21:00,62.36
7/2/2024,3:00,0
7/2/2024,9:00,421.92
7/2/2024,15:00,926.76
7/2/2024,21:00,61.28
7/3/2024,3:00,0
7/3/2024,9:00,424.64
7/3/2024,15:00,930.3
7/3/2024,21:00,61.78
7/4/2024,3:00,0
7/4/2024,9:00,418.6
7/4/2024,15:00,923.64
7/4/2024,21:00,61.68
7/5/2024,3:00,0
7/5/2024,9:00,416.18
7/5/2024,15:00,921.04
7/5/2024,21:00,61.04
7/6/2024,3:00,0
7/6/2024,9:00,409.28
7/6/2024,15:00,918.22
7/6/2024,21:00,60
7/7/2024,3:00,0
7/7/2024,9:00,414.6
7/7/2024,15:00,933.16
7/7/2024,21:00,62.68
7/8/2024,3:00,0
7/8/2024,9:00,415.28
7/8/2024,15:00,935.14
7/8/2024,21:00,62.36
7/9/2024,3:00,0
7/9/2024,9:00,388.08
7/9/2024,15:00,832.76
7/9/2024,21:00,59.18
7/10/2024,3:00,0
7/10/2024,9:00,403.18
7/10/2024,15:00,911.7
7/10/2024,21:00,58.42
7/11/2024,3:00,0
7/11/2024,9:00,400.84
7/11/2024,15:00,909.9
7/11/2024,21:00,58.22
7/12/2024,3:00,0
7/12/2024,9:00,416.16
7/12/2024,15:00,937.58
7/12/2024,21:00,60.54
7/13/2024,3:00,0
7/13/2024,9:00,400.06
7/13/2024,15:00,921.88
7/13/2024,21:00,60
7/14/2024,3:00,0
7/14/2024,9:00,410.76
7/14/2024,15:00,937.42
7/14/2024,21:00,58.3
7/15/2024,3:00,0
7/15/2024,9:00,393.1
7/15/2024,15:00,899.7
7/15/2024,21:00,57.46
7/16/2024,3:00,0
7/16/2024,9:00,411.72
7/16/2024,15:00,941.92
7/16/2024,21:00,57.5
7/17/2024,3:00,0
7/17/2024,9:00,393.64
7/17/2024,15:00,915.32
7/17/2024,21:00,57.92
7/18/2024,3:00,0
7/18/2024,9:00,398.42
7/18/2024,15:00,828.66
7/18/2024,21:00,51.04
7/19/2024,3:00,0
7/19/2024,9:00,397.5
7/19/2024,15:00,921.58
7/19/2024,21:00,55.04
7/20/2024,3:00,0
7/20/2024,9:00,398.56
7/20/2024,15:00,916.4
7/20/2024,21:00,47.58
7/21/2024,3:00,0
7/21/2024,9:00,377.12
7/21/2024,15:00,920.12
7/21/2024,21:00,53.84
7/22/2024,3:00,0
7/22/2024,9:00,399.52
7/22/2024,15:00,934.8
7/22/2024,21:00,53.38
7/23/2024,3:00,0
7/23/2024,9:00,385.5
7/23/2024,15:00,909.6
7/23/2024,21:00,50.82
7/24/2024,3:00,0
7/24/2024,9:00,384.16
7/24/2024,15:00,910.56
7/24/2024,21:00,49.64
7/25/2024,3:00,0
7/25/2024,9:00,384.68
7/25/2024,15:00,908.76
7/25/2024,21:00,49.38
7/26/2024,3:00,0
7/26/2024,9:00,376.38
7/26/2024,15:00,899.94
7/26/2024,21:00,18.64
7/27/2024,3:00,0
7/27/2024,9:00,367.96
7/27/2024,15:00,894.54
7/27/2024,21:00,46.2
7/28/2024,3:00,0
7/28/2024,9:00,370.58
7/28/2024,15:00,895.52
7/28/2024,21:00,33.7
7/29/2024,3:00,0
7/29/2024,9:00,289.56
7/29/2024,15:00,703.92
7/29/2024,21:00,11.72
7/30/2024,3:00,0
7/30/2024,9:00,147.04
7/30/2024,15:00,899.26
7/30/2024,21:00,43.12
7/31/2024,3:00,0
7/31/2024,9:00,373.56
7/31/2024,15:00,907.8
7/31/2024,21:00,43.32
8/1/2024,3:00,0
8/1/2024,9:00,375.6
8/1/2024,15:00,912.7
8/1/2024,21:00,42.8
8/2/2024,3:00,0
8/2/2024,9:00,364.58
8/2/2024,15:00,888.02
8/2/2024,21:00,39.92
8/3/2024,3:00,0
8/3/2024,9:00,359.8
8/3/2024,15:00,891.02
8/3/2024,21:00,38.9
8/4/2024,3:00,0
8/4/2024,9:00,352.32
8/4/2024,15:00,879
8/4/2024,21:00,37.46
8/5/2024,3:00,0
8/5/2024,9:00,355.4
8/5/2024,15:00,889.54
8/5/2024,21:00,37.1
8/6/2024,3:00,0
8/6/2024,9:00,358.86
8/6/2024,15:00,895.02
8/6/2024,21:00,36.28
8/7/2024,3:00,0
8/7/2024,9:00,354
8/7/2024,15:00,893.14
8/7/2024,21:00,34.8
8/8/2024,3:00,0
8/8/2024,9:00,348.5
8/8/2024,15:00,882.2
8/8/2024,21:00,33.54
8/9/2024,3:00,0
8/9/2024,9:00,345.02
8/9/2024,15:00,873.94
8/9/2024,21:00,31.86
8/10/2024,3:00,0
8/10/2024,9:00,342.12
8/10/2024,15:00,879.86
8/10/2024,21:00,31.02
8/11/2024,3:00,0
8/11/2024,9:00,338
8/11/2024,15:00,870.68
8/11/2024,21:00,29.68
8/12/2024,3:00,0
8/12/2024,9:00,339.46
8/12/2024,15:00,867.46
8/12/2024,21:00,28.02
8/13/2024,3:00,0
8/13/2024,9:00,304
8/13/2024,15:00,618.86
8/13/2024,21:00,23.64
8/14/2024,3:00,0
8/14/2024,9:00,330.88
8/14/2024,15:00,854.24
8/14/2024,21:00,25.42
8/15/2024,3:00,0
8/15/2024,9:00,339.56
8/15/2024,15:00,884
8/15/2024,21:00,25.3
8/16/2024,3:00,0
8/16/2024,9:00,331.68
8/16/2024,15:00,874.32
8/16/2024,21:00,24.26
8/17/2024,3:00,0
8/17/2024,9:00,301.28
8/17/2024,15:00,851.48
8/17/2024,21:00,17.3
8/18/2024,3:00,0
8/18/2024,9:00,316.06
8/18/2024,15:00,838.04
8/18/2024,21:00,20.64
8/19/2024,3:00,0
8/19/2024,9:00,319.96
8/19/2024,15:00,847.36
8/19/2024,21:00,19.6
8/20/2024,3:00,0
8/20/2024,9:00,319
8/20/2024,15:00,844.2
8/20/2024,21:00,18.36
8/21/2024,3:00,0
8/21/2024,9:00,309.58
8/21/2024,15:00,831.6
8/21/2024,21:00,17.5
8/22/2024,3:00,0
8/22/2024,9:00,287.28
8/22/2024,15:00,828
8/22/2024,21:00,16.62
8/23/2024,3:00,0
8/23/2024,9:00,308.54
8/23/2024,15:00,828.68
8/23/2024,21:00,13.34
8/24/2024,3:00,0
8/24/2024,9:00,301.44
8/24/2024,15:00,826.3
8/24/2024,21:00,14.48
8/25/2024,3:00,0
8/25/2024,9:00,299.94
8/25/2024,15:00,820.58
8/25/2024,21:00,13.44
8/26/2024,3:00,0
8/26/2024,9:00,287.86
8/26/2024,15:00,808.24
8/26/2024,21:00,12.56
8/27/2024,3:00,0
8/27/2024,9:00,294.9
8/27/2024,15:00,790.44
8/27/2024,21:00,12.14
8/28/2024,3:00,0
8/28/2024,9:00,293.22
8/28/2024,15:00,809.408
8/28/2024,21:00,10.84
8/29/2024,3:00,0
8/29/2024,9:00,115.36
8/29/2024,15:00,724.048
8/29/2024,21:00,9.408
8/30/2024,3:00,0
8/30/2024,9:00,259.7
8/30/2024,15:00,747.344
8/30/2024,21:00,2.112
8/31/2024,3:00,0
8/31/2024,9:00,251.56
8/31/2024,15:00,387.04
8/31/2024,21:00,7.488
9/1/2024,3:00,0
9/1/2024,9:00,178.52
9/1/2024,15:00,711.888
9/1/2024,21:00,7.136
9/2/2024,3:00,0
9/2/2024,9:00,266.16
9/2/2024,15:00,782.56
9/2/2024,21:00,7.1
9/3/2024,3:00,0
9/3/2024,9:00,275.48
9/3/2024,15:00,787.24
9/3/2024,21:00,5.88
9/4/2024,3:00,0
9/4/2024,9:00,269.7
9/4/2024,15:00,645.38
9/4/2024,21:00,5.88
9/5/2024,3:00,0
9/5/2024,9:00,214.6
9/5/2024,15:00,742.34
9/5/2024,21:00,2.54
9/6/2024,3:00,0
9/6/2024,9:00,238.6
9/6/2024,15:00,748.92
9/6/2024,21:00,5.12
9/7/2024,3:00,0
9/7/2024,9:00,277.808
9/7/2024,15:00,790.5
9/7/2024,21:00,3.96
9/8/2024,3:00,0
9/8/2024,9:00,263.2
9/8/2024,15:00,772.3
9/8/2024,21:00,3.96
9/9/2024,3:00,0
9/9/2024,9:00,269.568
9/9/2024,15:00,783.92
9/9/2024,21:00,3.52
9/10/2024,3:00,0
9/10/2024,9:00,264
9/10/2024,15:00,772.304
9/10/2024,21:00,2.98
9/11/2024,3:00,0
9/11/2024,9:00,258.288
9/11/2024,15:00,695.74
9/11/2024,21:00,2.52
9/12/2024,3:00,0
9/12/2024,9:00,238.04
9/12/2024,15:00,742.58
9/12/2024,21:00,2.14
9/13/2024,3:00,0
9/13/2024,9:00,255.28
9/13/2024,15:00,773.48
9/13/2024,21:00,1.98
9/14/2024,3:00,0
9/14/2024,9:00,254.272
9/14/2024,15:00,757.04
9/14/2024,21:00,1.62
9/15/2024,3:00,0
9/15/2024,9:00,253.52
9/15/2024,15:00,762.86
9/15/2024,21:00,1.34
9/16/2024,3:00,0
9/16/2024,9:00,258.6
9/16/2024,15:00,757.38
9/16/2024,21:00,1.08
9/17/2024,3:00,0
9/17/2024,9:00,241.88
9/17/2024,15:00,744.78
9/17/2024,21:00,0.84
9/18/2024,3:00,0
9/18/2024,9:00,190.64
9/18/2024,15:00,719.82
9/18/2024,21:00,0.62
9/19/2024,3:00,0
9/19/2024,9:00,195.82
9/19/2024,15:00,675.38
9/19/2024,21:00,0.48
9/20/2024,3:00,0
9/20/2024,9:00,185.82
9/20/2024,15:00,579.72
9/20/2024,21:00,0.32
9/21/2024,3:00,0
9/21/2024,9:00,12
9/21/2024,15:00,314.84
9/21/2024,21:00,0.04
9/22/2024,3:00,0
9/22/2024,9:00,203.98
9/22/2024,15:00,678.84
9/22/2024,21:00,0.14
9/23/2024,3:00,0
9/23/2024,9:00,221.62
9/23/2024,15:00,703.86
9/23/2024,21:00,0.08
9/24/2024,3:00,0
9/24/2024,9:00,125.48
9/24/2024,15:00,482.42
9/24/2024,21:00,0.02
9/25/2024,3:00,0
9/25/2024,9:00,44.96
9/25/2024,15:00,225.14
9/25/2024,21:00,0.02
9/26/2024,3:00,0
9/26/2024,9:00,175.16
9/26/2024,15:00,287.18
9/26/2024,21:00,0
9/27/2024,3:00,0
9/27/2024,9:00,214.88
9/27/2024,15:00,689.94
9/27/2024,21:00,0
9/28/2024,3:00,0
9/28/2024,9:00,215.5
9/28/2024,15:00,696.64
9/28/2024,21:00,0
9/29/2024,3:00,0
9/29/2024,9:00,203.98
9/29/2024,15:00,673.42
9/29/2024,21:00,0
9/30/2024,3:00,0
9/30/2024,9:00,203.1
9/30/2024,15:00,665.24
9/30/2024,21:00,0
10/1/2024,3:00,0
10/1/2024,9:00,118.88
10/1/2024,15:00,651.72
10/1/2024,21:00,0
10/2/2024,3:00,0
10/2/2024,9:00,161.38
10/2/2024,15:00,459.86
10/2/2024,21:00,0
10/3/2024,3:00,0
10/3/2024,9:00,189.54
10/3/2024,15:00,640.28
10/3/2024,21:00,0
10/4/2024,3:00,0
10/4/2024,9:00,171.52
10/4/2024,15:00,491.68
10/4/2024,21:00,0
10/5/2024,3:00,0
10/5/2024,9:00,174.12
10/5/2024,15:00,583.08
10/5/2024,21:00,0
10/6/2024,3:00,0
10/6/2024,9:00,123.74
10/6/2024,15:00,239.62
10/6/2024,21:00,0
10/7/2024,3:00,0
10/7/2024,9:00,128.5
10/7/2024,15:00,116.56
10/7/2024,21:00,0
10/8/2024,3:00,0
10/8/2024,9:00,51.64
10/8/2024,15:00,502.02
10/8/2024,21:00,0
10/9/2024,3:00,0
10/9/2024,9:00,18.66
10/9/2024,15:00,39.82
10/9/2024,21:00,0
10/10/2024,3:00,0
10/10/2024,9:00,164.54
10/10/2024,15:00,616.74
10/10/2024,21:00,0
10/11/2024,3:00,0
10/11/2024,9:00,146.06
10/11/2024,15:00,387.58
10/11/2024,21:00,0
10/12/2024,3:00,0
10/12/2024,9:00,75.28
10/12/2024,15:00,273.74
10/12/2024,21:00,0
10/13/2024,3:00,0
10/13/2024,9:00,155.38
10/13/2024,15:00,368.54
10/13/2024,21:00,0
10/14/2024,3:00,0
10/14/2024,9:00,111.06
10/14/2024,15:00,160.1
10/14/2024,21:00,0
10/15/2024,3:00,0
10/15/2024,9:00,92.96
10/15/2024,15:00,271.06
10/15/2024,21:00,0
10/16/2024,3:00,0
10/16/2024,9:00,12.12
10/16/2024,15:00,214.28
10/16/2024,21:00,0
10/17/2024,3:00,0
10/17/2024,9:00,24.66
10/17/2024,15:00,323.68
10/17/2024,21:00,0
10/18/2024,3:00,0
10/18/2024,9:00,151.54
10/18/2024,15:00,571.02
10/18/2024,21:00,0
10/19/2024,3:00,0
10/19/2024,9:00,121.68
10/19/2024,15:00,405.14
10/19/2024,21:00,0
10/20/2024,3:00,0
10/20/2024,9:00,107.38
10/20/2024,15:00,406.44
10/20/2024,21:00,0
10/21/2024,3:00,0
10/21/2024,9:00,127.42
10/21/2024,21:00,0
10/22/2024,3:00,0
10/22/2024,9:00,127.76
10/22/2024,15:00,527.56
10/22/2024,21:00,0
10/23/2024,3:00,0
10/23/2024,9:00,129.24
10/23/2024,15:00,116.62
10/23/2024,21:00,0
10/24/2024,3:00,0
10/24/2024,9:00,27.38
10/24/2024,15:00,524.12
10/24/2024,21:00,0
10/25/2024,3:00,0
10/25/2024,9:00,97.8
10/25/2024,15:00,173.86
10/25/2024,21:00,0
10/26/2024,3:00,0
10/26/2024,9:00,122.94
10/26/2024,15:00,435.24
10/26/2024,21:00,0
10/27/2024,3:00,0
10/27/2024,9:00,123.42
10/27/2024,15:00,381.06
10/27/2024,21:00,0
10/28/2024,3:00,0
10/28/2024,9:00,118.76
10/28/2024,15:00,464.7
10/28/2024,21:00,0
10/29/2024,3:00,0
10/29/2024,9:00,73.88
10/29/2024,15:00,175.96
10/29/2024,21:00,0
10/30/2024,3:00,0
10/30/2024,9:00,97.1
10/30/2024,15:00,475.02
10/30/2024,21:00,0
10/31/2024,3:00,0
10/31/2024,9:00,105.4
10/31/2024,15:00,478.14
10/31/2024,21:00,0
11/1/2024,3:00,0
11/1/2024,9:00,63.98
11/1/2024,15:00,476.14
11/1/2024,21:00,0
11/2/2024,3:00,0
11/2/2024,9:00,64.14
11/2/2024,15:00,402.28
11/2/2024,21:00,0
11/3/2024,3:00,0
11/3/2024,9:00,101.96
11/3/2024,15:00,402.92
11/3/2024,21:00,0
11/4/2024,3:00,0
11/4/2024,9:00,77.86
11/4/2024,15:00,426.72
11/4/2024,21:00,0
11/5/2024,3:00,0
11/5/2024,9:00,76.82
11/5/2024,15:00,394.1
11/5/2024,21:00,0
11/6/2024,3:00,0
11/6/2024,9:00,95.34
11/6/2024,21:00,0
11/7/2024,3:00,0
11/7/2024,9:00,92.96
11/7/2024,15:00,459.02
11/7/2024,21:00,0
11/8/2024,3:00,0
11/8/2024,9:00,72.36
11/8/2024,15:00,237.18
11/8/2024,21:00,0
11/9/2024,3:00,0
11/9/2024,9:00,68.18
11/9/2024,15:00,436.84
11/9/2024,21:00,0
11/10/2024,3:00,0
11/10/2024,9:00,75.74
11/10/2024,15:00,390.74
11/10/2024,21:00,0
11/11/2024,3:00,0
11/11/2024,9:00,84.28
11/11/2024,15:00,441.9
11/11/2024,21:00,0
11/12/2024,3:00,0
11/12/2024,9:00,85.46
11/12/2024,15:00,346.56
11/12/2024,21:00,0
11/13/2024,3:00,0
11/13/2024,9:00,32.9
11/13/2024,15:00,59.52
11/13/2024,21:00,0
11/14/2024,3:00,0
11/14/2024,9:00,66.06
11/14/2024,15:00,114.12
11/14/2024,21:00,0
11/15/2024,3:00,0
11/15/2024,9:00,15.4
11/15/2024,15:00,95
11/15/2024,21:00,0
11/16/2024,3:00,0
11/16/2024,9:00,43.52
11/16/2024,15:00,351.34
11/16/2024,21:00,0
11/17/2024,3:00,0
11/17/2024,9:00,58.5
11/17/2024,15:00,407.74
11/17/2024,21:00,0
11/18/2024,3:00,0
11/18/2024,9:00,69.54
11/18/2024,15:00,410.54
11/18/2024,21:00,0
11/19/2024,3:00,0
11/19/2024,9:00,67.5
11/19/2024,15:00,410.42
11/19/2024,21:00,0
11/20/2024,3:00,0
11/20/2024,9:00,67.02
11/20/2024,15:00,406.7
11/20/2024,21:00,0
11/21/2024,3:00,0
11/21/2024,9:00,44.04
11/21/2024,15:00,372.34
11/21/2024,21:00,0
11/22/2024,3:00,0
11/22/2024,9:00,4.44
11/22/2024,15:00,388.04
11/22/2024,21:00,0
11/23/2024,3:00,0
11/23/2024,9:00,51.96
11/23/2024,15:00,260.2
11/23/2024,21:00,0
11/24/2024,3:00,0
11/24/2024,9:00,54.24
11/24/2024,15:00,283.8
11/24/2024,21:00,0
11/25/2024,3:00,0
11/25/2024,9:00,42.32
11/25/2024,15:00,340.32
11/25/2024,21:00,0
11/26/2024,3:00,0
11/26/2024,9:00,29.32
11/26/2024,15:00,251.8
11/26/2024,21:00,0
11/27/2024,3:00,0
11/27/2024,9:00,55.88
11/27/2024,15:00,377.58
11/27/2024,21:00,0
11/28/2024,3:00,0
11/28/2024,9:00,57.28
11/28/2024,15:00,400.28
11/28/2024,21:00,0
11/29/2024,3:00,0
11/29/2024,9:00,41.54
11/29/2024,15:00,339.28
11/29/2024,21:00,0
11/30/2024,3:00,0
11/30/2024,9:00,49.98
11/30/2024,15:00,378.38
11/30/2024,21:00,0
12/1/2024,3:00,0
12/1/2024,9:00,30
12/1/2024,15:00,191.6
12/1/2024,21:00,0
12/2/2024,3:00,0
12/2/2024,9:00,32.62
12/2/2024,15:00,298.22
12/2/2024,21:00,0
12/3/2024,3:00,0
12/3/2024,9:00,45.8
12/3/2024,15:00,327.52
12/3/2024,21:00,0
12/4/2024,3:00,0
12/4/2024,9:00,12.1
12/4/2024,15:00,383.04
12/4/2024,21:00,0
12/5/2024,3:00,0
12/5/2024,9:00,37.72
12/5/2024,15:00,358.34
12/5/2024,21:00,0
12/6/2024,3:00,0
12/6/2024,9:00,39.5
12/6/2024,15:00,362.56
12/6/2024,21:00,0
12/7/2024,3:00,0
12/7/2024,9:00,36.94
12/7/2024,15:00,378.04
12/7/2024,21:00,0
12/8/2024,3:00,0
12/8/2024,9:00,44.04
12/8/2024,15:00,368.28
12/8/2024,21:00,0
12/9/2024,3:00,0
12/9/2024,9:00,33.04
12/9/2024,15:00,374.82
12/9/2024,21:00,0
12/10/2024,3:00,0
12/10/2024,9:00,41.1
12/10/2024,15:00,376.82
12/10/2024,21:00,0
12/11/2024,3:00,0
12/11/2024,9:00,17.32
12/11/2024,15:00,292.4
12/11/2024,21:00,0
12/12/2024,3:00,0
12/12/2024,9:00,38.88
12/12/2024,15:00,374.76
12/12/2024,21:00,0
12/13/2024,3:00,0
12/13/2024,9:00,5.68
12/13/2024,15:00,368
12/13/2024,21:00,0
12/14/2024,3:00,0
12/14/2024,9:00,28.58
12/14/2024,15:00,322.68
12/14/2024,21:00,0
12/15/2024,3:00,0
12/15/2024,9:00,38.2
12/15/2024,15:00,376.72
12/15/2024,21:00,0
12/16/2024,3:00,0
12/16/2024,9:00,32.46
12/16/2024,15:00,385.82
12/16/2024,21:00,0
12/17/2024,3:00,0
12/17/2024,9:00,26.02
12/17/2024,15:00,357.46
12/17/2024,21:00,0
12/18/2024,3:00,0
12/18/2024,9:00,34.22
12/18/2024,15:00,271.26
12/18/2024,21:00,0
12/19/2024,3:00,0
12/19/2024,9:00,10.5
12/19/2024,15:00,309.7
12/19/2024,21:00,0
12/20/2024,3:00,0
12/20/2024,9:00,35.02
12/20/2024,15:00,383.7
12/20/2024,21:00,0
12/21/2024,3:00,0
12/21/2024,9:00,34.52
12/21/2024,15:00,376.84
12/21/2024,21:00,0
12/22/2024,3:00,0
12/22/2024,9:00,33.36
12/22/2024,15:00,379.32
12/22/2024,21:00,0
12/23/2024,3:00,0
12/23/2024,9:00,32.3
12/23/2024,15:00,378.04
12/23/2024,21:00,0
12/24/2024,3:00,0
12/24/2024,9:00,31.48
12/24/2024,15:00,368.84
12/24/2024,21:00,0
12/25/2024,3:00,0
12/25/2024,9:00,31.54
12/25/2024,15:00,375.68
12/25/2024,21:00,0
12/26/2024,3:00,0
12/26/2024,9:00,31.04
12/26/2024,15:00,375.52
12/26/2024,21:00,0
12/27/2024,3:00,0
12/27/2024,9:00,30.34
12/27/2024,15:00,380.5
12/27/2024,21:00,0
12/28/2024,3:00,0
12/28/2024,9:00,31.78
12/28/2024,15:00,389.32
12/28/2024,21:00,0
12/29/2024,3:00,0
12/29/2024,9:00,31.52
12/29/2024,15:00,390.2
12/29/2024,21:00,0
12/30/2024,3:00,0
12/30/2024,9:00,30.98
12/30/2024,15:00,389.6
12/30/2024,21:00,0
12/31/2024,3:00,0
12/31/2024,9:00,30.8
12/31/2024,15:00,390.74
12/31/2024,21:00,0
