datetime_utc,RMSE_MW,MAE_MW,MAPE_percent,nMAE_mean,mean_true_MW
2024-01-01,1016.2188190491281,916.7942731855436,24.20499742272636,0.24538092931296104,3736.2083333333335
2024-01-02,733.0511024795343,568.867846912394,17.70991276702388,0.1761905344199678,3228.7083333333335
2024-01-03,1331.6460684323192,1138.9141111141073,36.4416132586819,0.3030773346727362,3757.833333333332
2024-01-04,1052.1978640395291,943.5525739329565,20.980041880928113,0.19790311441142122,4767.749999999999
2024-01-05,674.0995699609234,608.5731783416126,19.19418498250127,0.18080906506386837,3365.8333333333326
2024-01-06,359.59894764196804,294.8011603485793,9.620416425516504,0.08984302226269728,3281.2916666666656
2024-01-07,396.8237718464154,325.8743333850676,9.381240030589154,0.09032515272585748,3607.7916666666656
2024-01-08,688.1345673076511,567.6319031237314,8.318624002194275,0.07173636258595242,7912.75
2024-01-09,1002.6642886738854,780.5846779247128,6.0668741019192085,0.05916190789647227,13194.041666666666
2024-01-10,1154.7836661404494,942.6696266482278,9.149901108139435,0.0833630727418522,11308.0
2024-01-11,1152.1724548745033,959.6784593487782,9.89565749028921,0.09699069361492617,9894.541666666666
2024-01-12,655.3237589360796,524.500101019939,6.069963193748404,0.05725697141747988,9160.458333333334
2024-01-13,1548.859364169097,1441.3196184113629,27.624904366994187,0.25839941163130464,5577.875
2024-01-14,621.0033902944185,521.7208031260724,14.223642874472667,0.13012927679639416,4009.2499999999986
2024-01-15,991.075764869804,854.1380179064962,14.388434586776597,0.14912495217785682,5727.666666666667
2024-01-16,1091.450609006346,924.8201775805404,22.828823357628426,0.21144385414070727,4373.833333333332
2024-01-17,974.835753374963,856.9568533611802,35.91811039510313,0.33805559710966643,2534.9583333333326
2024-01-18,1443.901573313734,1187.5719591227055,33.818789710679745,0.29052859761650773,4087.6249999999986
2024-01-19,853.8857771509173,734.2782026380305,19.632196581978825,0.18510243011260202,3966.8749999999995
2024-01-20,564.2429827632866,440.5272064929207,12.474345118650538,0.10074278400918817,4372.791666666666
2024-01-21,583.2183943672882,463.98990252334585,11.470916494026206,0.11144115744694236,4163.541666666665
2024-01-22,464.30976967979007,406.1821235747389,10.46910656443974,0.08901808934030954,4562.916666666667
2024-01-23,409.61236781482864,321.74024200315284,5.526143634035582,0.0497222488820354,6470.75
2024-01-24,939.9650808754191,845.781862251461,14.81275967508643,0.14040106442010442,6024.041666666667
2024-01-25,926.255020247354,859.838610022019,13.560690981401931,0.13085271004335935,6571.041666666667
2024-01-26,737.81963986649,634.0874043852097,11.930822390017752,0.11489952737689371,5518.625
2024-01-27,798.0782823185455,713.0292975890144,17.549829835102816,0.16870776207275032,4226.416666666667
2024-01-28,776.6544110134488,564.4492175014071,14.748026854031554,0.15117656950089317,3733.7083333333326
2024-01-29,454.7033526471589,376.1223825930304,7.1219884302536745,0.06682363220932563,5628.583333333333
2024-01-30,827.7961209298373,745.8557078291982,11.403647695681336,0.11441552032032051,6518.833333333333
2024-01-31,512.7217680547362,407.711903670182,6.3919417930181925,0.06080563301076925,6705.166666666667
2024-02-01,482.72176841700065,367.44463706016563,6.716181983237572,0.07043835944753832,5216.541666666666
2024-02-02,658.6905738150566,534.7482283183691,12.859781242149937,0.1253842675794683,4264.874999999999
2024-02-03,958.2855393190855,793.723736039674,19.931852425814633,0.19388474071814993,4093.7916666666656
2024-02-04,770.60200388845,646.9015898046399,13.504659120562449,0.12889374405135537,5018.874999999999
2024-02-05,841.3290562540701,722.863717358559,10.333534783797532,0.09939629779948496,7272.541666666667
2024-02-06,1123.1582311911,1057.140983061245,22.908564003285612,0.21793912801820506,4850.624999999999
2024-02-07,371.78246391239225,299.0145438114803,8.793079750905838,0.07863458010550173,3802.583333333332
2024-02-08,667.9033368081392,586.7835179856042,16.442242616844638,0.15588842502034764,3764.1249999999986
2024-02-09,754.0381146763291,651.92871453582,19.554201898494476,0.1817877417478625,3586.2083333333326
2024-02-10,569.0196718513699,543.7695083534355,25.98043638961584,0.25316627275808395,2147.8749999999986
2024-02-11,751.7897455740382,649.2078382726759,23.54520760733946,0.21300343290314488,3047.8749999999986
2024-02-12,728.24121921912,655.0736884782094,20.03858154564373,0.1888568779528928,3468.6249999999986
2024-02-13,1196.354354611931,1003.1832995663094,21.867323701768086,0.20886235564462702,4803.083333333332
2024-02-14,578.9715955814474,518.7931434176872,11.38454700867464,0.11155142531466768,4650.708333333332
2024-02-15,512.7117672424672,421.7904757242655,10.551414904203634,0.09827364296970921,4291.999999999999
2024-02-16,449.4422092120909,354.18616562523,7.8552546908539895,0.08035228256996944,4407.916666666665
2024-02-17,1019.6936710209385,707.7849712992712,17.942416918796656,0.1854296492307681,3816.9999999999986
2024-02-18,555.0848009125376,439.57833380810933,10.896242636513742,0.10943064309405222,4016.958333333332
2024-02-19,527.5073847640695,447.1053115654113,10.657459304437804,0.09854284497671863,4537.166666666665
2024-02-20,885.8955718997116,759.9446955503284,16.374279166833166,0.1491269444709356,5095.958333333332
2024-02-21,641.9374990557105,557.9895844465744,13.12523110852534,0.12615160729200564,4423.166666666665
2024-02-22,216.99475374369587,182.66729546679835,6.748195933203625,0.06385572922104181,2860.6249999999986
2024-02-23,592.1682025527181,447.24837076167336,19.305962999022842,0.17803587424337466,2512.1249999999995
2024-02-24,311.71233654912464,236.65136890920508,8.671267108658238,0.08581709580649581,2757.6249999999995
2024-02-25,308.8180327160873,274.93714793802565,10.17056636718294,0.10244355076080129,2683.791666666666
2024-02-26,498.4296643726222,423.8171627127253,13.618428822691076,0.14055594264971696,3015.2916666666656
2024-02-27,547.0317745804183,447.76017558885155,16.533183841467782,0.15598229469023234,2870.583333333332
2024-02-28,519.185490853822,438.46523770752066,13.390413447235568,0.12179730902044426,3599.958333333332
2024-02-29,589.533383266769,453.31529547165474,15.990957863783281,0.16573589493848725,2735.1666666666656
2024-03-01,473.9038899453123,374.3010766521723,16.38752550068315,0.15314840233862242,2444.041666666666
2024-03-02,365.2807607502485,344.0414046862481,15.284401443095952,0.15048833033568268,2286.166666666666
2024-03-03,434.4043424214091,373.8493283729385,16.224255249241757,0.15554371883394838,2403.499999999999
2024-03-04,468.6328795575466,329.9852615244068,10.659772496925301,0.12052788509303429,2737.833333333332
2024-03-05,979.9991616446879,889.9934844371555,26.22670220318059,0.212719903014415,4183.875
2024-03-06,839.6662679733921,720.7057289189344,18.293020511722546,0.174806592182428,4122.874999999999
2024-03-07,475.1683456273216,408.9504721461174,16.126717624786604,0.15490059227595732,2640.0833333333326
2024-03-08,546.1422077275525,440.8974982400744,23.077422308363747,0.20689699579219978,2130.9999999999986
2024-03-09,491.54665198590965,417.9212737170363,18.59726711733484,0.17799347952897077,2347.9583333333326
2024-03-10,193.8788722234242,158.42682896150862,5.92116212886914,0.059743316525656696,2651.7916666666656
2024-03-11,1291.8074514445323,939.2436388645632,21.98412526912609,0.2502675370179426,3752.958333333332
2024-03-12,1476.6137916251084,1119.0915235752857,20.745793239458852,0.21951220687953454,5098.083333333332
2024-03-13,1770.8526589624466,1518.902794048655,27.39357006006795,0.28060276995530253,5412.999999999999
2024-03-14,1145.078492651288,1030.8248234639561,23.920416507403285,0.23163735213639608,4450.166666666667
2024-03-15,905.269108261039,689.2662340309467,14.184368559357496,0.15695462458704135,4391.5
2024-03-16,920.9200811291018,788.031168561428,20.541404775353868,0.1903476085800575,4139.958333333332
2024-03-17,633.7535604708007,543.1673418249308,13.414317258529223,0.1253330532423527,4333.791666666666
2024-03-18,1816.5878990767656,1581.3330221443123,26.271597170732313,0.2725907512545793,5801.125
2024-03-19,1460.5991427241088,1266.4176132331293,22.045266975599645,0.21778462820556227,5815.0
2024-03-20,1105.766605998435,1038.2388540599493,23.156946834199257,0.22272037193837532,4661.625
2024-03-21,764.0746900902319,643.0509779032624,17.512719027768927,0.16516897083353038,3893.2916666666656
2024-03-22,830.04771072787,661.5612801524495,15.494406346578216,0.17392153355187995,3803.7916666666665
2024-03-23,303.6002024074555,251.49038046505356,10.638654719189116,0.0971474187804563,2588.749999999999
2024-03-24,341.49456606119173,279.2785971506193,9.532935450853959,0.09555745162484476,2922.6249999999995
2024-03-25,983.7491462326716,678.3494159411636,15.564085489101833,0.1807606197482921,3752.7499999999986
2024-03-26,708.0231538011674,561.7461143011849,17.602251347635622,0.18726170898998767,2999.7916666666656
2024-03-27,495.69919602486107,379.67240141270094,18.23685425380288,0.16487782053971267,2302.7499999999986
2024-03-28,587.2286713337066,528.4001322280004,27.16650013714426,0.2556156407187221,2067.1666666666656
2024-03-29,365.878861869229,308.3235738649967,12.447663225239756,0.1126141893813204,2737.8749999999995
2024-03-30,438.35118018728224,364.6983603611584,11.65770904738694,0.12212756764761255,2986.208333333332
2024-03-31,659.4388117782827,591.88498012349,23.926182017848166,0.22353207001839523,2647.8749999999986
2024-04-01,686.7722092151687,554.2861554513996,22.66574968624783,0.2121635655849455,2612.541666666666
2024-04-02,673.4949491560085,556.5763804440697,18.534178685825527,0.1748911090426601,3182.4166666666656
2024-04-03,785.8035955034637,646.8265510350465,19.056439813108202,0.19517510146290978,3314.083333333332
2024-04-04,619.171933041592,443.7011729902585,11.978742108297169,0.13418551328199388,3306.625
2024-04-05,461.0775081136736,392.2726540633794,17.494107773272653,0.15783238099101632,2485.374999999999
2024-04-06,636.4924434338492,560.6543501066053,27.600116436829225,0.24424062289800258,2295.499999999999
2024-04-07,306.7569276334368,227.63695880025634,8.509555521534118,0.08033654891960998,2833.541666666666
2024-04-08,542.998432328411,421.7157955619814,13.285165645658658,0.14443352251189656,2919.791666666666
2024-04-09,769.4933864578869,702.4290223311014,25.40404884688643,0.21691624245014604,3238.2499999999986
2024-04-10,729.657168663562,580.0000700447705,15.412433453292277,0.15617639041093082,3713.7499999999986
2024-04-11,532.6968501281585,438.1030671227097,14.007477417803415,0.12543212855122118,3492.7499999999986
2024-04-12,814.7953396934406,686.1937563605601,18.608325260250368,0.1770955894357979,3874.708333333332
2024-04-13,520.1924676643258,456.5471468549224,15.346466768166097,0.14366052000197047,3177.958333333332
2024-04-14,558.0207790955758,453.24875987119395,16.350811798272172,0.16006430596037544,2831.666666666666
2024-04-15,460.4445699656048,373.1915593850428,13.248791818668554,0.12386388358827684,3012.9166666666656
2024-04-16,357.2782749305511,285.2547750876597,9.647080251943766,0.09107024503043802,3132.25
2024-04-17,430.9671106047383,330.4700874125901,12.200158422085183,0.11673950684575238,2830.8333333333326
2024-04-18,658.5534308784688,581.285989605512,24.346113908992127,0.23149581416727052,2510.9999999999995
2024-04-19,574.0508074330612,492.00353518780366,20.39689492120304,0.17016002594494412,2891.4166666666656
2024-04-20,660.9232256242682,585.8884430965417,26.530702107285897,0.2517378775851782,2327.374999999999
2024-04-21,539.3199813142862,457.78859861490054,19.93241160662959,0.17881494006585058,2560.1249999999995
2024-04-22,957.3515103301017,791.7594319765154,37.824039819481264,0.3248743628872715,2437.1249999999986
2024-04-23,1118.9737821002348,1015.8178129638554,42.09460900551229,0.40395054929229246,2514.7083333333326
2024-04-24,997.9300470243312,940.3256071511041,36.84419028467651,0.2972969907059857,3162.916666666666
2024-04-25,664.9162974418098,523.3599059438957,14.674195604797289,0.127481632205685,4105.374999999999
2024-04-26,954.080944735104,795.1255291122939,16.84000592415916,0.1796690834781663,4425.499999999999
2024-04-27,549.0914628179329,419.4582093761616,14.707040060789462,0.13468635638707335,3114.333333333332
2024-04-28,618.4756024407022,543.3690151261789,14.250842718753134,0.13750375748342689,3951.6666666666656
2024-04-29,683.1170503645454,592.5485658521451,10.952100723114881,0.10942640929067374,5415.041666666666
2024-04-30,660.9471963657279,569.7703039133921,14.305600994889032,0.14150949769256035,4026.3749999999995
2024-05-01,867.9350180015091,766.2992925789832,28.320564727838725,0.269942507198253,2838.75
2024-05-02,654.1493861951599,520.8315903299184,15.674847052355787,0.15905480619553283,3274.541666666666
2024-05-03,645.3297630164277,557.9715635897599,16.378531506976277,0.16873927397719912,3306.708333333332
2024-05-04,561.3550918865825,466.1328266129522,16.86069448970519,0.1579464320394209,2951.208333333332
2024-05-05,471.5223938400139,394.0746279728285,12.276167600089076,0.11670234037347342,3376.7499999999986
2024-05-06,929.9230538269321,780.8836076380682,17.086571357656506,0.1743595126726179,4478.583333333333
2024-05-07,1032.921832050397,839.7444345364341,21.354989459459638,0.2028980813853304,4138.749999999999
2024-05-08,758.2779546381906,627.5019045708082,19.164806781390908,0.18250176569703538,3438.333333333332
2024-05-09,743.9056777846449,703.1195168339965,24.554418798945,0.2043036478215024,3441.5416666666656
2024-05-10,500.01699573379295,408.79338277441775,12.477703399703167,0.11652483085845616,3508.208333333332
2024-05-11,689.7329700097588,546.4027496953496,17.50493894761113,0.17592790432608166,3105.833333333332
2024-05-12,997.0175596278694,799.9699155511338,23.423426753192697,0.24224995542702218,3302.2499999999995
2024-05-13,356.88939418039683,253.3068304158127,7.833018882183025,0.07974400451316506,3176.4999999999986
2024-05-14,504.75902382621103,452.56216966252214,16.750662297467763,0.16725684208082003,2705.7916666666656
2024-05-15,338.7692590877629,300.3377710975089,10.603745236564997,0.0971691741012949,3090.8749999999986
2024-05-16,758.5564836136507,583.6460800332325,14.724621705334693,0.14821973352986936,3937.7083333333335
2024-05-17,893.4396645139735,660.9570676314947,14.893512350601416,0.14951524675357702,4420.666666666666
2024-05-18,610.8624223630698,467.5782532341157,14.521998112434042,0.1408987139712124,3318.541666666666
2024-05-19,480.9227229662663,369.975259333383,11.134417146074664,0.1057361684921291,3499.041666666666
2024-05-20,693.0112261445283,545.5525237976887,15.736733466754668,0.15603189655361163,3496.4166666666656
2024-05-21,610.4476587699479,539.0469261758655,15.71642892483045,0.1540684318747545,3498.7499999999986
2024-05-22,579.7284029067335,506.5701318910971,17.33987613271493,0.15660861204451482,3234.6249999999986
2024-05-23,263.4472665131465,220.46007326897234,6.4578115359944785,0.0589038881941736,3742.7083333333326
2024-05-24,438.56286106571235,322.5549127838265,8.190446681865478,0.08007403937741202,4028.208333333332
2024-05-25,602.6505923365042,483.58931887522346,14.785502446720002,0.14109783662734654,3427.3333333333326
2024-05-26,632.8244271945102,491.59547360738105,13.952286901639152,0.13932137550462229,3528.4999999999995
2024-05-27,537.004385640813,470.71023124984185,13.086582994036103,0.13143588261732553,3581.2916666666656
2024-05-28,663.4924556211843,596.9663654168453,18.38279403072143,0.1702132866739435,3507.1666666666656
2024-05-29,731.7665490672917,581.4844539475931,15.428874321435144,0.1384363190927374,4200.374999999999
2024-05-30,643.3772394897467,562.815501260881,16.497529429677886,0.15569431891979305,3614.8749999999986
2024-05-31,501.691681196796,403.55406087248906,13.653034032235666,0.14006619797504125,2881.166666666666
2024-06-01,908.8663443646293,813.2772553392382,35.6382861457455,0.35202362832422235,2310.291666666666
2024-06-02,1205.230204574068,1089.1480421653648,49.724820937966044,0.4995614524601871,2180.2083333333326
2024-06-03,577.1604809237373,506.99019077171926,14.57026763701385,0.13520189089943466,3749.8749999999986
2024-06-04,925.2828790030256,823.4708926795676,21.353648294699532,0.16338438038713313,5040.083333333333
2024-06-05,626.8150863375852,503.50480946060253,9.600962431543747,0.08699428700473408,5787.791666666667
2024-06-06,625.9321784353444,514.7757957763971,10.218430245377439,0.10045549165126598,5124.416666666667
2024-06-07,652.2304873668962,592.9418524587528,12.850200274066328,0.12482219912824948,4750.291666666665
2024-06-08,487.99687060208134,403.0100046790514,10.459715582602003,0.10049498275133882,4010.2499999999995
2024-06-09,296.569746122849,241.87395227110605,7.658670371527708,0.07905346315056672,3059.6249999999986
2024-06-10,287.021469149235,240.01730274036518,6.903840544317511,0.06622765568906636,3624.1249999999986
2024-06-11,401.4349784324904,294.22472105671926,7.141577250563773,0.07002224506599959,4201.874999999999
2024-06-12,543.982517667458,442.7838528988266,10.99641410282366,0.11346037803193207,3902.5416666666665
2024-06-13,802.068932314834,670.6627345451471,19.441126076557712,0.17196112930232763,3900.083333333332
2024-06-14,640.2835625119025,491.2461042520593,16.735916662244424,0.15933167330971224,3083.1666666666656
2024-06-15,886.0349534886554,701.0667985213616,30.277563816081948,0.2759517025222614,2540.5416666666656
2024-06-16,1019.1825575955658,825.8533652958777,34.94546408285308,0.3178906296627377,2597.916666666666
2024-06-17,929.4144378203315,805.6885971743621,31.299358945241558,0.24068966524444405,3347.4166666666656
2024-06-18,643.1837486588728,555.8198789075637,14.836435537646784,0.13713084378106227,4053.208333333332
2024-06-19,631.722926891272,541.4046075707298,12.045784717892333,0.11706151027385868,4624.958333333333
2024-06-20,456.8986103611598,343.883867067595,7.75680848900452,0.07721870872998038,4453.374999999999
2024-06-21,894.9567942824133,741.3821594010419,16.20339261790837,0.17197285866232695,4311.041666666666
2024-06-22,659.919939988646,544.7725480588466,18.342331107674614,0.1778631344344721,3062.8749999999986
2024-06-23,510.38181140823025,408.56062109085434,15.676882792643724,0.14308057525421453,2855.458333333332
2024-06-24,1178.3145257704182,1070.5032726805669,37.916882075485006,0.324998147275039,3293.8749999999986
2024-06-25,364.58080219137105,310.02423080491513,8.07253127364337,0.07091130620631378,4371.999999999999
2024-06-26,814.1827587180669,720.3814818250639,16.40789446942099,0.13844060984488896,5203.541666666667
2024-06-27,571.7528271198923,483.7366264974694,9.609772329256543,0.09234258402312243,5238.499999999999
2024-06-28,649.3743437253939,513.6391470466427,11.233103864988552,0.1123803663535713,4570.541666666666
2024-06-29,506.6995882167162,391.7105259842555,10.110787740847375,0.10217980132786066,3833.5416666666656
2024-06-30,846.9112202226559,688.4262697032351,19.016706662040647,0.18715499901888208,3678.3749999999986
2024-07-01,503.3522703416412,409.6845215735959,11.765181595960302,0.1120887883615615,3654.9999999999986
2024-07-02,599.636005014536,532.664110912942,14.82392716445842,0.1380316431134777,3858.9999999999986
2024-07-03,557.5622684451578,431.7542182660354,11.606738041865794,0.10601699647882593,4072.4999999999986
2024-07-04,772.362546778956,607.9090047197726,19.5219949211566,0.15160613196483608,4009.7916666666656
2024-07-05,1117.950811676899,877.7722839064278,23.92808012224571,0.21220810098074275,4136.374999999999
2024-07-06,857.5279932637786,702.857184549794,30.083063261440717,0.2530538917360001,2777.4999999999995
2024-07-07,1062.4113640196842,849.4411701482417,28.284049507931936,0.2626156214463027,3234.5416666666656
2024-07-08,808.3862363691604,608.2213736816002,18.91391436689155,0.1516525163858371,4010.6249999999986
2024-07-09,861.390181530701,687.7952432154374,22.277204798063586,0.1430981390814108,4806.458333333332
2024-07-10,1322.949977080736,1121.1715865427013,32.643486977615424,0.18606984207892205,6025.541666666667
2024-07-11,1071.0883561699395,887.0457416785263,20.865431582015002,0.1598388614579701,5549.625
2024-07-12,575.9256251492249,467.6735018044712,10.254107512605595,0.09981115870410871,4685.583333333333
2024-07-13,1211.9266059148931,1044.745149275289,42.43901351668234,0.28216972097809917,3702.5416666666656
2024-07-14,965.425152565154,803.0732428623987,32.06730190664868,0.20921311070476484,3838.5416666666656
2024-07-15,689.2260066470191,562.3587664117414,16.438205355905712,0.12396541314645027,4536.416666666665
2024-07-16,1566.6424670357476,1397.3497238544132,38.40110355359489,0.271369563253492,5149.25
2024-07-17,1131.1234378085967,919.1522831084831,22.39110223081863,0.14546425843133828,6318.75
2024-07-18,702.8785930259457,589.2372885358828,7.2106408198507,0.06849439335101505,8602.708333333334
2024-07-19,980.0806161628782,814.8150750187536,11.669222898128346,0.09746688961268993,8359.916666666666
2024-07-20,896.577825569625,734.1067225088681,24.102212755751697,0.18291126040325748,4013.458333333332
2024-07-21,746.3333350688254,635.0004690438508,16.01947470240331,0.16174921729113184,3925.8333333333326
2024-07-22,810.3165351116472,686.9765728066369,20.76508565063854,0.15335439526451725,4479.666666666667
2024-07-23,650.606391420938,575.7450359885894,12.523878148220865,0.09559570280142411,6022.708333333333
2024-07-24,975.6654639773155,790.5259936613347,15.057076237043354,0.11117596918445398,7110.583333333333
2024-07-25,1272.4212678371068,1152.1607360392816,23.92973774970696,0.2030940020423237,5673.041666666667
2024-07-26,821.6106650760064,680.1036828309301,15.305696508089408,0.10820271914236868,6285.458333333333
2024-07-27,981.1082859267913,754.1664718411247,24.566429187686907,0.1526948996559919,4939.041666666667
2024-07-28,813.9284411130756,692.691659074277,22.714174358310387,0.16217539570666706,4271.249999999999
2024-07-29,1214.4354726678725,998.9049740185345,11.990462668650432,0.11272838120328092,8861.166666666666
2024-07-30,1590.2124328650941,1346.3967419763412,22.703724540306567,0.16618847969514175,8101.625
2024-07-31,1483.2511339909152,1098.8679778749747,17.82577162162713,0.11867732622703833,9259.291666666666
2024-08-01,1241.3589144841565,1107.3121371070547,15.473377555224971,0.13201933078688946,8387.5
2024-08-02,1153.398295006969,992.934435630218,18.746536432815596,0.17521341723222242,5667.0
2024-08-03,807.8257426131258,720.231822974359,20.212891780685716,0.15230913514608513,4728.749999999999
2024-08-04,985.7260801478114,761.058036926513,27.700788887026068,0.15203803060328955,5005.708333333333
2024-08-05,1761.2612842278475,1508.2537309986856,37.365915414191235,0.23619516190858222,6385.625
2024-08-06,1441.231270789455,1239.1313220995173,27.70538954799509,0.20238149881950687,6122.75
2024-08-07,1356.5727595136213,1240.1484693841396,28.69763873836338,0.2481434262308884,4997.708333333333
2024-08-08,1073.234348832412,929.4625434521589,22.523852051479054,0.1686201814078321,5512.166666666667
2024-08-09,716.7929256846899,590.5379647339386,12.85215450652419,0.10396642619033855,5680.083333333333
2024-08-10,831.9632788473065,717.9294648246529,20.82864497338437,0.1672390724053455,4292.833333333332
2024-08-11,730.9435303126885,568.7845482079626,20.418178385428774,0.1397147449325823,4071.0416666666656
2024-08-12,1270.241368864019,1203.7072852173205,27.204557876331116,0.2183579477099576,5512.541666666667
2024-08-13,1447.8362153642117,1259.783863543223,26.80041459129171,0.2335095205393352,5395.0
2024-08-14,777.1495963199196,680.4926562542095,15.890488793179577,0.14567937833700295,4671.166666666665
2024-08-15,728.0081452789889,586.7293200887118,18.344738047786535,0.15799723622257678,3713.5416666666656
2024-08-16,886.5968655506731,742.2681283700908,22.511772217246616,0.19373413674630047,3831.3749999999986
2024-08-17,696.9342132143903,564.5348028643061,16.314997995903845,0.14453478483560575,3905.8749999999986
2024-08-18,545.5051577211841,473.45655372537067,12.518250916528793,0.11517872674111407,4110.624999999999
2024-08-19,934.481990892404,818.3588454294955,21.942805204360795,0.1709127735581293,4788.166666666666
2024-08-20,559.1282720484201,425.06214015480754,11.397970670262984,0.09088269259890241,4677.041666666666
2024-08-21,1253.250437156101,1118.1968690734363,36.4949863093489,0.21522411103035552,5195.5
2024-08-22,1540.8650512364613,1412.5544009904072,30.13113883393746,0.21394640576708543,6602.375
2024-08-23,1168.7364936767515,980.0810565457996,20.78860859165366,0.1529196351128867,6409.125
2024-08-24,1079.266625981166,886.0487442044546,30.567834354048507,0.24479584034617433,3619.5416666666656
2024-08-25,698.039664970491,553.2829539747905,26.04951336617118,0.16440047655036288,3365.4583333333335
2024-08-26,1689.5510313226905,1387.8783105698733,38.91880636569131,0.22502941777366894,6167.541666666667
2024-08-27,1637.2809011938423,1300.2458656964209,25.36580195720857,0.15503341417886726,8386.875
2024-08-28,1140.925915986929,904.7675754229234,16.186729727868013,0.11798815363764444,7668.291666666667
2024-08-29,1474.6655018652843,1304.1221981396282,20.097239942252063,0.16265692121756395,8017.625
2024-08-30,1022.9978704630746,834.3024894818669,15.1052126134631,0.10690018442885088,7804.5
2024-08-31,841.013271300984,734.5665353282047,12.720569693295511,0.10744381982970869,6836.75
2024-09-01,1269.8300554847772,1084.8021084442737,27.035755059263945,0.16682739825234177,6502.541666666667
2024-09-02,1673.6234830583235,1478.5964317396283,23.631997093642646,0.21398309398153298,6909.875
2024-09-03,1191.6291872024797,967.925666640203,17.496800774898862,0.15685599494662578,6170.791666666665
2024-09-04,1081.618068836723,894.6612281358497,19.16937891427537,0.16418438335910174,5449.125
2024-09-05,1377.822052838398,1226.185376601915,29.861639324632634,0.22254996130394655,5509.708333333333
2024-09-06,920.2327307956639,713.6679561749723,15.174140313719283,0.13870311000243318,5145.291666666665
2024-09-07,930.4437877311553,784.9481571729611,23.5187779832996,0.1616547171136322,4855.708333333333
2024-09-08,680.5744750792888,518.5269637632497,15.131908719991802,0.10751129248512098,4822.999999999999
2024-09-09,962.8829692070625,818.2809635419402,18.052407204831212,0.1566350275663973,5224.124999999999
2024-09-10,728.756870520875,608.1720017734918,14.65160404614751,0.11903351796339157,5109.249999999999
2024-09-11,1207.3593071092305,1029.9166652392598,26.73068879389201,0.2289000422299987,4499.416666666665
2024-09-12,886.2146304531713,716.5374795105312,17.932319228982966,0.1499372199474624,4778.916666666667
2024-09-13,1066.6331762709217,907.604466853974,28.403641521316832,0.2727347615153912,3327.7916666666656
2024-09-14,1243.838368183,1105.2824137266734,42.98499421843853,0.37796047418740913,2924.333333333332
2024-09-15,799.8616290798532,627.6239664821574,21.234272673930054,0.2070369760236808,3031.458333333332
2024-09-16,785.1494737751234,686.7704967511821,22.021498071434394,0.2087183983413845,3290.4166666666656
2024-09-17,1030.5557862905675,860.9131579678511,34.1274414191883,0.2919751827745108,2948.583333333332
2024-09-18,795.6478506211456,690.016957522681,18.186928899712687,0.13119959894310507,5259.291666666667
2024-09-19,1473.0766618492382,1351.8153039341173,19.23915816736812,0.17395081920671274,7771.25
2024-09-20,1312.175657544347,1243.6658655429885,18.439033653966842,0.16309391659035505,7625.458333333333
2024-09-21,1076.9611531389878,990.5395408092692,21.387143533079243,0.18477629820911118,5360.75
2024-09-22,1156.3714133889325,1055.5595488132294,24.858901796857868,0.22269384546429605,4739.958333333333
2024-09-23,1016.846133613842,899.1344553601622,23.091291247686186,0.17485659239814388,5142.124999999999
2024-09-24,998.796327513181,886.3036724155154,20.426135562329694,0.16611704907446745,5335.416666666667
2024-09-25,531.7164895809876,467.2241211533551,16.5313819441744,0.13852057299299617,3372.9583333333326
2024-09-26,798.5691075544165,647.0149933774956,25.271170270807158,0.235160599024973,2751.3749999999995
2024-09-27,1207.665676798883,1063.6037262277684,47.17284003304316,0.38112321274944383,2790.708333333332
2024-09-28,1328.1449248731462,1283.2202053029712,49.67225042053848,0.40729068197442747,3150.625
2024-09-29,1251.813082604935,1137.5594305222241,35.009472419988526,0.34456705863977305,3301.4166666666656
2024-09-30,1329.3022130779566,1198.4050458334389,33.75744295584926,0.21602614612301266,5547.5
2024-10-01,1199.726462828565,1054.4148575073734,20.846423421690066,0.19178734482958487,5497.833333333333
2024-10-02,716.4263136587357,571.56576605017,10.637628856632137,0.10070460432538886,5675.666666666667
2024-10-03,1286.4444322287152,1115.0330204864345,32.095064619188754,0.21232320797361645,5251.583333333333
2024-10-04,1683.5778291978436,1555.0620264237132,31.39901704812253,0.25938955969435906,5995.083333333333
2024-10-05,1166.4124542305724,981.6845771577215,27.458549714206875,0.2854252813003224,3439.3749999999995
2024-10-06,535.4797564171463,449.4589817033463,16.797403046080404,0.14965753152541042,3003.2499999999995
2024-10-07,462.6724703652952,420.8382815470297,11.08833414614808,0.10248621276972376,4106.291666666665
2024-10-08,833.596360177972,648.0037979207316,26.452638449524486,0.22634722008274363,2862.8749999999986
2024-10-09,775.4897592606703,656.453622379341,25.811542201801295,0.25059865642987517,2619.541666666666
2024-10-10,1553.9877335394026,1332.2540623849884,32.5644566036228,0.24328038325940995,5476.208333333333
2024-10-11,1305.347100755204,1167.057547618946,26.638422190465395,0.24423945881577397,4778.333333333333
2024-10-12,896.3360203839902,769.1818829911455,21.672838078419606,0.20293474762185257,3790.2916666666656
2024-10-13,470.34256963784014,385.0164087514084,10.456744269730889,0.09255016734252716,4160.083333333333
2024-10-14,1345.8356126757435,1106.5466373339295,17.857265049416835,0.1657406357743819,6676.375
2024-10-15,649.172729436889,589.2306454740469,12.858680029968403,0.12058748455286027,4886.333333333332
2024-10-16,1423.455956017924,1232.5547906939566,41.575703990594654,0.3343692702373725,3686.208333333332
2024-10-17,777.7589804148813,623.0020669282725,16.836891202581043,0.16850037867646203,3697.3333333333326
2024-10-18,998.502570277493,813.0129631171009,24.8158059207186,0.22553674055825632,3604.7916666666656
2024-10-19,875.4347172026388,759.4254495035863,29.2548417805963,0.27533288187498056,2758.2083333333326
2024-10-20,543.4109505309815,474.73453119071246,15.989794295151647,0.13074034384935035,3631.1249999999986
2024-10-21,919.1377653822032,700.7859920958684,15.989436382744676,0.13037878920288182,5374.999999999999
2024-10-22,1305.0884878728966,1070.0624242213871,24.096135719342513,0.2396422202523364,4465.249999999999
2024-10-23,928.7955481525378,851.8152755256748,17.808451199893863,0.16570804004700623,5140.458333333332
2024-10-24,666.6303182569998,572.9350586303824,14.63839606419982,0.13403165388691424,4274.624999999999
2024-10-25,726.7436197299097,613.043178427965,13.124337976472106,0.12225714636534123,5014.374999999999
2024-10-26,528.400935789042,421.93213120661676,9.85129264678401,0.09921297918600225,4252.791666666666
2024-10-27,708.6488033638487,566.9585280697794,13.598200663299782,0.13034777919864318,4349.583333333332
2024-10-28,779.0024524507321,650.1077152856939,16.644429226257664,0.15001620255808573,4333.583333333333
2024-10-29,668.9114236143805,582.7376666385683,15.148101872381211,0.1358758767712486,4288.749999999999
2024-10-30,436.2221157469131,369.5098718317849,8.550414509789746,0.07827147970524817,4720.874999999999
2024-10-31,1187.9615168033818,993.9905054929364,18.654184601865484,0.18725977775512379,5308.083333333333
2024-11-01,637.1368822473108,511.83998430706606,12.4419519241553,0.1112987978789575,4598.791666666665
2024-11-02,410.344656565902,304.86929861704516,6.456855297171021,0.05735072750200003,5315.875
2024-11-03,705.5367690105473,605.9540799353275,15.348502566668826,0.13777293704009505,4398.208333333332
2024-11-04,916.2055734535448,778.4203823419912,13.69350556454714,0.12157040711959874,6403.041666666667
2024-11-05,1192.874293388859,988.3971169243263,14.516715992309411,0.11672545603829458,8467.708333333334
2024-11-06,1975.5809522940726,1839.7622001816842,25.53259842597228,0.23826229939154386,7721.583333333333
2024-11-07,1170.5757184006204,942.0182913367952,14.052156546837743,0.13294389620658845,7085.833333333333
2024-11-08,661.3892366500374,517.1700717732311,7.0675798493919455,0.0641663481514173,8059.833333333333
2024-11-09,675.4336605134106,546.2637583911425,9.194551854193833,0.09142999748377244,5974.666666666667
2024-11-10,986.6998545099259,762.5405272897333,14.802987416745026,0.15320775417135432,4977.166666666665
2024-11-11,547.7776411955944,457.5258313342929,10.504862246224445,0.09991737672206714,4579.041666666666
2024-11-12,870.1684234123833,758.8710700375959,19.722069075662905,0.17305409977527464,4385.166666666666
2024-11-13,661.6611166977938,560.12642279019,9.885235799658949,0.09601001410300404,5834.041666666667
2024-11-14,601.6565478233935,491.56049579009397,7.182719491385527,0.06889747183533869,7134.666666666667
2024-11-15,527.7738756824239,437.69693081577697,5.926629287119995,0.05818342428858315,7522.708333333333
2024-11-16,909.9031865128718,795.5879463727283,15.231902061053749,0.13757059483154135,5783.125
2024-11-17,524.9754328526607,414.71864960218454,6.649288411091792,0.06221324108959103,6666.083333333333
2024-11-18,796.7359433344432,688.2637063190338,6.180248928102716,0.0630470570616171,10916.666666666666
2024-11-19,590.6238340723302,492.0350208034121,6.582801445785664,0.05957261155374244,8259.416666666666
2024-11-20,377.5447929557797,323.7947936337445,7.39351774645243,0.06851712290434903,4725.749999999999
2024-11-21,624.2434330410963,495.6294369262952,11.19466959712685,0.10925270244045132,4536.541666666667
2024-11-22,1382.0876409516477,1122.2052404681845,19.354862216396793,0.15550726796254055,7216.416666666667
2024-11-23,1638.152578684312,1485.519407836721,41.3288823123372,0.4118054169538668,3607.3333333333335
2024-11-24,574.4551975688305,508.8686367285745,16.344810436541653,0.1635532365218624,3111.3333333333335
2024-11-25,1227.7653464566376,1067.7034572307023,21.816301006642135,0.1819987852665105,5866.541666666667
2024-11-26,883.1049617227845,712.6893884887303,7.429398031745447,0.06639989022525682,10733.291666666666
2024-11-27,1657.3007940960922,1377.2322459096713,18.322442856086973,0.138702231158692,9929.416666666666
2024-11-28,1561.9918213100625,1317.7995430603628,17.71473970030499,0.1415257728229007,9311.375
2024-11-29,1887.065670838858,1723.9947707280523,24.79293522852841,0.21199806575969432,8132.125
2024-11-30,913.8175156608693,779.7063189471759,12.055056517022795,0.11440612139433913,6815.25
2024-12-01,728.3880844700348,601.2223143354063,8.54442231419743,0.08065587223093353,7454.166666666667
2024-12-02,1052.4978834303568,860.0323019102217,7.162053372353773,0.07017950605602254,12254.75
2024-12-03,1192.4420822692464,924.6416971534492,8.366406927125835,0.07681103991166531,12037.875
2024-12-04,2719.2140031836625,2416.7080166315045,35.431181006117214,0.27906693350361816,8659.958333333334
2024-12-05,2167.72525471952,1974.027389951051,26.817685615484514,0.23588431668466045,8368.625
2024-12-06,1700.676241479344,1588.5339066522827,35.92788936596034,0.308051920655631,5156.708333333332
2024-12-07,1159.7810699075371,1029.677196643005,32.80956723062774,0.3021537984298291,3407.791666666666
2024-12-08,952.9337067783852,873.0436538271605,29.216288887894688,0.27815380112806704,3138.7083333333335
2024-12-09,1839.50214498872,1542.354798199609,37.302968848924365,0.3002004375260393,5137.75
2024-12-10,5450.738227192151,4186.722235689559,46.54748016303985,0.3992868471022147,10485.5
2024-12-11,5208.517164498433,4699.53800743818,30.103873353453498,0.3077712013838235,15269.583333333334
2024-12-12,2455.296952548601,2222.166604350009,15.267992833303975,0.15442257589295375,14390.166666666666
2024-12-13,2317.381228269158,2037.1251894334935,13.297868286062723,0.13620788909449622,14956.0
2024-12-14,1582.0536424418015,1431.2410886362202,16.19822239320963,0.14851200046566473,9637.208333333334
2024-12-15,934.3573915771078,816.182489696891,14.128508979818186,0.13633242912739615,5986.708333333333
2024-12-16,2131.225793917562,1832.3501467630274,28.61517238100207,0.2169456581031043,8446.125
2024-12-17,2008.270552695436,1809.342943422497,20.774869857751135,0.18512111691803376,9773.833333333334
2024-12-18,1413.5171481597315,1175.0886040553453,19.720406329512144,0.16215107945054857,7246.875
2024-12-19,1128.6919297883362,1004.6925800063965,24.04345474859527,0.2131709772003237,4713.083333333332
2024-12-20,2035.667057957803,1817.4475460623705,36.18789002850325,0.31526454290331135,5764.833333333333
2024-12-21,954.7840788331745,857.7216462461905,23.30739218995037,0.19579333357310902,4380.749999999999
2024-12-22,700.4685475086017,566.0002785529936,17.261369929357905,0.16746396125613586,3379.833333333332
2024-12-23,731.8992656844073,594.8340683064118,16.476210381494806,0.16810741192293294,3538.4166666666656
2024-12-24,1392.3417023048755,1081.2460086587823,40.44171000462158,0.37543264176505214,2879.9999999999986
2024-12-25,933.9112525628556,844.1739785888543,20.38523436759634,0.1843778482919027,4578.499999999999
2024-12-26,854.2391257690418,720.3974631627407,12.42585769490158,0.10603696436327606,6793.833333333333
2024-12-27,1320.264564493672,1140.4976867015166,17.752374141553062,0.1510868120419851,7548.625
2024-12-28,1471.1595613572845,1342.0861944556239,21.369365337441707,0.1801619197613382,7449.333333333333
2024-12-29,772.7025557918089,628.7720646671954,7.7685500741729445,0.07607263976501964,8265.416666666666
2024-12-30,1207.3496216346687,1003.3276567980656,12.846133421465696,0.10501421171575018,9554.208333333334
2024-12-31,1079.0218816916602,913.0520678634451,11.48497946877476,0.10305231152006389,8860.083333333334
