window_hours,section,metric,rmse,mae,corr,r2,n_rows,n_capped,n_negative_pre_fill,n_nan_pre_fill,n_filled_total,mean_max_smoothed_prob,median_max_smoothed_prob,min_max_smoothed_prob,mean_diag_transition,corr_fossil_mef_soft_daily
168,forecast_vs_actual,soft_filled,0.06250819747198033,0.046510580857798245,0.44515531113700113,-0.1474829104751063,,,,,,,,,,
168,forecast_vs_actual,hard_filled,0.08718206910726795,0.053603438005682055,0.3392673587129839,-0.7350904833785532,,,,,,,,,,
168,postprocess,actual_soft,,,,,8784.0,18.0,1338.0,0.0,1338.0,,,,,
168,postprocess,actual_hard,,,,,8784.0,18.0,1646.0,0.0,1646.0,,,,,
168,postprocess,forecast_soft,,,,,8784.0,18.0,481.0,0.0,481.0,,,,,
168,postprocess,forecast_hard,,,,,8784.0,20.0,950.0,0.0,950.0,,,,,
168,markov_stability,actual,,,,,,,,,,0.8686131522672518,0.92317982329985,0.5000783401281875,0.8141693556289036,
168,markov_stability,forecast,,,,,,,,,,0.8535029644190658,0.9036765574983734,0.5,0.8522842474475019,
168,interpretability,actual,,,,,,,,,,,,,,0.5631770387960173
168,interpretability,forecast,,,,,,,,,,,,,,0.6226037946245085
336,forecast_vs_actual,soft_filled,0.06195999539001126,0.04518703818977372,0.3760548083465505,-0.39253145804441614,,,,,,,,,,
336,forecast_vs_actual,hard_filled,0.10030809748396517,0.056343118858052495,0.2564824360372228,-1.6716960253972042,,,,,,,,,,
336,postprocess,actual_soft,,,,,8784.0,18.0,971.0,0.0,971.0,,,,,
336,postprocess,actual_hard,,,,,8784.0,18.0,1192.0,0.0,1192.0,,,,,
336,postprocess,forecast_soft,,,,,8784.0,22.0,317.0,0.0,317.0,,,,,
336,postprocess,forecast_hard,,,,,8784.0,30.0,701.0,0.0,701.0,,,,,
336,markov_stability,actual,,,,,,,,,,0.8635352152329867,0.9182808936583677,0.5,0.8150822867392091,
336,markov_stability,forecast,,,,,,,,,,0.8504386819482999,0.894866222720761,0.5,0.858056225670236,
336,interpretability,actual,,,,,,,,,,,,,,0.5503444292346855
336,interpretability,forecast,,,,,,,,,,,,,,0.6113896220418845
