datetime_utc,RMSE_MW,MAE_MW,mean_true_MW,MAPE_percent,nMAE_mean
2024-01-01,67.09755241704,57.73695299526045,874.7083333333334,6.600709150127428,0.06600709142581244
2024-01-02,37.727457418311545,31.257431919375986,889.25,3.515033108729377,0.03515033104776571
2024-01-03,47.24487318588575,40.770393446087915,996.9583333333334,4.089478174054875,0.040894781699529204
2024-01-04,34.91810964202278,30.86335921784237,1025.6666666666667,3.0091022961822262,0.030091022932484245
2024-01-05,69.01405770491371,61.32288709282878,1029.4166666666667,5.957052093531493,0.059570520877446693
2024-01-06,39.237889355152944,30.842675954103374,987.875,3.12212334091898,0.031221233377585363
2024-01-07,33.67134281506478,27.462652772665084,1028.8333333333333,2.6693004476914064,0.026693004450969136
2024-01-08,31.35053441706767,25.734560340642943,1065.6666666666667,2.4148789809799442,0.02414878978713871
2024-01-09,58.712075361885496,49.60144251088304,1054.0,4.7060192135562655,0.047060192090913514
2024-01-10,62.095992358371724,49.73791266481086,1089.75,4.564158078899826,0.04564158074711564
2024-01-11,27.85880528196736,20.229731311400744,1123.375,1.8007994936152885,0.01800799492012262
2024-01-12,24.664829222864437,20.847699508070956,1096.5,1.901294984776193,0.019012949830422256
2024-01-13,38.98895196645571,34.83958537876605,1047.875,3.3247844808556417,0.03324784477682759
2024-01-14,82.49670127289212,69.9619774272045,1116.0833333333333,6.268526313196849,0.06268526307580309
2024-01-15,46.27931376943201,38.96089151998361,1233.7916666666667,3.1578176909918834,0.03157817688432442
2024-01-16,70.39996597409039,63.81081425646938,1296.5416666666667,4.9216169365789275,0.0492161693278297
2024-01-17,47.0556022755316,40.27791823446751,1322.7083333333333,3.045109584587243,0.030451095822850653
2024-01-18,49.222745511973955,38.07685205340386,1392.1666666666667,2.7350785624377245,0.027350785604731045
2024-01-19,51.9226496587088,42.359583000342035,1367.875,3.096743708331685,0.030967437060677762
2024-01-20,45.195898323622224,36.126918454964965,1324.1666666666667,2.728275780110633,0.027282757780502608
2024-01-21,126.97719394950077,117.10945476094882,1151.6666666666667,10.16869361165981,0.10168693602830263
2024-01-22,71.1280045825478,62.23629226287204,1224.7083333333333,5.0817235882996945,0.0508172358415036
2024-01-23,34.23432707158268,28.5758413771788,1233.5833333333333,2.316490552767315,0.0231649055088946
2024-01-24,38.87882578742853,32.37835882604122,1200.1666666666667,2.6978218713546354,0.02697821869106763
2024-01-25,31.96668514594362,26.269743119676907,1157.625,2.2692791810540465,0.022692791790937576
2024-01-26,25.72793296762261,19.070219198862702,1151.625,1.655940015097163,0.01655940013659247
2024-01-27,42.79123219155571,36.92211309572061,1128.375,3.272149161025423,0.032721491581255445
2024-01-28,70.47808852866967,65.18915155529976,1038.6666666666667,6.276234103526934,0.06276234097484346
2024-01-29,23.192136630165862,18.250429501136143,1054.1666666666667,1.731266039633468,0.0173126603799116
2024-01-30,47.41642022929125,37.12140068411825,1022.0416666666666,3.632082907655583,0.03632082904101831
2024-01-31,35.656106197753054,28.481957510113734,986.0,2.8886366643117376,0.02888636661382086
2024-02-01,39.0492589852225,32.28071161856253,951.25,3.3935045065505944,0.03393504502983178
2024-02-02,31.69027967528079,26.116873917480337,945.3333333333334,2.7627158586897393,0.027627158557672615
2024-02-03,75.53991363376088,67.15561458965131,852.6666666666666,7.8759516719684886,0.07875951662731641
2024-02-04,34.13809770758494,28.606479811171667,804.1666666666666,3.5572824635653886,0.03557282459141825
2024-02-05,61.489410975839036,50.515999364356254,858.2916666666666,5.885644860160931,0.05885644853303536
2024-02-06,36.84397718690396,31.59286287178605,873.4166666666666,3.617158233579168,0.036171582294377794
2024-02-07,57.47183401197818,49.74894822885585,834.25,5.963314141906604,0.05963314134758491
2024-02-08,47.54687885061239,39.13908346742396,918.5,4.261195804836577,0.04261195800197278
2024-02-09,61.193657395688454,46.31751757115129,1022.9166666666666,4.5279854244710025,0.045279854200444586
2024-02-10,51.387561580637836,42.54969969391826,1077.4583333333333,3.9490807558453076,0.03949080752180126
2024-02-11,107.00083500492033,90.98065181573232,1045.9166666666667,8.698652073848997,0.08698652065532224
2024-02-12,30.959933102074487,22.824437201023116,1069.125,2.1348707776006655,0.02134870775603826
2024-02-13,52.68630198620475,43.7775122821331,1083.625,4.039913464725629,0.04039913460997482
2024-02-14,111.3517079143334,89.80863556762536,1011.125,8.88205074225495,0.08882050733470624
2024-02-15,30.10225431433586,25.746773491303113,1053.9583333333333,2.4428644546008096,0.024428644522830095
2024-02-16,91.66326127598049,85.58620863656206,1167.0833333333333,7.3333416896732935,0.07333341683389816
2024-02-17,47.78004557657621,36.79757965604464,1108.9583333333333,3.318211203250315,0.033182112002581275
2024-02-18,33.04089572897619,23.326943660775843,1077.0416666666667,2.1658348402592758,0.021658348382483646
2024-02-19,88.2470374148486,81.40848350028195,980.625,8.301693664783373,0.08301693656317656
2024-02-20,39.04971972319645,31.62387022872763,993.375,3.1834775617191524,0.031834775585144436
2024-02-21,74.97135972381982,64.84004678328826,936.8333333333334,6.921193394408993,0.06921193387021134
2024-02-22,54.556797806869405,47.67164714634428,994.25,4.794734437650921,0.04794734432828457
2024-02-23,24.600432815674555,20.621484532952294,1021.75,2.018251483528485,0.02018251481553196
2024-02-24,24.52180814734347,18.71552726626398,1045.75,1.7896750912038228,0.017896750894924433
2024-02-25,40.514627218958196,34.42541877925398,1109.75,3.102087747623697,0.031020877448283937
2024-02-26,33.91348697421945,26.92100127538045,1199.2916666666667,2.2447417941463046,0.02244741792274581
2024-02-27,91.19360291014698,84.31952852507432,1141.9583333333333,7.383765770065252,0.07383765763599372
2024-02-28,69.1481162179131,58.882359996438026,1121.25,5.2514925303400695,0.052514925256564635
2024-02-29,29.891549314175222,23.637404506405193,1164.25,2.0302688002065876,0.020302687984627445
2024-03-01,57.0767497190479,40.023558050394065,1182.375,3.3850138957939793,0.03385013892931085
2024-03-02,54.38522419323182,49.76714380085472,1263.4583333333333,3.938962013061087,0.03938962009943483
2024-03-03,29.67412255523419,23.911420767505984,1242.7083333333333,1.924137798558738,0.019241377970103956
2024-03-04,40.84783805985657,29.441172828276944,1281.5833333333333,2.297249976847151,0.022972499750546414
2024-03-05,74.38906509640138,60.93870682517692,1355.4583333333333,4.495800817079851,0.04495800813763038
2024-03-06,80.27895380000025,72.50125281016038,1380.5,5.251811141626974,0.05251811137822692
2024-03-07,54.52315783427654,40.845556075374304,1353.25,3.0183303953722005,0.030183303931417695
2024-03-08,30.18151861225886,22.08655498425165,1381.5,1.5987372409881757,0.015987372398309285
2024-03-09,111.33064539114889,106.24618495504058,1284.5416666666667,8.271135745307904,0.08271135738868925
2024-03-10,43.78383704971643,34.774635598063476,1239.7916666666667,2.8048773461721503,0.028048773439097723
2024-03-11,112.41818089049579,82.77242789665856,1295.625,6.388609967904182,0.06388609962973271
2024-03-12,88.77328083597776,73.32967151701452,1397.5416666666667,5.247047244889385,0.052470472411349
2024-03-13,110.72510220825097,88.55350155631703,1439.6666666666667,6.150972555428365,0.061509725511558665
2024-03-14,96.8110163779102,76.64754616220802,1478.9583333333333,5.182535872356649,0.051825358688524684
2024-03-15,125.3969832652697,92.68373481929306,1542.5,6.008670004492258,0.06008670000596847
2024-03-16,85.47675861841125,72.27625189721587,1540.7083333333333,4.691105404800771,0.04691105401755999
2024-03-17,83.00173693045949,71.07470495005451,1534.3333333333333,4.632285788619673,0.04632285785600586
2024-03-18,109.14839032775923,93.61559021969639,1610.25,5.8137301797668925,0.058137301761564404
2024-03-19,142.0004094119258,135.3183444043001,1660.2083333333333,8.150684566954956,0.08150684562045521
2024-03-20,51.49965462136255,44.197765891750635,1581.7916666666667,2.794158473782407,0.027941584720159552
2024-03-21,34.13276666069326,26.65725279847776,1494.1666666666667,1.7840883077620364,0.017840883065680005
2024-03-22,60.346083212171756,47.638873045643145,1475.2916666666667,3.2291155791098807,0.03229115576921082
2024-03-23,50.187046550789745,46.47910133004182,1370.625,3.391088104335017,0.03391088101860898
2024-03-24,93.03787304131046,81.28347638249403,1388.5416666666667,5.853873767981565,0.05853873763765722
2024-03-25,59.37865060206301,49.77960820992789,1468.7916666666667,3.3891537744695737,0.0338915377216213
2024-03-26,37.51818512199505,30.990715051690746,1426.2916666666667,2.172817508225228,0.021728175067018247
2024-03-27,34.598567550768756,26.86248095830293,1410.5,1.9044651512444473,0.019044651498942414
2024-03-28,47.62155426711525,40.83836024999626,1425.875,2.8640911896201464,0.02864091187611491
2024-03-29,121.11156694186262,116.30527010063334,1524.2916666666667,7.630119132972145,0.07630119127966463
2024-03-30,39.92559226052277,32.8946454872688,1485.875,2.2138232009602956,0.022138231994703834
2024-03-31,72.03663776018584,59.49084145824111,1416.5416666666667,4.199724078588659,0.04199724075623886
2024-04-01,83.53933392800822,73.39517877499262,1291.8333333333333,5.681474295574193,0.056814742911761994
2024-04-02,136.29440071860014,110.01380833486718,1395.2083333333333,7.885116918132932,0.07885116912481362
2024-04-03,94.0827423083338,75.07874425252278,1465.4166666666667,5.1233718000015545,0.05123371796505366
2024-04-04,98.58932837126586,75.37146145105363,1474.4583333333333,5.111806807090987,0.05111806803624081
2024-04-05,37.50024039005468,31.351257622241956,1415.6666666666667,2.2145931920585324,0.022145931904941855
2024-04-06,122.81613932870708,104.06845865150292,1415.7083333333333,7.3509815688144045,0.07350981563621964
2024-04-07,76.67851989761832,57.622204865018524,1452.0416666666667,3.968357533244697,0.039683575305117465
2024-04-08,64.83628844801049,52.590139339367546,1464.0833333333333,3.592018168776883,0.03592018166323458
2024-04-09,82.12877465358702,64.99917059143384,1471.5833333333333,4.416954794140133,0.044169547911386345
2024-04-10,50.62082730508998,38.39135847489042,1409.1666666666667,2.7244015475971906,0.027244015456638484
2024-04-11,97.58176204211622,68.60749214390914,1374.6666666666667,4.990845694270791,0.04990845690640204
2024-04-12,80.69920532029302,62.54971478879455,1367.75,4.573183314845151,0.04573183311501569
2024-04-13,67.62334266804957,52.9740106314421,1309.7083333333333,4.044718147025771,0.04044718143937511
2024-04-14,70.760152636881,53.598968302210174,1269.1666666666667,4.2231623087755885,0.0422316230544808
2024-04-15,27.135479595929112,20.387893185019493,1236.4166666666667,1.6489500452937516,0.016489500439600988
2024-04-16,78.21959366750393,56.88825162748493,1229.9583333333333,4.625217788745006,0.04625217784984539
2024-04-17,55.12953080793152,43.576441362500226,1206.875,3.61068390367687,0.03610683900685107
2024-04-18,41.925618167991,35.359066426754,1152.4583333333333,3.0681427175317113,0.03068142714869452
2024-04-19,85.00545975527208,73.20559103786947,1198.4583333333333,6.10831340579518,0.061083134006983696
2024-04-20,126.46202158041142,112.3491222858429,1027.6666666666667,10.932447838388864,0.10932447827750735
2024-04-21,28.951152992359482,23.2395723511775,990.2916666666666,2.346740170943998,0.023467401685742517
2024-04-22,58.464880772949,50.3979990879694,978.125,5.152511088865881,0.05152511083598139
2024-04-23,76.18722638761004,63.8544390226404,1004.2083333333334,6.358684438584994,0.06358684432252958
2024-04-24,87.66939725590541,77.17111969987552,1056.75,7.30268461792056,0.07302684611010046
2024-04-25,59.2337380174908,43.66631310184798,1108.3333333333333,3.939817723475006,0.039398177199202834
2024-04-26,54.57293686421287,45.29602533082167,1129.75,4.009384848933098,0.04009384845384184
2024-04-27,73.15615168495601,57.56064620614055,1145.0416666666667,5.0269477418848405,0.050269477374946525
2024-04-28,71.0064892616965,56.86246710022294,1139.4166666666667,4.990489323503805,0.04990489319123941
2024-04-29,51.40681828810529,43.64816583693027,1182.75,3.6903966042638148,0.036903966011436314
2024-04-30,74.55315764619685,64.04928651452063,1113.4166666666667,5.752499350155285,0.05752499344988755
2024-05-01,51.367147541241785,41.781109482049914,1030.5833333333333,4.0541223723182584,0.04054122368384445
2024-05-02,59.61865594868766,47.39233864843848,1079.0416666666667,4.392076794850846,0.043920767907804956
2024-05-03,113.12859359516341,93.02033734818302,1162.625,8.000889138645997,0.08000889131764251
2024-05-04,112.22915143967415,93.2344527989626,1243.0416666666667,7.500509057671377,0.0750050905163738
2024-05-05,120.2199131646789,86.0310849348704,1322.7916666666667,6.503751656650675,0.06503751651733988
2024-05-06,132.40780647419433,128.38900212446848,1479.4166666666667,8.678353098032003,0.08678353092165939
2024-05-07,54.6195184700227,46.567586377263105,1396.5416666666667,3.3344931618411984,0.03334493159453519
2024-05-08,100.79965387832387,89.36541300018628,1261.1666666666667,7.0859320470611555,0.07085932041442601
2024-05-09,76.51524370784482,59.02783727149171,1284.8333333333333,4.594201889077057,0.04594201885501338
2024-05-10,61.00839497185246,50.86198248962563,1274.75,3.989957441821976,0.03989957438691983
2024-05-11,78.0449014244844,64.19909336666267,1179.0416666666667,5.445023291514662,0.054450232868964846
2024-05-12,49.63776489699991,39.93429968257745,1153.625,3.4616361194129337,0.034616361164122735
2024-05-13,76.79317771471322,61.52610110739867,1215.2083333333333,5.063008491608326,0.05063008487441954
2024-05-14,143.50071594993494,127.41860513389115,1336.1666666666667,9.53613110644065,0.09536131099303716
2024-05-15,85.72363201083623,61.08850342035296,1366.25,4.471253681270116,0.044712536779974686
2024-05-16,75.03288809352455,60.95227215687436,1389.6666666666667,4.386107375164861,0.04386107372008631
2024-05-17,72.61869447589943,57.25503831605127,1394.7916666666667,4.104916862091801,0.04104916859148768
2024-05-18,109.93764042659903,76.56047880649571,1377.4166666666667,5.5582657491557175,0.05558265745120434
2024-05-19,98.18479523780397,71.0283166269462,1388.25,5.116392337615429,0.05116392333929931
2024-05-20,54.982224908675015,46.90079418818161,1380.375,3.397684990541092,0.0339768498807967
2024-05-21,49.64096141885619,40.37594160934294,1339.5833333333333,3.0140671807907635,0.0301406717854076
2024-05-22,111.4512360426244,91.16811363399033,1373.0416666666667,6.639865041773945,0.06639865036938063
2024-05-23,76.86613725308916,60.38642037908239,1381.8333333333333,4.3700219789469825,0.043700219757845014
2024-05-24,64.83252759867946,52.56934218108654,1353.375,3.884314560346285,0.0388431455747619
2024-05-25,58.85413086995632,46.78185866276423,1274.0,3.6720454209391074,0.03672045418056811
2024-05-26,63.499087759045594,50.316681866844476,1229.2916666666667,4.093144306695141,0.04093144303365463
2024-05-27,58.35200863493387,49.44404442111652,1248.5833333333333,3.9600115667983604,0.039600115636267565
2024-05-28,81.56710751418211,50.62829139828685,1250.0,4.050263311862948,0.04050263308622737
2024-05-29,49.89482046149432,41.31673188507556,1225.9583333333333,3.3701579214961543,0.033701579187471555
2024-05-30,87.89021401285018,53.49316844840845,1213.8333333333333,4.406961563784851,0.04406961560154236
2024-05-31,72.58023938965458,69.05450228353341,1094.9583333333333,6.306587217187875,0.06306587211428216
2024-06-01,40.5398955522143,28.627724617719668,1043.375,2.7437617939589956,0.027437617913292963
2024-06-02,49.5361951046206,35.80014135936895,1019.2916666666666,3.512256847585557,0.03512256844139775
2024-06-03,86.70489742439185,67.20915449162327,1081.9166666666667,6.212045397053679,0.06212045391311974
2024-06-04,79.9735725702253,62.64510959386828,1149.5833333333333,5.449375245570274,0.05449375240829969
2024-06-05,59.53473333746361,46.43398731450238,1099.2916666666667,4.223991568616371,0.04223991564773904
2024-06-06,50.62058714690506,40.04918295641743,1101.5416666666667,3.635739270545139,0.03635739267244547
2024-06-07,31.250753581539307,27.509725098808634,1075.2916666666667,2.5583500692502312,0.02558350066871016
2024-06-08,42.13251771371981,34.20585659146311,1066.5416666666667,3.2071748962578215,0.03207174893250742
2024-06-09,32.98932114003717,28.46643903851509,1009.0,2.82125263017989,0.028212526273838023
2024-06-10,28.624750665522292,20.654549573858574,1047.9583333333333,1.9709323278303281,0.019709323259495926
2024-06-11,33.484893957187744,22.6648083925247,1027.7916666666667,2.205194800424019,0.02205194798278453
2024-06-12,66.40131529932921,51.39181673030064,1039.3333333333333,4.944690512857663,0.049446905081001025
2024-06-13,51.00685085450715,43.320640598734194,988.9166666666666,4.380615885942617,0.04380615881512905
2024-06-14,26.856229726040233,22.651987152794973,954.5833333333334,2.3729711552469634,0.023729711527610924
2024-06-15,78.62409563613353,70.39217871675878,854.5,8.237820797748247,0.08237820788107732
2024-06-16,60.041216587734844,54.471983609100185,840.5833333333334,6.480259773066345,0.06480259765357103
2024-06-17,166.1367665360219,147.45246280978134,991.0416666666666,14.878533140360531,0.14878533125347507
2024-06-18,86.77646357848967,74.3772381295761,1067.0416666666667,6.970415537935204,0.06970415531402735
2024-06-19,60.099780327166926,45.68942815562091,1081.0416666666667,4.226426192849882,0.042264261889402945
2024-06-20,99.11413252905129,86.05802965164189,1151.2916666666667,7.474911192643788,0.07474911186151158
2024-06-21,49.69168899633377,37.42266730467481,1110.7083333333333,3.369261414683556,0.03369261411650121
2024-06-22,46.23805455547546,41.158536747097926,993.6666666666666,4.1420868916905,0.04142086887522012
2024-06-23,47.88507928798794,37.098843835294204,906.9583333333334,4.09046837895466,0.04090468374444565
2024-06-24,82.48800718628074,57.39523948729046,946.1666666666666,6.066081326823019,0.060660813204118
2024-06-25,85.40294006621055,65.26669003069408,983.7083333333334,6.634760306394416,0.06634760299649775
2024-06-26,50.283989886689966,41.14107507963982,1012.375,4.063817763145062,0.040638177591309194
2024-06-27,60.90967311218872,49.69961355129874,946.9583333333334,5.2483421711232,0.05248342165580884
2024-06-28,37.394116272270196,31.345291381080983,958.375,3.270670810599294,0.03270670807186568
2024-06-29,54.583551518896456,47.29927879323552,894.2083333333334,5.289514426343845,0.052895144204285406
2024-06-30,14.819344446379956,11.212496951222443,876.25,1.2796002226787382,0.01279600221218424
2024-07-01,35.923150442553585,29.2208501100541,884.0416666666666,3.3053702344407716,0.03305370230701841
2024-07-02,52.45576429571054,44.02780980120115,887.7916666666666,4.9592501770724535,0.04959250171486402
2024-07-03,46.325489288503675,37.74658390631287,882.5,4.277233303831487,0.04277233298984764
2024-07-04,50.94650933746321,43.9212259054184,850.9583333333334,5.161383840425215,0.05161383834359837
2024-07-05,39.94924651149398,31.790156304836255,821.6666666666666,3.8689845401423435,0.0386898453543364
2024-07-06,64.29587127348225,55.113509411613165,785.2916666666666,7.018221604917048,0.0701822159597996
2024-07-07,124.97245676761507,92.88523118446284,852.9583333333334,10.889773574457076,0.10889773561690012
2024-07-08,51.263613088539124,45.88394952565434,876.25,5.236399375252991,0.05236399369277072
2024-07-09,53.55764237354642,46.88600060095388,820.25,5.716062249430524,0.05716062242461842
2024-07-10,78.53522015009466,59.493963082631495,852.75,6.976718039593257,0.06976718031411823
2024-07-11,55.03510798956568,38.73477898538121,867.0,4.46767923706819,0.04467679231915158
2024-07-12,38.843608519950145,33.7888963595032,804.5416666666666,4.199769602921315,0.04199769597701238
2024-07-13,78.59970947697069,70.61003371079764,755.375,9.347679458652674,0.09347679446277789
2024-07-14,105.15352261364453,98.66251034786306,719.6666666666666,13.709473415636369,0.13709473396586613
2024-07-15,46.02258507722325,36.8767888620496,726.0833333333334,5.078864528229028,0.05078864521234149
2024-07-16,34.367019344229526,27.84273178627095,694.6666666666666,4.008070794568755,0.04008070788798979
2024-07-17,28.49376965422349,24.66264981776484,683.875,3.6063096059608615,0.03606309600687515
2024-07-18,32.91154697443588,25.341042101383284,689.25,3.6766111137298925,0.03676611108395673
2024-07-19,31.11321959211513,23.857334146897017,665.6666666666666,3.583976086163798,0.035839760807797584
2024-07-20,61.11790744563265,46.93116635332506,617.2083333333334,7.603780412339171,0.07603780400019537
2024-07-21,42.75229161865388,38.871500998735435,587.0,6.622061498932783,0.06622061487651587
2024-07-22,70.89430113401711,59.859982264538694,667.25,8.971147585543454,0.08971147572098497
2024-07-23,37.06014470671389,28.848795781532946,654.3333333333334,4.408883715975488,0.0440888370923751
2024-07-24,66.95170999128436,45.43291955192891,664.8333333333334,6.8337306921928676,0.06833730681914003
2024-07-25,35.77236463257553,29.965309048692436,669.9583333333334,4.472712340124501,0.044727123334483955
2024-07-26,63.90062009835985,50.10313758999116,705.9166666666666,7.097599469718969,0.07097599459664526
2024-07-27,45.40045828521122,38.18883413821459,665.2916666666666,5.740164209414105,0.05740164200786064
2024-07-28,60.273899349452634,55.483930928011766,631.5833333333334,8.784894724055167,0.08784894710145848
2024-07-29,36.34983871692724,31.35910376161345,701.0,4.473481278404201,0.0447348127202263
2024-07-30,19.36910649259761,16.13646079351506,663.25,2.4329379258974835,0.02432937922229277
2024-07-31,41.390539458845694,34.28758998711911,665.4583333333334,5.152477363288828,0.05152477355546078
2024-08-01,35.75661609089065,26.74804751823343,622.1666666666666,4.29917720625236,0.04299177199342351
2024-08-02,46.14700652761917,33.421202515562406,632.9166666666666,5.28050599324225,0.052805059848991205
2024-08-03,39.60629448079319,32.46023632834352,605.625,5.359791344205328,0.053597913353553114
2024-08-04,34.5726908588043,29.789328159143537,582.375,5.115145423334369,0.0511514541455112
2024-08-05,43.30598902093744,36.614707606534225,621.4166666666666,5.892134789840562,0.05892134780358784
2024-08-06,26.74996902346931,17.877530132730858,619.6666666666666,2.8850236900587722,0.028850236854030053
2024-08-07,32.50272101381659,26.734523380796066,581.9583333333334,4.593889605062687,0.04593889597168841
2024-08-08,21.567040838437965,14.495571792125725,581.5416666666666,2.4926110411336064,0.02492611036847394
2024-08-09,26.51786799364791,20.267973523587006,574.3333333333333,3.5289565043970414,0.03528956498252602
2024-08-10,49.34078799524565,41.59207408626876,553.9583333333334,7.508159293497181,0.07508159279943527
2024-08-11,72.86154522278292,61.71978620191419,577.3333333333334,10.690494145828092,0.1069049412731107
2024-08-12,34.98546341889438,27.012760856499344,612.1666666666666,4.412648111598042,0.04412648104389796
2024-08-13,45.85232932106173,29.48506779223686,633.6666666666666,4.65308802612891,0.04653088018785794
2024-08-14,30.022570820613005,22.169169875482748,633.3333333333334,3.500395243497276,0.03500395237970336
2024-08-15,46.26600856285287,38.5381112446387,565.2916666666666,6.817385345848963,0.06817385333789021
2024-08-16,35.76940754649143,28.887959470351586,576.125,5.014182594116136,0.05014182585412846
2024-08-17,41.2361600291636,31.554595097899426,548.0,5.758137791587487,0.05758137781079936
2024-08-18,35.3785207371886,27.16195833434661,526.0416666666666,5.163461386331238,0.05163461376515548
2024-08-19,92.13133273050967,75.70727740724888,611.5833333333334,12.378898063591587,0.12378898043350849
2024-08-20,59.620660787806564,53.25787011285623,602.5416666666666,8.838869253222803,0.08838869238553496
2024-08-21,40.699421228908825,31.110512888679935,595.0833333333334,5.227925425908965,0.05227925417123766
2024-08-22,36.40792934415011,27.334527076532435,592.875,4.610504250732859,0.046105042429563384
2024-08-23,42.480371589664045,30.188348359117935,590.8749999999999,5.109092169937456,0.05109092161290801
2024-08-24,40.119012398901475,27.843568153679353,525.8749999999999,5.294712270725811,0.052947122606574255
2024-08-25,52.95908911250682,44.98226191351812,517.0416666666666,8.699929776165968,0.08699929759339607
2024-08-26,49.015111822945926,37.22951230158416,596.125,6.245252640232192,0.06245252629755778
2024-08-27,34.00396158056757,29.472301942606748,557.0,5.291257081257944,0.052912570717583804
2024-08-28,42.03622288657303,34.01142410313091,547.4583333333333,6.212605057273324,0.06212605045925237
2024-08-29,32.17800997559464,23.98374118283392,579.2916666666666,4.140184049399512,0.04140184042252535
2024-08-30,48.07281117018156,39.91103108723964,612.5416666666666,6.5156434670685766,0.06515643456431515
2024-08-31,37.3246179488386,29.920859873294848,584.9166666666666,5.115405591673147,0.051154055829276186
2024-09-01,69.2929599072788,46.62595047553386,605.5,7.700404702813189,0.07700404690095758
2024-09-02,47.18700934825118,41.7757124950488,607.2083333333334,6.879963630557683,0.068799636192272
2024-09-03,74.58576594697259,60.642424953480635,649.625,9.334989409810373,0.0933498939544056
2024-09-04,63.855310794194004,57.95179515828701,693.0,8.362452403793219,0.08362452391726188
2024-09-05,58.82721159268705,50.81520811965074,708.7916666666666,7.169272793319721,0.0716927278320494
2024-09-06,68.30711175635003,58.79305948565413,733.75,8.012682723768878,0.08012682712848695
2024-09-07,47.5410539277629,39.91000488897167,703.2916666666666,5.67474445959666,0.056747444515278245
2024-09-08,46.641888357679605,38.205578227837954,679.625,5.621567515591385,0.05621567507319813
2024-09-09,46.62149976333999,38.67162910352158,681.5,5.674487029130092,0.05674487020803626
2024-09-10,32.66184151921067,22.778574528793502,620.9166666666666,3.6685397174274867,0.036685397115192225
2024-09-11,44.58212227516805,37.66048470139511,627.4166666666666,6.002468009254103,0.06002467999687146
2024-09-12,36.12832546435221,29.498183173437976,640.3333333333334,4.606691802202703,0.04606691795008494
2024-09-13,39.339202081405254,36.43067895621065,622.75,5.849968519664496,0.05849968510270729
2024-09-14,36.00560641874434,28.24475735674304,608.2083333333334,4.643928043857183,0.046439280362217596
2024-09-15,38.09546494238461,30.488971782227384,562.4583333333334,5.420663180779741,0.05420663171142292
2024-09-16,41.90199086995533,30.821085759748996,540.4166666666666,5.703207850686014,0.057032078401326604
2024-09-17,28.87180612237615,22.016313105821567,520.1666666666666,4.232549780036187,0.042325497718992765
2024-09-18,40.82362557987527,34.72964327906568,553.9166666666666,6.269831794024193,0.06269831782705106
2024-09-19,44.39173528390053,37.88149571542934,515.0833333333334,7.354440197138845,0.07354440182860689
2024-09-20,99.29402865747328,85.4981438368559,570.2083333333333,14.99419402327031,0.14994193996974317
2024-09-21,83.86820559488939,75.1221971164148,646.2083333333334,11.6250740266552,0.11625074008665531
2024-09-22,79.42621145741782,75.10278921822719,697.25,10.77128565338504,0.10771285637936799
2024-09-23,91.79130252351388,85.8010561366877,750.2083333333334,11.436963883812856,0.11436963868567807
2024-09-24,31.097363739539148,26.788222822050244,740.2916666666666,3.6186038595666457,0.03618603854678567
2024-09-25,47.87201708655217,43.75988330443695,704.5,6.211480951658899,0.062114809428420355
2024-09-26,93.51360244672719,78.3453092003863,793.5,9.873384902380126,0.09873384889937296
2024-09-27,58.34917262016843,46.406634402771765,780.7916666666666,5.943536078053911,0.05943536070441719
2024-09-28,78.66430710358709,63.422730306784246,706.2083333333334,8.980739438095592,0.0898073942537875
2024-09-29,71.88643887847348,64.72647732247913,667.0,9.704119538602567,0.09704119524053663
2024-09-30,83.05385993897957,71.31267622361587,701.8333333333334,10.160913259123609,0.10160913244645936
2024-10-01,46.30129149248373,38.678204186260736,697.375,5.54625620165058,0.05546256193697533
2024-10-02,145.3987375991556,125.68817435701699,821.875,15.29285771644313,0.15292857697835852
2024-10-03,89.48981660642842,74.05144297331583,904.2083333333334,8.189643939724343,0.0818964393066709
2024-10-04,34.68111821360765,28.25276645024621,888.75,3.1789329339236243,0.03178932930346766
2024-10-05,65.67397949783816,53.77524389823278,825.875,6.51130545157957,0.0651130544369544
2024-10-06,61.75596687765444,48.48729194452367,845.0,5.738141058523511,0.05738141051732812
2024-10-07,56.1964965944154,47.61910893023012,895.2083333333334,5.319332624275182,0.053193326183331766
2024-10-08,65.17236261101318,59.199633469184356,951.7083333333334,6.220354639728665,0.06220354633192677
2024-10-09,87.14297347675243,67.32937988142176,1003.4583333333334,6.709733493145049,0.0670973348645844
2024-10-10,108.78723709818146,94.20153904457891,1133.0,8.31434589978631,0.08314345892447965
2024-10-11,73.70522922992295,70.87769555548827,1180.25,6.0053120572326435,0.060053120521444736
2024-10-12,44.33678669835502,38.55248375236988,1159.5833333333333,3.3246841899276935,0.033246841870605566
2024-10-13,42.99316803845454,35.760605499148355,1058.0,3.3800194233599576,0.03380019420165232
2024-10-14,32.074371484681514,25.188092033068344,1027.875,2.4505014746995837,0.02450501472315537
2024-10-15,26.82776736583497,19.561434199412655,990.0833333333334,1.9757361366295083,0.01975736134633983
2024-10-16,84.46670133490456,74.62852767606584,1031.7916666666667,7.232906611580099,0.07232906604570054
2024-10-17,115.86382806064408,110.84560901920004,1132.875,9.784451860902573,0.09784451852265741
2024-10-18,69.28624799191861,58.88084381322066,1169.6666666666667,5.03398493700946,0.050339849327056825
2024-10-19,67.95027882907864,62.62614359458288,1202.875,5.2063717006823556,0.05206371696354081
2024-10-20,26.87806238646655,23.001693179210026,1139.4166666666667,2.018725357642948,0.020187253558712297
2024-10-21,36.69841068263162,27.002023607492447,1128.0,2.39379641910394,0.0239379641698178
2024-10-22,41.301192765102165,29.6911101738612,1077.5833333333333,2.7553423717139776,0.027553423691570128
2024-10-23,37.00690656871592,26.29560410479708,1057.2916666666667,2.487071915330561,0.024870719129782563
2024-10-24,68.65682094062184,52.19532407323525,1050.2916666666667,4.969602799847843,0.04969602795116202
2024-10-25,46.97249101658593,39.2194184114536,1082.7916666666667,3.622065039730967,0.03622065036385849
2024-10-26,58.79991637219575,50.98812108238544,1077.75,4.730978527709158,0.047309785233194755
2024-10-27,101.65505580300042,97.42244629561905,1145.8333333333333,8.502322585799483,0.08502322578379272
2024-10-28,47.59717643332481,41.41581785182158,1172.3333333333333,3.532768085171019,0.03532768082157569
2024-10-29,42.51032160616289,35.03966579337915,1163.125,3.012545151499551,0.030125451489095064
2024-10-30,26.38955159506842,21.223810484011967,1135.2083333333333,1.8695960786063028,0.018695960769593838
2024-10-31,36.4256136232299,29.937089825669926,1128.875,2.6519401905144435,0.026519401881652548
2024-11-01,31.478821986500073,24.880126550793662,1102.4166666666667,2.2568714083417034,0.022568714062944993
2024-11-02,32.908673885196094,26.81455363829933,1077.5416666666667,2.488493435362839,0.024884934330534215
2024-11-03,36.66541112599859,31.03574972351397,1035.25,2.9978990314913276,0.02997899028595506
2024-11-04,37.13242008464085,31.780184571941717,1019.9583333333334,3.115831650502885,0.03115831647448023
2024-11-05,78.14819130740551,62.9613876392444,1044.5,6.027897332622729,0.06027897326851644
2024-11-06,30.710674359631273,25.604622731606227,1018.4166666666666,2.514159829631575,0.0251415982716288
2024-11-07,30.83716347505667,24.877254446347568,986.75,2.5211304227360087,0.02521130420181025
2024-11-08,38.45205797861591,32.10488709807397,960.0,3.344259072716038,0.03344259069232435
2024-11-09,32.414950069465185,25.070432926217748,937.125,2.675249611974683,0.026752496091199417
2024-11-10,62.316999827459874,52.55979477862519,922.5416666666666,5.697281399607085,0.056972813934314484
2024-11-11,27.102800326434966,20.966360961397484,927.6666666666666,2.2601179620622514,0.022601179596259045
2024-11-12,84.73974367932296,72.93229224036133,858.3333333333334,8.49696608625569,0.08496966076356312
2024-11-13,36.847739916239796,29.407295368611855,943.2916666666666,3.117518834076967,0.031175188307720307
2024-11-14,74.94200340051803,69.51835807164501,911.75,7.624717090391556,0.07624717082028828
2024-11-15,32.59880239183041,29.31865580131603,890.2083333333334,3.2934600478894676,0.032934600441898165
2024-11-16,41.10275662147558,34.688079846401926,840.625,4.126463030055247,0.04126463025146444
2024-11-17,43.526653737060144,33.39547656228144,817.5416666666666,4.084865386548874,0.040848653815523515
2024-11-18,47.75790766446765,39.83640209088721,806.4583333333334,4.939672695330886,0.04939672689205743
2024-11-19,29.30937451318416,23.354900198678198,785.125,2.9746728481042126,0.029746728443154236
2024-11-20,41.39075933220232,34.685669985910174,749.2916666666666,4.629127952298528,0.046291279461205224
2024-11-21,43.781321328464436,32.37637671331567,800.0833333333334,4.046625565668035,0.0404662556061028
2024-11-22,151.52386165375182,148.17468736320745,1020.75,14.516256415695072,0.14516256401473907
2024-11-23,78.42294553816757,69.33917465806007,959.4583333333334,7.226908376225481,0.07226908368693202
2024-11-24,91.56236725917941,86.54844256738812,847.625,10.210699609778867,0.10210699597732621
2024-11-25,175.71373870396053,161.76549805204084,1066.8333333333333,15.163146200784958,0.15163146186571727
2024-11-26,59.06854407689393,48.01654809216658,1146.25,4.189011829196648,0.04189011825542112
2024-11-27,61.411897900481115,55.13484441737332,1029.6666666666667,5.354630406348979,0.05354630401148625
2024-11-28,64.20968589369437,58.45445039868347,944.25,6.1905692770647045,0.06190569270508634
2024-11-29,39.13126359211587,33.964737916986095,902.2083333333334,3.764622500381777,0.03764622496209102
2024-11-30,31.958198845649914,21.619788552323968,868.4583333333334,2.4894445389616426,0.02489444536095133
2024-12-01,44.88988242185325,34.60929797589787,887.875,3.8979921696069684,0.03897992165216719
2024-12-02,51.55601840267601,36.296751300493916,909.4166666666666,3.991212458590003,0.03991212454201242
2024-12-03,37.12776827491546,30.21370436996223,910.5833333333334,3.3180603316513837,0.033180603280075
2024-12-04,42.00768411030156,36.07842545708029,947.4583333333334,3.8079168431765993,0.03807916839157513
2024-12-05,31.43996973820676,26.527819623549778,942.8333333333334,2.8136276779441163,0.028136276749598906
2024-12-06,57.26948334299208,48.30194814503201,966.0,5.000201671328365,0.05000201666152173
2024-12-07,107.57234542439305,92.81404125938809,901.0833333333334,10.30027277455523,0.10300272763124242
2024-12-08,99.62085215017716,72.86270255347091,888.1666666666666,8.203719559407496,0.08203719550170807
2024-12-09,72.9900973097695,60.530639447271845,991.1666666666666,6.1070091925951075,0.06107009186433673
2024-12-10,55.86316288480331,49.1772774656614,1073.5416666666667,4.580844786244414,0.045808447819773744
2024-12-11,90.16863610874071,79.523234869043,1025.0,7.758364377467609,0.07758364369898473
2024-12-12,51.165644270359756,44.12992575267945,978.4583333333334,4.510148695074338,0.045101486904648935
2024-12-13,52.84447658120195,47.29811606307828,1003.875,4.711554333266421,0.04711554328573053
2024-12-14,59.2476477687008,55.395388275384995,1000.5,5.536770442317341,0.05536770436783337
2024-12-15,53.64653322756082,49.36353766918173,895.8333333333334,5.510348390978425,0.05510348384827339
2024-12-16,39.3378715842386,32.858156027893166,899.7916666666666,3.651751538177523,0.03651751534119081
2024-12-17,27.396102118547322,24.2883301575979,917.75,2.6465083255350477,0.02646508322651356
2024-12-18,136.53604866996318,128.9477477024,1037.0416666666667,12.4341915900904,0.12434191578100338
2024-12-19,72.74615520897372,66.79404367506508,1122.2916666666667,5.951576195290744,0.05951576189987687
2024-12-20,38.40802448336559,30.65573501586914,1159.4166666666667,2.644065407823113,0.026440654055425988
2024-12-21,34.570092030972724,30.510118653376907,1089.0833333333333,2.801449413425074,0.028014494108527733
2024-12-22,28.633652330322583,23.999644666910143,1016.5,2.3610078373743377,0.023610078350516542
2024-12-23,53.96505767727886,46.36215580006436,969.7083333333334,4.781041289054031,0.0478104128412364
2024-12-24,28.147279857256283,24.225253472725502,954.25,2.53866947578994,0.02538669473129558
2024-12-25,99.70055562653558,85.00634387632222,1017.1666666666666,8.357169642109346,0.08357169633893219
2024-12-26,78.88323514407588,68.92911953230707,1068.8333333333333,6.44900541390679,0.06449005407873103
2024-12-27,32.9386658103697,28.99982382357121,1009.6666666666666,2.8722176121067555,0.028722176092620372
2024-12-28,53.74790747074818,47.3785631755988,985.2083333333334,4.808989284053166,0.04808989279171976
2024-12-29,57.61408205786871,46.42510555932923,957.9166666666666,4.846466000103965,0.04846465995044583
2024-12-30,53.15383094856172,47.26586653540534,936.4583333333334,5.047300542156743,0.050473005367669674
2024-12-31,45.993245000493026,35.16079128036903,911.7916666666666,3.85623082177424,0.0385623081754495
