day,valid_time,t2m
1/1/2024,0:00,280.586
1/1/2024,6:00,279.145
1/1/2024,12:00,282.019
1/1/2024,18:00,279.948
1/2/2024,0:00,278.457
1/2/2024,6:00,277.01
1/2/2024,12:00,280.468
1/2/2024,18:00,281.307
1/3/2024,0:00,282.455
1/3/2024,6:00,283.104
1/3/2024,12:00,283.551
1/3/2024,18:00,283.268
1/4/2024,0:00,282.767
1/4/2024,6:00,282.371
1/4/2024,12:00,284.116
1/4/2024,18:00,282.883
1/5/2024,0:00,280.644
1/5/2024,6:00,279.474
1/5/2024,12:00,281.132
1/5/2024,18:00,279.232
1/6/2024,0:00,277.7
1/6/2024,6:00,276.775
1/6/2024,12:00,280.817
1/6/2024,18:00,278.635
1/7/2024,0:00,276.859
1/7/2024,6:00,275.269
1/7/2024,12:00,280.066
1/7/2024,18:00,278.359
1/8/2024,0:00,275.95
1/8/2024,6:00,274.21
1/8/2024,12:00,278.821
1/8/2024,18:00,278.358
1/9/2024,0:00,277.844
1/9/2024,6:00,277.735
1/9/2024,12:00,279.735
1/9/2024,18:00,279.156
1/10/2024,0:00,279.66
1/10/2024,6:00,277.25
1/10/2024,12:00,280.296
1/10/2024,18:00,279.718
1/11/2024,0:00,278.401
1/11/2024,6:00,275.977
1/11/2024,12:00,279.672
1/11/2024,18:00,277.853
1/12/2024,0:00,275.145
1/12/2024,6:00,273.22
1/12/2024,12:00,278.608
1/12/2024,18:00,278.348
1/13/2024,0:00,276.405
1/13/2024,6:00,276.312
1/13/2024,12:00,281.257
1/13/2024,18:00,280.916
1/14/2024,0:00,280.945
1/14/2024,6:00,280.634
1/14/2024,12:00,285.183
1/14/2024,18:00,282.417
1/15/2024,0:00,282.052
1/15/2024,6:00,282.899
1/15/2024,12:00,284.66
1/15/2024,18:00,285.412
1/16/2024,0:00,286.108
1/16/2024,6:00,285.467
1/16/2024,12:00,287.8
1/16/2024,18:00,285.175
1/17/2024,0:00,285.946
1/17/2024,6:00,284.944
1/17/2024,12:00,286.482
1/17/2024,18:00,284.417
1/18/2024,0:00,282.816
1/18/2024,6:00,283.203
1/18/2024,12:00,285.917
1/18/2024,18:00,283.879
1/19/2024,0:00,283.028
1/19/2024,6:00,281.958
1/19/2024,12:00,279.375
1/19/2024,18:00,278.102
1/20/2024,0:00,278.807
1/20/2024,6:00,276.799
1/20/2024,12:00,281.152
1/20/2024,18:00,279.582
1/21/2024,0:00,278.208
1/21/2024,6:00,277.733
1/21/2024,12:00,281.998
1/21/2024,18:00,280.948
1/22/2024,0:00,278.609
1/22/2024,6:00,277.414
1/22/2024,12:00,283.05
1/22/2024,18:00,281.959
1/23/2024,0:00,279.735
1/23/2024,6:00,279.036
1/23/2024,12:00,285.491
1/23/2024,18:00,283.892
1/24/2024,0:00,282.749
1/24/2024,6:00,281.618
1/24/2024,12:00,288.272
1/24/2024,18:00,285.861
1/25/2024,0:00,284.231
1/25/2024,6:00,282.251
1/25/2024,12:00,288.993
1/25/2024,18:00,285.642
1/26/2024,0:00,284.08
1/26/2024,6:00,282.559
1/26/2024,12:00,288.676
1/26/2024,18:00,286.232
1/27/2024,0:00,285.255
1/27/2024,6:00,283.804
1/27/2024,12:00,288.901
1/27/2024,18:00,286.247
1/28/2024,0:00,283.797
1/28/2024,6:00,281.448
1/28/2024,12:00,287.058
1/28/2024,18:00,285.742
1/29/2024,0:00,284.758
1/29/2024,6:00,282.09
1/29/2024,12:00,286.217
1/29/2024,18:00,285.436
1/30/2024,0:00,282.355
1/30/2024,6:00,280.246
1/30/2024,12:00,285.778
1/30/2024,18:00,284.246
1/31/2024,0:00,281.763
1/31/2024,6:00,279.526
1/31/2024,12:00,285.927
1/31/2024,18:00,284.061
2/1/2024,0:00,283.163
2/1/2024,6:00,281.006
2/1/2024,12:00,287.756
2/1/2024,18:00,285.812
2/2/2024,0:00,283.237
2/2/2024,6:00,280.965
2/2/2024,12:00,286.689
2/2/2024,18:00,285.218
2/3/2024,0:00,282.265
2/3/2024,6:00,280.163
2/3/2024,12:00,286.206
2/3/2024,18:00,284.924
2/4/2024,0:00,282.283
2/4/2024,6:00,280.345
2/4/2024,12:00,286.853
2/4/2024,18:00,284.369
2/5/2024,0:00,282.143
2/5/2024,6:00,280.7
2/5/2024,12:00,285.994
2/5/2024,18:00,284.534
2/6/2024,0:00,281.907
2/6/2024,6:00,280.879
2/6/2024,12:00,285.396
2/6/2024,18:00,283.572
2/7/2024,0:00,281.18
2/7/2024,6:00,278.84
2/7/2024,12:00,282.064
2/7/2024,18:00,281.941
2/8/2024,0:00,281.207
2/8/2024,6:00,280.629
2/8/2024,12:00,285.859
2/8/2024,18:00,281.157
2/9/2024,0:00,283.071
2/9/2024,6:00,283.418
2/9/2024,12:00,283.173
2/9/2024,18:00,283.926
2/10/2024,0:00,279.656
2/10/2024,6:00,279.785
2/10/2024,12:00,283.197
2/10/2024,18:00,279.498
2/11/2024,0:00,277.134
2/11/2024,6:00,275.327
2/11/2024,12:00,279.833
2/11/2024,18:00,278.365
2/12/2024,0:00,278.453
2/12/2024,6:00,279.24
2/12/2024,12:00,285.166
2/12/2024,18:00,283.828
2/13/2024,0:00,283.413
2/13/2024,6:00,281.874
2/13/2024,12:00,288.078
2/13/2024,18:00,285.354
2/14/2024,0:00,283.386
2/14/2024,6:00,282.934
2/14/2024,12:00,287.552
2/14/2024,18:00,287.635
2/15/2024,0:00,284.985
2/15/2024,6:00,283.396
2/15/2024,12:00,289.127
2/15/2024,18:00,284.396
2/16/2024,0:00,284.182
2/16/2024,6:00,281.5
2/16/2024,12:00,286.025
2/16/2024,18:00,284.388
2/17/2024,0:00,281.441
2/17/2024,6:00,279.421
2/17/2024,12:00,285.72
2/17/2024,18:00,284.908
2/18/2024,0:00,282.019
2/18/2024,6:00,280.089
2/18/2024,12:00,287.009
2/18/2024,18:00,285.783
2/19/2024,0:00,283.174
2/19/2024,6:00,282.042
2/19/2024,12:00,287.708
2/19/2024,18:00,287.448
2/20/2024,0:00,283.023
2/20/2024,6:00,280.371
2/20/2024,12:00,289.027
2/20/2024,18:00,286.958
2/21/2024,0:00,283.003
2/21/2024,6:00,280.782
2/21/2024,12:00,288.111
2/21/2024,18:00,285.539
2/22/2024,0:00,283.671
2/22/2024,6:00,281.94
2/22/2024,12:00,284.544
2/22/2024,18:00,284.331
2/23/2024,0:00,279.991
2/23/2024,6:00,276.025
2/23/2024,12:00,282.453
2/23/2024,18:00,280.153
2/24/2024,0:00,276.754
2/24/2024,6:00,275.984
2/24/2024,12:00,282.411
2/24/2024,18:00,280.601
2/25/2024,0:00,277.446
2/25/2024,6:00,280.251
2/25/2024,12:00,283.702
2/25/2024,18:00,284.395
2/26/2024,0:00,283.339
2/26/2024,6:00,280.309
2/26/2024,12:00,283.829
2/26/2024,18:00,281.301
2/27/2024,0:00,278.082
2/27/2024,6:00,277.016
2/27/2024,12:00,283.15
2/27/2024,18:00,280.984
2/28/2024,0:00,276.897
2/28/2024,6:00,276.494
2/28/2024,12:00,285.099
2/28/2024,18:00,283.052
2/29/2024,0:00,278.363
2/29/2024,6:00,276.529
2/29/2024,12:00,285.828
2/29/2024,18:00,282.3
3/1/2024,0:00,278.175
3/1/2024,6:00,275.776
3/1/2024,12:00,284.216
3/1/2024,18:00,282.329
3/2/2024,0:00,278.696
3/2/2024,6:00,279.279
3/2/2024,12:00,281.224
3/2/2024,18:00,277.165
3/3/2024,0:00,275.063
3/3/2024,6:00,273.933
3/3/2024,12:00,280.283
3/3/2024,18:00,279.644
3/4/2024,0:00,276.554
3/4/2024,6:00,276.992
3/4/2024,12:00,281.286
3/4/2024,18:00,281.743
3/5/2024,0:00,278.629
3/5/2024,6:00,276.996
3/5/2024,12:00,284.04
3/5/2024,18:00,283.083
3/6/2024,0:00,279.542
3/6/2024,6:00,277.197
3/6/2024,12:00,283.854
3/6/2024,18:00,284.324
3/7/2024,0:00,281.827
3/7/2024,6:00,278.855
3/7/2024,12:00,286.784
3/7/2024,18:00,279.684
3/8/2024,0:00,277.99
3/8/2024,6:00,277.317
3/8/2024,12:00,282.582
3/8/2024,18:00,280.8
3/9/2024,0:00,281.166
3/9/2024,6:00,278.601
3/9/2024,12:00,279.032
3/9/2024,18:00,278.534
3/10/2024,0:00,278.467
3/10/2024,6:00,279.172
3/10/2024,12:00,283.6
3/10/2024,18:00,282.585
3/11/2024,0:00,279.798
3/11/2024,6:00,277.883
3/11/2024,12:00,285.774
3/11/2024,18:00,284.109
3/12/2024,0:00,280.017
3/12/2024,6:00,278.316
3/12/2024,12:00,285.748
3/12/2024,18:00,285.52
3/13/2024,0:00,282.327
3/13/2024,6:00,280.883
3/13/2024,12:00,288.2
3/13/2024,18:00,287.358
3/14/2024,0:00,284.035
3/14/2024,6:00,281.276
3/14/2024,12:00,288.736
3/14/2024,18:00,285.995
3/15/2024,0:00,282.118
3/15/2024,6:00,280.101
3/15/2024,12:00,288.121
3/15/2024,18:00,288.466
3/16/2024,0:00,283.88
3/16/2024,6:00,281.504
3/16/2024,12:00,289.2
3/16/2024,18:00,289.619
3/17/2024,0:00,286.326
3/17/2024,6:00,284.809
3/17/2024,12:00,292.009
3/17/2024,18:00,290.891
3/18/2024,0:00,287.335
3/18/2024,6:00,284.635
3/18/2024,12:00,291.8
3/18/2024,18:00,291.229
3/19/2024,0:00,288.366
3/19/2024,6:00,285.091
3/19/2024,12:00,294.136
3/19/2024,18:00,293.067
3/20/2024,0:00,289.181
3/20/2024,6:00,285.694
3/20/2024,12:00,294.158
3/20/2024,18:00,288.898
3/21/2024,0:00,286.101
3/21/2024,6:00,285.26
3/21/2024,12:00,294.323
3/21/2024,18:00,291.634
3/22/2024,0:00,288.065
3/22/2024,6:00,286.017
3/22/2024,12:00,296.51
3/22/2024,18:00,294.515
3/23/2024,0:00,289.758
3/23/2024,6:00,287.617
3/23/2024,12:00,295.824
3/23/2024,18:00,292.947
3/24/2024,0:00,288.285
3/24/2024,6:00,285.484
3/24/2024,12:00,295.073
3/24/2024,18:00,292.41
3/25/2024,0:00,286.355
3/25/2024,6:00,284.272
3/25/2024,12:00,288.014
3/25/2024,18:00,285.847
3/26/2024,0:00,280.813
3/26/2024,6:00,278.439
3/26/2024,12:00,281.224
3/26/2024,18:00,279.999
3/27/2024,0:00,276.851
3/27/2024,6:00,278.456
3/27/2024,12:00,285.1
3/27/2024,18:00,283.203
3/28/2024,0:00,282.3
3/28/2024,6:00,280.991
3/28/2024,12:00,285.903
3/28/2024,18:00,286.032
3/29/2024,0:00,285.154
3/29/2024,6:00,280.8
3/29/2024,12:00,278.82
3/29/2024,18:00,280.026
3/30/2024,0:00,277.8
3/30/2024,6:00,279.056
3/30/2024,12:00,284.153
3/30/2024,18:00,278.676
3/31/2024,0:00,279.979
3/31/2024,6:00,278.176
3/31/2024,12:00,282.881
3/31/2024,18:00,281.37
4/1/2024,0:00,277.411
4/1/2024,6:00,277.777
4/1/2024,12:00,284.921
4/1/2024,18:00,283.316
4/2/2024,0:00,279.458
4/2/2024,6:00,278.845
4/2/2024,12:00,285.7
4/2/2024,18:00,284.349
4/3/2024,0:00,282.522
4/3/2024,6:00,279.965
4/3/2024,12:00,288.802
4/3/2024,18:00,287.781
4/4/2024,0:00,283.228
4/4/2024,6:00,280.995
4/4/2024,12:00,290.7
4/4/2024,18:00,291.301
4/5/2024,0:00,286.124
4/5/2024,6:00,283.598
4/5/2024,12:00,293.451
4/5/2024,18:00,293.405
4/6/2024,0:00,288.158
4/6/2024,6:00,285.645
4/6/2024,12:00,297.36
4/6/2024,18:00,292.287
4/7/2024,0:00,288.604
4/7/2024,6:00,286.815
4/7/2024,12:00,291.649
4/7/2024,18:00,292.697
4/8/2024,0:00,286.707
4/8/2024,6:00,282.52
4/8/2024,12:00,290.008
4/8/2024,18:00,285.017
4/9/2024,0:00,279.856
4/9/2024,6:00,277.236
4/9/2024,12:00,285.527
4/9/2024,18:00,287.413
4/10/2024,0:00,282.392
4/10/2024,6:00,279.706
4/10/2024,12:00,289.048
4/10/2024,18:00,291.324
4/11/2024,0:00,285.588
4/11/2024,6:00,284.034
4/11/2024,12:00,296.276
4/11/2024,18:00,293.906
4/12/2024,0:00,285.305
4/12/2024,6:00,283.109
4/12/2024,12:00,293.061
4/12/2024,18:00,294.216
4/13/2024,0:00,288.082
4/13/2024,6:00,285.118
4/13/2024,12:00,296.004
4/13/2024,18:00,296.234
4/14/2024,0:00,289.009
4/14/2024,6:00,286.205
4/14/2024,12:00,295.609
4/14/2024,18:00,295.668
4/15/2024,0:00,290.262
4/15/2024,6:00,288.465
4/15/2024,12:00,299.448
4/15/2024,18:00,297.119
4/16/2024,0:00,289
4/16/2024,6:00,286.4
4/16/2024,12:00,295.336
4/16/2024,18:00,294.759
4/17/2024,0:00,286.415
4/17/2024,6:00,282.5
4/17/2024,12:00,291.461
4/17/2024,18:00,292.882
4/18/2024,0:00,285.143
4/18/2024,6:00,282.266
4/18/2024,12:00,292.421
4/18/2024,18:00,292.639
4/19/2024,0:00,283.156
4/19/2024,6:00,280.845
4/19/2024,12:00,291.524
4/19/2024,18:00,293.305
4/20/2024,0:00,285.362
4/20/2024,6:00,284.568
4/20/2024,12:00,294.533
4/20/2024,18:00,293.803
4/21/2024,0:00,286.029
4/21/2024,6:00,283.517
4/21/2024,12:00,292.526
4/21/2024,18:00,293.8
4/22/2024,0:00,285.232
4/22/2024,6:00,280.808
4/22/2024,12:00,289.139
4/22/2024,18:00,289.551
4/23/2024,0:00,278.98
4/23/2024,6:00,276.328
4/23/2024,12:00,286.237
4/23/2024,18:00,288.499
4/24/2024,0:00,281.354
4/24/2024,6:00,277.701
4/24/2024,12:00,287.172
4/24/2024,18:00,289.31
4/25/2024,0:00,282.693
4/25/2024,6:00,282.663
4/25/2024,12:00,290.316
4/25/2024,18:00,288.352
4/26/2024,0:00,285.579
4/26/2024,6:00,280.893
4/26/2024,12:00,288.312
4/26/2024,18:00,286.14
4/27/2024,0:00,282.8
4/27/2024,6:00,282.246
4/27/2024,12:00,284.674
4/27/2024,18:00,285.814
4/28/2024,0:00,280.205
4/28/2024,6:00,279.5
4/28/2024,12:00,287.371
4/28/2024,18:00,288.47
4/29/2024,0:00,282.674
4/29/2024,6:00,281.174
4/29/2024,12:00,290.058
4/29/2024,18:00,289.798
4/30/2024,0:00,283.115
4/30/2024,6:00,281.644
4/30/2024,12:00,289.55
4/30/2024,18:00,286.712
5/1/2024,0:00,281.935
5/1/2024,6:00,280.024
5/1/2024,12:00,286.246
5/1/2024,18:00,281.466
5/2/2024,0:00,279.626
5/2/2024,6:00,277.015
5/2/2024,12:00,286.266
5/2/2024,18:00,285.783
5/3/2024,0:00,280.315
5/3/2024,6:00,278.583
5/3/2024,12:00,288.422
5/3/2024,18:00,289.465
5/4/2024,0:00,284.084
5/4/2024,6:00,282.758
5/4/2024,12:00,293.056
5/4/2024,18:00,292.956
5/5/2024,0:00,286.133
5/5/2024,6:00,285.244
5/5/2024,12:00,291.4
5/5/2024,18:00,290.328
5/6/2024,0:00,284.39
5/6/2024,6:00,284.592
5/6/2024,12:00,290.77
5/6/2024,18:00,291.2
5/7/2024,0:00,284.651
5/7/2024,6:00,282.605
5/7/2024,12:00,292.128
5/7/2024,18:00,294.22
5/8/2024,0:00,285.144
5/8/2024,6:00,282.795
5/8/2024,12:00,294.317
5/8/2024,18:00,295.729
5/9/2024,0:00,287.721
5/9/2024,6:00,286.117
5/9/2024,12:00,295.74
5/9/2024,18:00,297.588
5/10/2024,0:00,289.315
5/10/2024,6:00,287.385
5/10/2024,12:00,298.182
5/10/2024,18:00,299.344
5/11/2024,0:00,289.973
5/11/2024,6:00,287.4
5/11/2024,12:00,298.701
5/11/2024,18:00,298.285
5/12/2024,0:00,290.236
5/12/2024,6:00,289.048
5/12/2024,12:00,297.91
5/12/2024,18:00,298.037
5/13/2024,0:00,290.539
5/13/2024,6:00,289.865
5/13/2024,12:00,297.174
5/13/2024,18:00,297.274
5/14/2024,0:00,287.893
5/14/2024,6:00,283.728
5/14/2024,12:00,291.6
5/14/2024,18:00,289.635
5/15/2024,0:00,285.682
5/15/2024,6:00,282.767
5/15/2024,12:00,289.625
5/15/2024,18:00,288.231
5/16/2024,0:00,283.456
5/16/2024,6:00,282.501
5/16/2024,12:00,288.8
5/16/2024,18:00,289.529
5/17/2024,0:00,285.63
5/17/2024,6:00,283.747
5/17/2024,12:00,291.21
5/17/2024,18:00,288.9
5/18/2024,0:00,286.648
5/18/2024,6:00,283.997
5/18/2024,12:00,291.945
5/18/2024,18:00,292.739
5/19/2024,0:00,286.659
5/19/2024,6:00,284.322
5/19/2024,12:00,292.758
5/19/2024,18:00,292.555
5/20/2024,6:00,284.093
5/20/2024,12:00,292.51
5/20/2024,18:00,289.031
5/21/2024,0:00,286.31
5/21/2024,6:00,285.309
5/21/2024,12:00,292.528
5/21/2024,18:00,290.976
5/22/2024,0:00,285.935
5/22/2024,6:00,283.8
5/22/2024,12:00,291.845
5/22/2024,18:00,293.109
5/23/2024,0:00,286.664
5/23/2024,6:00,284.788
5/23/2024,12:00,293.839
5/23/2024,18:00,296.231
5/24/2024,0:00,288.629
5/24/2024,6:00,286.201
5/24/2024,12:00,296.032
5/24/2024,18:00,298.6
5/25/2024,0:00,290.665
5/25/2024,6:00,289.076
5/25/2024,12:00,299.443
5/25/2024,18:00,298.769
5/26/2024,0:00,291.115
5/26/2024,6:00,289.359
5/26/2024,12:00,299.144
5/26/2024,18:00,298.635
5/27/2024,0:00,291.449
5/27/2024,6:00,290.043
5/27/2024,12:00,298.8
5/27/2024,18:00,300.743
5/28/2024,0:00,291.953
5/28/2024,6:00,290.73
5/28/2024,12:00,299.448
5/28/2024,18:00,301.941
5/29/2024,0:00,295.651
5/29/2024,6:00,292.751
5/29/2024,12:00,302.342
5/29/2024,18:00,304.663
5/30/2024,0:00,295.797
5/30/2024,6:00,293.581
5/30/2024,12:00,303.454
5/30/2024,18:00,304.594
5/31/2024,0:00,292.774
5/31/2024,6:00,289.873
5/31/2024,12:00,299.641
5/31/2024,18:00,301.214
6/1/2024,0:00,289.489
6/1/2024,6:00,287.159
6/1/2024,12:00,297.462
6/1/2024,18:00,297.54
6/2/2024,0:00,288.119
6/2/2024,6:00,285.889
6/2/2024,12:00,296.631
6/2/2024,18:00,299.141
6/3/2024,0:00,290.745
6/3/2024,6:00,289.067
6/3/2024,12:00,299.299
6/3/2024,18:00,298.538
6/4/2024,0:00,291.735
6/4/2024,6:00,290.249
6/4/2024,12:00,300.785
6/4/2024,18:00,301.229
6/5/2024,0:00,295.466
6/5/2024,6:00,293.017
6/5/2024,12:00,303.556
6/5/2024,18:00,305
6/6/2024,0:00,296.659
6/6/2024,6:00,293.911
6/6/2024,12:00,305.106
6/6/2024,18:00,306.446
6/7/2024,0:00,295.188
6/7/2024,6:00,294.671
6/7/2024,12:00,305.069
6/7/2024,18:00,293.734
6/8/2024,0:00,293.995
6/8/2024,6:00,290.165
6/8/2024,12:00,297.319
6/8/2024,18:00,298.955
6/9/2024,0:00,291.093
6/9/2024,6:00,290.799
6/9/2024,12:00,296.257
6/9/2024,18:00,296.621
6/10/2024,0:00,292.366
6/10/2024,6:00,289.324
6/10/2024,12:00,293.828
6/10/2024,18:00,290.344
6/11/2024,0:00,289.218
6/11/2024,6:00,287.154
6/11/2024,12:00,294.739
6/11/2024,18:00,297.705
6/12/2024,0:00,291.045
6/12/2024,6:00,288
6/12/2024,12:00,295.602
6/12/2024,18:00,295.586
6/13/2024,0:00,289.201
6/13/2024,6:00,287.505
6/13/2024,12:00,297.742
6/13/2024,18:00,300.103
6/14/2024,0:00,293.5
6/14/2024,6:00,291.79
6/14/2024,12:00,300.788
6/14/2024,18:00,301.876
6/15/2024,0:00,293.844
6/15/2024,6:00,290.531
6/15/2024,12:00,298.4
6/15/2024,18:00,300.034
6/16/2024,0:00,291.997
6/16/2024,6:00,290.921
6/16/2024,12:00,299
6/16/2024,18:00,300.9
6/17/2024,0:00,293.733
6/17/2024,6:00,290.305
6/17/2024,12:00,299.906
6/17/2024,18:00,301.801
6/18/2024,0:00,294.801
6/18/2024,6:00,291.704
6/18/2024,12:00,299.404
6/18/2024,18:00,292.446
6/19/2024,0:00,289.737
6/19/2024,6:00,287.585
6/19/2024,12:00,294.898
6/19/2024,18:00,295.303
6/20/2024,0:00,287.946
6/20/2024,6:00,285.5
6/20/2024,12:00,293.695
6/20/2024,18:00,294.3
6/21/2024,0:00,289.663
6/21/2024,6:00,288.539
6/21/2024,12:00,295.956
6/21/2024,18:00,299.185
6/22/2024,0:00,294.535
6/22/2024,6:00,291.9
6/22/2024,12:00,300.837
6/22/2024,18:00,301.059
6/23/2024,0:00,294.349
6/23/2024,6:00,291.561
6/23/2024,12:00,299.951
6/23/2024,18:00,302.6
6/24/2024,0:00,294.398
6/24/2024,6:00,291.895
6/24/2024,12:00,300.217
6/24/2024,18:00,303.944
6/25/2024,0:00,299.555
6/25/2024,6:00,293.244
6/25/2024,12:00,303.6
6/25/2024,18:00,299.751
6/26/2024,0:00,296.965
6/26/2024,6:00,294.978
6/26/2024,12:00,302.324
6/26/2024,18:00,301.363
6/27/2024,0:00,296.146
6/27/2024,6:00,294.449
6/27/2024,12:00,303.6
6/27/2024,18:00,303.5
6/28/2024,0:00,295.503
6/28/2024,6:00,293.144
6/28/2024,12:00,298.226
6/28/2024,18:00,292.342
6/29/2024,0:00,290.561
6/29/2024,6:00,289.058
6/29/2024,12:00,294.7
6/29/2024,18:00,295.191
6/30/2024,0:00,290.142
6/30/2024,6:00,290.2
6/30/2024,12:00,295.747
6/30/2024,18:00,297.754
7/1/2024,0:00,292.816
7/1/2024,6:00,291.773
7/1/2024,12:00,299.924
7/1/2024,18:00,302.473
7/2/2024,0:00,293.549
7/2/2024,6:00,290.924
7/2/2024,12:00,299.455
7/2/2024,18:00,303.503
7/3/2024,0:00,295.898
7/3/2024,6:00,293.186
7/3/2024,12:00,302.166
7/3/2024,18:00,305.746
7/4/2024,0:00,298.71
7/4/2024,6:00,296
7/4/2024,12:00,305.095
7/4/2024,18:00,307.812
7/5/2024,0:00,301.027
7/5/2024,6:00,296.397
7/5/2024,12:00,307.439
7/5/2024,18:00,309.5
7/6/2024,0:00,299.732
7/6/2024,6:00,296.38
7/6/2024,12:00,303.905
7/6/2024,18:00,303.535
7/7/2024,0:00,293.082
7/7/2024,6:00,291.64
7/7/2024,12:00,300.829
7/7/2024,18:00,302.728
7/8/2024,0:00,295.252
7/8/2024,6:00,292.9
7/8/2024,12:00,301.932
7/8/2024,18:00,304.714
7/9/2024,0:00,295.975
7/9/2024,6:00,292.997
7/9/2024,12:00,302.588
7/9/2024,18:00,304.2
7/10/2024,0:00,296.099
7/10/2024,6:00,293.166
7/10/2024,12:00,302.894
7/10/2024,18:00,305.866
7/11/2024,0:00,298.709
7/11/2024,6:00,296.361
7/11/2024,12:00,305.931
7/11/2024,18:00,306.079
7/12/2024,0:00,298.561
7/12/2024,6:00,294.625
7/12/2024,12:00,302.618
7/12/2024,18:00,304.983
7/13/2024,0:00,295.718
7/13/2024,6:00,292.773
7/13/2024,12:00,303.903
7/13/2024,18:00,305.596
7/14/2024,0:00,295.39
7/14/2024,6:00,292.211
7/14/2024,12:00,302.5
7/14/2024,18:00,304.081
7/15/2024,0:00,295.308
7/15/2024,6:00,292.688
7/15/2024,12:00,301.155
7/15/2024,18:00,301.096
7/16/2024,0:00,294.565
7/16/2024,6:00,291.134
7/16/2024,12:00,301.197
7/16/2024,18:00,304.298
7/17/2024,0:00,296.2
7/17/2024,6:00,293.63
7/17/2024,12:00,305.067
7/17/2024,18:00,307.588
7/18/2024,0:00,297.235
7/18/2024,6:00,294.504
7/18/2024,12:00,306.5
7/18/2024,18:00,308.391
7/19/2024,0:00,300.233
7/19/2024,6:00,297.315
7/19/2024,12:00,308.622
7/19/2024,18:00,309.618
7/20/2024,0:00,299.679
7/20/2024,6:00,295.431
7/20/2024,12:00,306.019
7/20/2024,18:00,306.124
7/21/2024,0:00,297.039
7/21/2024,6:00,293.14
7/21/2024,12:00,301.958
7/21/2024,18:00,305.274
7/22/2024,0:00,295.058
7/22/2024,6:00,292.532
7/22/2024,12:00,304.035
7/22/2024,18:00,306.833
7/23/2024,0:00,299.244
7/23/2024,6:00,296.144
7/23/2024,12:00,307.215
7/23/2024,18:00,309.854
7/24/2024,0:00,301.058
7/24/2024,6:00,298.3
7/24/2024,12:00,309.733
7/24/2024,18:00,311.564
7/25/2024,0:00,302.662
7/25/2024,6:00,298.516
7/25/2024,12:00,309.8
7/25/2024,18:00,310.414
7/26/2024,0:00,299.606
7/26/2024,6:00,295.211
7/26/2024,12:00,306.97
7/26/2024,18:00,309.405
7/27/2024,0:00,302.464
7/27/2024,6:00,296.645
7/27/2024,12:00,307.909
7/27/2024,18:00,309.425
7/28/2024,0:00,300.544
7/28/2024,6:00,296.42
7/28/2024,12:00,308.507
7/28/2024,18:00,309.437
7/29/2024,0:00,299.557
7/29/2024,6:00,297.015
7/29/2024,12:00,306.918
7/29/2024,18:00,297.598
7/30/2024,0:00,296.915
7/30/2024,6:00,298.264
7/30/2024,12:00,307.727
7/30/2024,18:00,309.504
7/31/2024,0:00,300.272
7/31/2024,6:00,297.168
7/31/2024,12:00,307.236
7/31/2024,18:00,308.842
8/1/2024,0:00,300.529
8/1/2024,6:00,296.693
8/1/2024,12:00,307.828
8/1/2024,18:00,309.167
8/2/2024,0:00,298.747
8/2/2024,6:00,295.162
8/2/2024,12:00,306.549
8/2/2024,18:00,306.254
8/3/2024,0:00,298.947
8/3/2024,6:00,295.298
8/3/2024,12:00,305.382
8/3/2024,18:00,307.875
8/4/2024,0:00,300.563
8/4/2024,6:00,296.785
8/4/2024,12:00,307.006
8/4/2024,18:00,309.112
8/5/2024,0:00,301.016
8/5/2024,6:00,297.045
8/5/2024,12:00,308.994
8/5/2024,18:00,309.64
8/6/2024,0:00,300.766
8/6/2024,6:00,297.38
8/6/2024,12:00,308.871
8/6/2024,18:00,308.94
8/7/2024,0:00,299.542
8/7/2024,6:00,297.2
8/7/2024,12:00,307.824
8/7/2024,18:00,309.214
8/8/2024,0:00,298.297
8/8/2024,6:00,297.121
8/8/2024,12:00,307.361
8/8/2024,18:00,309.776
8/9/2024,0:00,299.674
8/9/2024,6:00,297.005
8/9/2024,12:00,308.956
8/9/2024,18:00,310.351
8/10/2024,0:00,300.034
8/10/2024,6:00,297.383
8/10/2024,12:00,309.3
8/10/2024,18:00,309.575
8/11/2024,0:00,300.824
8/11/2024,6:00,296.808
8/11/2024,12:00,308.07
8/11/2024,18:00,309.68
8/12/2024,0:00,299.918
8/12/2024,6:00,296.254
8/12/2024,12:00,306.745
8/12/2024,18:00,307.832
8/13/2024,0:00,298.204
8/13/2024,6:00,295.224
8/13/2024,12:00,301.303
8/13/2024,18:00,301.976
8/14/2024,0:00,297.673
8/14/2024,6:00,293.302
8/14/2024,12:00,301.167
8/14/2024,18:00,302.033
8/15/2024,0:00,293.626
8/15/2024,6:00,289.78
8/15/2024,12:00,299.477
8/15/2024,18:00,303.265
8/16/2024,0:00,295.137
8/16/2024,6:00,292.424
8/16/2024,12:00,302.516
8/16/2024,18:00,305.514
8/17/2024,0:00,297.788
8/17/2024,6:00,293.243
8/17/2024,12:00,305.044
8/17/2024,18:00,307.01
8/18/2024,0:00,299.577
8/18/2024,6:00,296.419
8/18/2024,12:00,303.923
8/18/2024,18:00,306.928
8/19/2024,0:00,296.904
8/19/2024,6:00,294
8/19/2024,12:00,304.055
8/19/2024,18:00,306.688
8/20/2024,0:00,298.86
8/20/2024,6:00,295.363
8/20/2024,12:00,305.873
8/20/2024,18:00,307.665
8/21/2024,0:00,296.907
8/21/2024,6:00,294.992
8/21/2024,12:00,306.019
8/21/2024,18:00,307.799
8/22/2024,0:00,298.17
8/22/2024,6:00,295.672
8/22/2024,12:00,306.603
8/22/2024,18:00,307.02
8/23/2024,0:00,299.778
8/23/2024,6:00,296.624
8/23/2024,12:00,306.727
8/23/2024,18:00,306.948
8/24/2024,0:00,299.031
8/24/2024,6:00,295.644
8/24/2024,12:00,306.327
8/24/2024,18:00,306.529
8/25/2024,0:00,297.542
8/25/2024,6:00,294.447
8/25/2024,12:00,303.99
8/25/2024,18:00,306.091
8/26/2024,0:00,296.745
8/26/2024,6:00,294.55
8/26/2024,12:00,302.7
8/26/2024,18:00,305.2
8/27/2024,0:00,299.4
8/27/2024,6:00,294.265
8/27/2024,12:00,305.55
8/27/2024,18:00,305.942
8/28/2024,0:00,298.96
8/28/2024,6:00,294.8
8/28/2024,12:00,305.419
8/28/2024,18:00,307.012
8/29/2024,0:00,298.594
8/29/2024,6:00,293.396
8/29/2024,12:00,298.599
8/29/2024,18:00,301.371
8/30/2024,0:00,296.84
8/30/2024,6:00,294.128
8/30/2024,12:00,302.11
8/30/2024,18:00,296.595
8/31/2024,0:00,295.683
8/31/2024,6:00,293.583
8/31/2024,12:00,299.421
8/31/2024,18:00,300.988
9/1/2024,0:00,294.655
9/1/2024,6:00,293.924
9/1/2024,12:00,298.749
9/1/2024,18:00,301.825
9/2/2024,0:00,297.729
9/2/2024,6:00,295.696
9/2/2024,12:00,302.022
9/2/2024,18:00,303.393
9/3/2024,0:00,297.524
9/3/2024,6:00,293.693
9/3/2024,12:00,300.791
9/3/2024,18:00,301.922
9/4/2024,0:00,294.679
9/4/2024,6:00,291.654
9/4/2024,12:00,297.412
9/4/2024,18:00,298.232
9/5/2024,0:00,292.111
9/5/2024,6:00,289.579
9/5/2024,12:00,296.654
9/5/2024,18:00,298.803
9/6/2024,0:00,293.939
9/6/2024,6:00,289.973
9/6/2024,12:00,296.216
9/6/2024,18:00,296.555
9/7/2024,0:00,290.694
9/7/2024,6:00,287.145
9/7/2024,12:00,295.333
9/7/2024,18:00,297.091
9/8/2024,0:00,291.61
9/8/2024,6:00,288.899
9/8/2024,12:00,297.188
9/8/2024,18:00,298.208
9/9/2024,0:00,292.695
9/9/2024,6:00,289.924
9/9/2024,12:00,297.98
9/9/2024,18:00,299.598
9/10/2024,0:00,294.105
9/10/2024,6:00,291.013
9/10/2024,12:00,299.486
9/10/2024,18:00,300.868
9/11/2024,0:00,295.278
9/11/2024,6:00,291.828
9/11/2024,12:00,299.2
9/11/2024,18:00,299.855
9/12/2024,0:00,293.795
9/12/2024,6:00,290.911
9/12/2024,12:00,298.961
9/12/2024,18:00,298.633
9/13/2024,0:00,291.912
9/13/2024,6:00,287.235
9/13/2024,12:00,294.7
9/13/2024,18:00,294.616
9/14/2024,0:00,288.7
9/14/2024,6:00,286.324
9/14/2024,12:00,295.384
9/14/2024,18:00,296.866
9/15/2024,0:00,293.207
9/15/2024,6:00,289.588
9/15/2024,12:00,298.672
9/15/2024,18:00,299.1
9/16/2024,0:00,293.326
9/16/2024,6:00,289.077
9/16/2024,12:00,299.942
9/16/2024,18:00,299.638
9/17/2024,0:00,292.131
9/17/2024,6:00,287.968
9/17/2024,12:00,297.469
9/17/2024,18:00,297.946
9/18/2024,0:00,291.867
9/18/2024,6:00,288.787
9/18/2024,12:00,297.3
9/18/2024,18:00,298.064
9/19/2024,0:00,291.5
9/19/2024,6:00,288.928
9/19/2024,12:00,296.861
9/19/2024,18:00,293.239
9/20/2024,0:00,289.871
9/20/2024,6:00,288.759
9/20/2024,12:00,295.386
9/20/2024,18:00,296.031
9/21/2024,0:00,292.622
9/21/2024,6:00,290.732
9/21/2024,12:00,292.7
9/21/2024,18:00,294.831
9/22/2024,0:00,290.448
9/22/2024,6:00,289.737
9/22/2024,12:00,295.537
9/22/2024,18:00,294.619
9/23/2024,0:00,291.751
9/23/2024,6:00,288.978
9/23/2024,12:00,295.337
9/23/2024,18:00,294.824
9/24/2024,0:00,290.248
9/24/2024,6:00,287.888
9/24/2024,12:00,293.102
9/24/2024,18:00,288.881
9/25/2024,0:00,287.91
9/25/2024,6:00,287.9
9/25/2024,12:00,290.954
9/25/2024,18:00,292
9/26/2024,0:00,291.144
9/26/2024,6:00,290.556
9/26/2024,12:00,295.382
9/26/2024,18:00,291.937
9/27/2024,0:00,288.93
9/27/2024,6:00,284.724
9/27/2024,12:00,293.077
9/27/2024,18:00,290.108
9/28/2024,0:00,287.378
9/28/2024,6:00,283.488
9/28/2024,12:00,290.873
9/28/2024,18:00,291.06
9/29/2024,0:00,287.6
9/29/2024,6:00,284.945
9/29/2024,12:00,293.212
9/29/2024,18:00,293.807
9/30/2024,0:00,290.555
9/30/2024,6:00,288.58
9/30/2024,12:00,296.967
9/30/2024,18:00,296.724
10/1/2024,0:00,293.018
10/1/2024,6:00,290.226
10/1/2024,12:00,297.909
10/1/2024,18:00,297.944
10/2/2024,0:00,294.284
10/2/2024,6:00,291.172
10/2/2024,12:00,296.768
10/2/2024,18:00,294.645
10/3/2024,0:00,292.68
10/3/2024,6:00,290.091
10/3/2024,12:00,296.541
10/3/2024,18:00,294.241
10/4/2024,0:00,290.756
10/4/2024,6:00,287.537
10/4/2024,12:00,294.144
10/4/2024,18:00,295.145
10/5/2024,0:00,290.758
10/5/2024,6:00,288.404
10/5/2024,12:00,296.4
10/5/2024,18:00,295.537
10/6/2024,0:00,289.887
10/6/2024,6:00,289.65
10/6/2024,12:00,293.303
10/6/2024,18:00,294.625
10/7/2024,0:00,291.5
10/7/2024,6:00,289.349
10/7/2024,12:00,297.534
10/7/2024,18:00,288.092
10/8/2024,0:00,286.692
10/8/2024,6:00,284.606
10/8/2024,12:00,288.408
10/8/2024,18:00,289.762
10/9/2024,0:00,289.07
10/9/2024,6:00,287.419
10/9/2024,12:00,291.5
10/9/2024,18:00,290.844
10/10/2024,0:00,287.731
10/10/2024,6:00,284.663
10/10/2024,12:00,290.395
10/10/2024,18:00,289.158
10/11/2024,0:00,286.07
10/11/2024,6:00,284.437
10/11/2024,12:00,291.367
10/11/2024,18:00,291.944
10/12/2024,0:00,289.565
10/12/2024,6:00,288.432
10/12/2024,12:00,291.616
10/12/2024,18:00,290.5
10/13/2024,0:00,289.41
10/13/2024,6:00,287.719
10/13/2024,12:00,293.544
10/13/2024,18:00,293.631
10/14/2024,0:00,291.014
10/14/2024,6:00,289.626
10/14/2024,12:00,294.369
10/14/2024,18:00,291.9
10/15/2024,0:00,291.151
10/15/2024,6:00,290.134
10/15/2024,12:00,291.739
10/15/2024,18:00,289.809
10/16/2024,0:00,288.245
10/16/2024,6:00,289.843
10/16/2024,12:00,293.51
10/16/2024,18:00,290.806
10/17/2024,0:00,287.533
10/17/2024,6:00,284.276
10/17/2024,12:00,288.507
10/17/2024,18:00,288.213
10/18/2024,0:00,285.177
10/18/2024,6:00,282.157
10/18/2024,12:00,288.527
10/18/2024,18:00,287.918
10/19/2024,0:00,286.565
10/19/2024,6:00,286.752
10/19/2024,12:00,291.99
10/19/2024,18:00,290.112
10/20/2024,0:00,287.25
10/20/2024,6:00,285.811
10/20/2024,12:00,291.348
10/20/2024,18:00,291.251
10/21/2024,0:00,287.936
10/21/2024,6:00,286.277
10/21/2024,12:00,293.211
10/22/2024,0:00,290
10/22/2024,6:00,287.04
10/22/2024,12:00,292.85
10/22/2024,18:00,292.698
10/23/2024,0:00,290.07
10/23/2024,6:00,287.479
10/23/2024,12:00,292.996
10/23/2024,18:00,291.27
10/24/2024,0:00,289.334
10/24/2024,6:00,286.885
10/24/2024,12:00,291.688
10/24/2024,18:00,290.169
10/25/2024,0:00,288.984
10/25/2024,6:00,287.382
10/25/2024,12:00,290.723
10/25/2024,18:00,286.707
10/26/2024,0:00,283.346
10/26/2024,6:00,281.207
10/26/2024,12:00,285.368
10/26/2024,18:00,282.563
10/27/2024,0:00,280.651
10/27/2024,6:00,280.124
10/27/2024,12:00,286.297
10/27/2024,18:00,285.539
10/28/2024,0:00,282.611
10/28/2024,6:00,283.518
10/28/2024,12:00,290.776
10/28/2024,18:00,288.033
10/29/2024,0:00,286.236
10/29/2024,6:00,286.474
10/29/2024,12:00,287.793
10/29/2024,18:00,288.814
10/30/2024,0:00,284.22
10/30/2024,6:00,286.545
10/30/2024,12:00,292.142
10/30/2024,18:00,289.069
10/31/2024,0:00,286.071
10/31/2024,6:00,286.393
10/31/2024,12:00,292.09
10/31/2024,18:00,290.047
11/1/2024,0:00,288.418
11/1/2024,6:00,287.606
11/1/2024,12:00,291.645
11/1/2024,18:00,289.985
11/2/2024,0:00,287.434
11/2/2024,6:00,285.942
11/2/2024,12:00,290.496
11/2/2024,18:00,287.632
11/3/2024,0:00,286.294
11/3/2024,6:00,284.649
11/3/2024,12:00,290.821
11/3/2024,18:00,288.835
11/4/2024,0:00,286.351
11/4/2024,6:00,286.214
11/4/2024,12:00,290.914
11/4/2024,18:00,290.004
11/5/2024,0:00,289.465
11/5/2024,6:00,285.842
11/5/2024,12:00,290.39
11/5/2024,18:00,289.004
11/6/2024,0:00,287.612
11/6/2024,6:00,285.793
11/6/2024,12:00,291.689
11/7/2024,0:00,287.582
11/7/2024,6:00,285.542
11/7/2024,12:00,290.69
11/7/2024,18:00,289.133
11/8/2024,0:00,286.618
11/8/2024,6:00,285.026
11/8/2024,12:00,289.754
11/8/2024,18:00,287.806
11/9/2024,0:00,285.403
11/9/2024,6:00,284.335
11/9/2024,12:00,289.827
11/9/2024,18:00,288.452
11/10/2024,0:00,285.439
11/10/2024,6:00,283.269
11/10/2024,12:00,288.741
11/10/2024,18:00,288.335
11/11/2024,0:00,285.23
11/11/2024,6:00,283.575
11/11/2024,12:00,289.964
11/11/2024,18:00,287.11
11/12/2024,0:00,283.339
11/12/2024,6:00,281.794
11/12/2024,12:00,286.049
11/12/2024,18:00,284.666
11/13/2024,0:00,280.054
11/13/2024,6:00,279.321
11/13/2024,12:00,282.675
11/13/2024,18:00,282.287
11/14/2024,0:00,284.643
11/14/2024,6:00,283.326
11/14/2024,12:00,288.412
11/14/2024,18:00,287.131
11/15/2024,0:00,285.22
11/15/2024,6:00,284.28
11/15/2024,12:00,287.951
11/15/2024,18:00,286.871
11/16/2024,0:00,283.871
11/16/2024,6:00,283.538
11/16/2024,12:00,287.378
11/16/2024,18:00,286.969
11/17/2024,0:00,284.083
11/17/2024,6:00,283.092
11/17/2024,12:00,289.184
11/17/2024,18:00,287.352
11/18/2024,0:00,285.119
11/18/2024,6:00,284.17
11/18/2024,12:00,289.9
11/18/2024,18:00,287.693
11/19/2024,0:00,284.736
11/19/2024,6:00,283.43
11/19/2024,12:00,288.853
11/19/2024,18:00,286.196
11/20/2024,0:00,283.55
11/20/2024,6:00,282.199
11/20/2024,12:00,289.029
11/20/2024,18:00,285.56
11/21/2024,0:00,282.623
11/21/2024,6:00,280.455
11/21/2024,12:00,284.601
11/21/2024,18:00,284.389
11/22/2024,0:00,282.127
11/22/2024,6:00,283.601
11/22/2024,12:00,286.897
11/22/2024,18:00,284.175
11/23/2024,0:00,285.118
11/23/2024,6:00,284.843
11/23/2024,12:00,288.404
11/23/2024,18:00,287.142
11/24/2024,0:00,283.867
11/24/2024,6:00,282.061
11/24/2024,12:00,289.567
11/24/2024,18:00,288.876
11/25/2024,0:00,288.302
11/25/2024,6:00,288.462
11/25/2024,12:00,286.795
11/25/2024,18:00,284.05
11/26/2024,0:00,281.464
11/26/2024,6:00,280.519
11/26/2024,12:00,283.573
11/26/2024,18:00,282.998
11/27/2024,0:00,280.214
11/27/2024,6:00,278.862
11/27/2024,12:00,284.036
11/27/2024,18:00,281.923
11/28/2024,0:00,281.004
11/28/2024,6:00,279.559
11/28/2024,12:00,285.462
11/28/2024,18:00,282.948
11/29/2024,0:00,281.86
11/29/2024,6:00,280.894
11/29/2024,12:00,286.945
11/29/2024,18:00,284.988
11/30/2024,0:00,283.232
11/30/2024,6:00,281.901
11/30/2024,12:00,287.545
11/30/2024,18:00,285.612
12/1/2024,0:00,283.498
12/1/2024,6:00,282.617
12/1/2024,12:00,287.54
12/1/2024,18:00,285.636
12/2/2024,0:00,284.355
12/2/2024,6:00,282.97
12/2/2024,12:00,287.412
12/2/2024,18:00,284.857
12/3/2024,0:00,283.282
12/3/2024,6:00,281.535
12/3/2024,12:00,286.353
12/3/2024,18:00,285.148
12/4/2024,0:00,284.942
12/4/2024,6:00,283.806
12/4/2024,12:00,287.486
12/4/2024,18:00,284.412
12/5/2024,0:00,281.955
12/5/2024,6:00,280.83
12/5/2024,12:00,285.363
12/5/2024,18:00,284.412
12/6/2024,0:00,282.737
12/6/2024,6:00,282.15
12/6/2024,12:00,286.936
12/6/2024,18:00,286.11
12/7/2024,0:00,283.659
12/7/2024,6:00,282.715
12/7/2024,12:00,288.98
12/7/2024,18:00,284.474
12/8/2024,0:00,281.271
12/8/2024,6:00,279.359
12/8/2024,12:00,283.184
12/8/2024,18:00,280.321
12/9/2024,0:00,278.081
12/9/2024,6:00,276.722
12/9/2024,12:00,281.26
12/9/2024,18:00,279.061
12/10/2024,0:00,277.266
12/10/2024,6:00,276.118
12/10/2024,12:00,280.985
12/10/2024,18:00,278.895
12/11/2024,0:00,278.904
12/11/2024,6:00,277.859
12/11/2024,12:00,280.152
12/11/2024,18:00,280.448
12/12/2024,0:00,277.075
12/12/2024,6:00,276.175
12/12/2024,12:00,280.652
12/12/2024,18:00,280.016
12/13/2024,0:00,280.408
12/13/2024,6:00,279.414
12/13/2024,12:00,282.853
12/13/2024,18:00,279.869
12/14/2024,0:00,278.048
12/14/2024,6:00,276.144
12/14/2024,12:00,280.853
12/14/2024,18:00,278.684
12/15/2024,0:00,277.363
12/15/2024,6:00,275.533
12/15/2024,12:00,281.128
12/15/2024,18:00,279.61
12/16/2024,0:00,277.229
12/16/2024,6:00,275.745
12/16/2024,12:00,281.362
12/16/2024,18:00,280.421
12/17/2024,0:00,278.26
12/17/2024,6:00,276.493
12/17/2024,12:00,281.201
12/17/2024,18:00,280.292
12/18/2024,0:00,279.233
12/18/2024,6:00,277.828
12/18/2024,12:00,283.964
12/18/2024,18:00,282.308
12/19/2024,0:00,281.692
12/19/2024,6:00,280.835
12/19/2024,12:00,284.429
12/19/2024,18:00,282.853
12/20/2024,0:00,279.864
12/20/2024,6:00,275.581
12/20/2024,12:00,281.21
12/20/2024,18:00,279.302
12/21/2024,0:00,277.06
12/21/2024,6:00,275.322
12/21/2024,12:00,281.045
12/21/2024,18:00,279.679
12/22/2024,0:00,277.723
12/22/2024,6:00,276.817
12/22/2024,12:00,282.826
12/22/2024,18:00,282.174
12/23/2024,0:00,281.19
12/23/2024,6:00,278.876
12/23/2024,12:00,284.044
12/23/2024,18:00,280.143
12/24/2024,0:00,277.741
12/24/2024,6:00,276.967
12/24/2024,12:00,283.514
12/24/2024,18:00,283.045
12/25/2024,0:00,280.558
12/25/2024,6:00,279.793
12/25/2024,12:00,284.667
12/25/2024,18:00,283.689
12/26/2024,0:00,281.436
12/26/2024,6:00,278.947
12/26/2024,12:00,284.88
12/26/2024,18:00,282.925
12/27/2024,0:00,280.611
12/27/2024,6:00,278.517
12/27/2024,12:00,283.684
12/27/2024,18:00,281.817
12/28/2024,0:00,278.943
12/28/2024,6:00,276.594
12/28/2024,12:00,281.811
12/28/2024,18:00,279.561
12/29/2024,0:00,278.124
12/29/2024,6:00,276.303
12/29/2024,12:00,281.528
12/29/2024,18:00,280.042
12/30/2024,0:00,278.129
12/30/2024,6:00,276.439
12/30/2024,12:00,281.276
12/30/2024,18:00,279.603
12/31/2024,0:00,277.686
12/31/2024,6:00,276.018
12/31/2024,12:00,281.515
12/31/2024,18:00,279.989
1/1/2025,0:00,277.868
