index,t2m
2024-01-01 00:00:00+00:00,280.586
2024-01-01 03:00:00+00:00,279.576
2024-01-01 06:00:00+00:00,279.145
2024-01-01 09:00:00+00:00,278.893
2024-01-01 12:00:00+00:00,282.019
2024-01-01 15:00:00+00:00,282.809
2024-01-01 18:00:00+00:00,279.948
2024-01-01 21:00:00+00:00,278.401
2024-01-02 00:00:00+00:00,278.457
2024-01-02 03:00:00+00:00,277.75
2024-01-02 06:00:00+00:00,277.01
2024-01-02 09:00:00+00:00,278.098
2024-01-02 12:00:00+00:00,280.468
2024-01-02 15:00:00+00:00,282.056
2024-01-02 18:00:00+00:00,281.307
2024-01-02 21:00:00+00:00,282.076
2024-01-03 00:00:00+00:00,282.455
2024-01-03 03:00:00+00:00,282.867
2024-01-03 06:00:00+00:00,283.104
2024-01-03 09:00:00+00:00,283.21
2024-01-03 12:00:00+00:00,283.551
2024-01-03 15:00:00+00:00,283.328
2024-01-03 18:00:00+00:00,283.268
2024-01-03 21:00:00+00:00,283.479
2024-01-04 00:00:00+00:00,282.767
2024-01-04 03:00:00+00:00,282.319
2024-01-04 06:00:00+00:00,282.371
2024-01-04 09:00:00+00:00,282.055
2024-01-04 12:00:00+00:00,284.116
2024-01-04 15:00:00+00:00,283.198
2024-01-04 18:00:00+00:00,282.883
2024-01-04 21:00:00+00:00,281.382
2024-01-05 00:00:00+00:00,280.644
2024-01-05 03:00:00+00:00,280.322
2024-01-05 06:00:00+00:00,279.474
2024-01-05 09:00:00+00:00,279.095
2024-01-05 12:00:00+00:00,281.132
2024-01-05 15:00:00+00:00,281.729
2024-01-05 18:00:00+00:00,279.232
2024-01-05 21:00:00+00:00,278.456
2024-01-06 00:00:00+00:00,277.7
2024-01-06 03:00:00+00:00,277.139
2024-01-06 06:00:00+00:00,276.775
2024-01-06 09:00:00+00:00,277.329
2024-01-06 12:00:00+00:00,280.817
2024-01-06 15:00:00+00:00,281.192
2024-01-06 18:00:00+00:00,278.635
2024-01-06 21:00:00+00:00,277.645
2024-01-07 00:00:00+00:00,276.859
2024-01-07 03:00:00+00:00,276.19
2024-01-07 06:00:00+00:00,275.269
2024-01-07 09:00:00+00:00,276.968
2024-01-07 12:00:00+00:00,280.066
2024-01-07 15:00:00+00:00,282.079
2024-01-07 18:00:00+00:00,278.359
2024-01-07 21:00:00+00:00,277.323
2024-01-08 00:00:00+00:00,275.95
2024-01-08 03:00:00+00:00,274.866
2024-01-08 06:00:00+00:00,274.21
2024-01-08 09:00:00+00:00,276.285
2024-01-08 12:00:00+00:00,278.821
2024-01-08 15:00:00+00:00,279.933
2024-01-08 18:00:00+00:00,278.358
2024-01-08 21:00:00+00:00,278.016
2024-01-09 00:00:00+00:00,277.844
2024-01-09 03:00:00+00:00,277.906
2024-01-09 06:00:00+00:00,277.735
2024-01-09 09:00:00+00:00,277.985
2024-01-09 12:00:00+00:00,279.735
2024-01-09 15:00:00+00:00,280.5
2024-01-09 18:00:00+00:00,279.156
2024-01-09 21:00:00+00:00,279.476
2024-01-10 00:00:00+00:00,279.66
2024-01-10 03:00:00+00:00,279.215
2024-01-10 06:00:00+00:00,277.25
2024-01-10 09:00:00+00:00,278.747
2024-01-10 12:00:00+00:00,280.296
2024-01-10 15:00:00+00:00,280.671
2024-01-10 18:00:00+00:00,279.718
2024-01-10 21:00:00+00:00,279.618
2024-01-11 00:00:00+00:00,278.401
2024-01-11 03:00:00+00:00,277.546
2024-01-11 06:00:00+00:00,275.977
2024-01-11 09:00:00+00:00,276.994
2024-01-11 12:00:00+00:00,279.672
2024-01-11 15:00:00+00:00,280.463
2024-01-11 18:00:00+00:00,277.853
2024-01-11 21:00:00+00:00,276.518
2024-01-12 00:00:00+00:00,275.145
2024-01-12 03:00:00+00:00,274.013
2024-01-12 06:00:00+00:00,273.22
2024-01-12 09:00:00+00:00,274.806
2024-01-12 12:00:00+00:00,278.608
2024-01-12 15:00:00+00:00,280.338
2024-01-12 18:00:00+00:00,278.348
2024-01-12 21:00:00+00:00,277.283
2024-01-13 00:00:00+00:00,276.405
2024-01-13 03:00:00+00:00,275.981
2024-01-13 06:00:00+00:00,276.312
2024-01-13 09:00:00+00:00,277.788
2024-01-13 12:00:00+00:00,281.257
2024-01-13 15:00:00+00:00,281.765
2024-01-13 18:00:00+00:00,280.916
2024-01-13 21:00:00+00:00,279.981
2024-01-14 00:00:00+00:00,280.945
2024-01-14 03:00:00+00:00,280.672
2024-01-14 06:00:00+00:00,280.634
2024-01-14 09:00:00+00:00,281.732
2024-01-14 12:00:00+00:00,285.183
2024-01-14 15:00:00+00:00,284.449
2024-01-14 18:00:00+00:00,282.417
2024-01-14 21:00:00+00:00,281.671
2024-01-15 00:00:00+00:00,282.052
2024-01-15 03:00:00+00:00,282.548
2024-01-15 06:00:00+00:00,282.899
2024-01-15 09:00:00+00:00,282.888
2024-01-15 12:00:00+00:00,284.66
2024-01-15 15:00:00+00:00,285.673
2024-01-15 18:00:00+00:00,285.412
2024-01-15 21:00:00+00:00,285.619
2024-01-16 00:00:00+00:00,286.108
2024-01-16 03:00:00+00:00,285.888
2024-01-16 06:00:00+00:00,285.467
2024-01-16 09:00:00+00:00,284.927
2024-01-16 12:00:00+00:00,287.8
2024-01-16 15:00:00+00:00,288.042
2024-01-16 18:00:00+00:00,285.175
2024-01-16 21:00:00+00:00,285.047
2024-01-17 00:00:00+00:00,285.946
2024-01-17 03:00:00+00:00,285.655
2024-01-17 06:00:00+00:00,284.944
2024-01-17 09:00:00+00:00,284.297
2024-01-17 12:00:00+00:00,286.482
2024-01-17 15:00:00+00:00,284.914
2024-01-17 18:00:00+00:00,284.417
2024-01-17 21:00:00+00:00,283.106
2024-01-18 00:00:00+00:00,282.816
2024-01-18 03:00:00+00:00,283.672
2024-01-18 06:00:00+00:00,283.203
2024-01-18 09:00:00+00:00,283.791
2024-01-18 12:00:00+00:00,285.917
2024-01-18 15:00:00+00:00,286.121
2024-01-18 18:00:00+00:00,283.879
2024-01-18 21:00:00+00:00,283.517
2024-01-19 00:00:00+00:00,283.028
2024-01-19 03:00:00+00:00,282.985
2024-01-19 06:00:00+00:00,281.958
2024-01-19 09:00:00+00:00,280.082
2024-01-19 12:00:00+00:00,279.375
2024-01-19 15:00:00+00:00,279.082
2024-01-19 18:00:00+00:00,278.102
2024-01-19 21:00:00+00:00,277.939
2024-01-20 00:00:00+00:00,278.807
2024-01-20 03:00:00+00:00,278.511
2024-01-20 06:00:00+00:00,276.799
2024-01-20 09:00:00+00:00,277.797
2024-01-20 12:00:00+00:00,281.152
2024-01-20 15:00:00+00:00,282.512
2024-01-20 18:00:00+00:00,279.582
2024-01-20 21:00:00+00:00,278.841
2024-01-21 00:00:00+00:00,278.208
2024-01-21 03:00:00+00:00,279.487
2024-01-21 06:00:00+00:00,277.733
2024-01-21 09:00:00+00:00,278.982
2024-01-21 12:00:00+00:00,281.998
2024-01-21 15:00:00+00:00,283.416
2024-01-21 18:00:00+00:00,280.948
2024-01-21 21:00:00+00:00,279.553
2024-01-22 00:00:00+00:00,278.609
2024-01-22 03:00:00+00:00,277.846
2024-01-22 06:00:00+00:00,277.414
2024-01-22 09:00:00+00:00,278.564
2024-01-22 12:00:00+00:00,283.05
2024-01-22 15:00:00+00:00,285.391
2024-01-22 18:00:00+00:00,281.959
2024-01-22 21:00:00+00:00,280.377
2024-01-23 00:00:00+00:00,279.735
2024-01-23 03:00:00+00:00,279.404
2024-01-23 06:00:00+00:00,279.036
2024-01-23 09:00:00+00:00,281.541
2024-01-23 12:00:00+00:00,285.491
2024-01-23 15:00:00+00:00,287.477
2024-01-23 18:00:00+00:00,283.892
2024-01-23 21:00:00+00:00,283.239
2024-01-24 00:00:00+00:00,282.749
2024-01-24 03:00:00+00:00,282.221
2024-01-24 06:00:00+00:00,281.618
2024-01-24 09:00:00+00:00,283.522
2024-01-24 12:00:00+00:00,288.272
2024-01-24 15:00:00+00:00,290.438
2024-01-24 18:00:00+00:00,285.861
2024-01-24 21:00:00+00:00,284.951
2024-01-25 00:00:00+00:00,284.231
2024-01-25 03:00:00+00:00,283.442
2024-01-25 06:00:00+00:00,282.251
2024-01-25 09:00:00+00:00,284.302
2024-01-25 12:00:00+00:00,288.993
2024-01-25 15:00:00+00:00,290.784
2024-01-25 18:00:00+00:00,285.642
2024-01-25 21:00:00+00:00,285.225
2024-01-26 00:00:00+00:00,284.08
2024-01-26 03:00:00+00:00,283.332
2024-01-26 06:00:00+00:00,282.559
2024-01-26 09:00:00+00:00,284.223
2024-01-26 12:00:00+00:00,288.676
2024-01-26 15:00:00+00:00,290.971
2024-01-26 18:00:00+00:00,286.232
2024-01-26 21:00:00+00:00,286.406
2024-01-27 00:00:00+00:00,285.255
2024-01-27 03:00:00+00:00,284.536
2024-01-27 06:00:00+00:00,283.804
2024-01-27 09:00:00+00:00,284.883
2024-01-27 12:00:00+00:00,288.901
2024-01-27 15:00:00+00:00,290.301
2024-01-27 18:00:00+00:00,286.247
2024-01-27 21:00:00+00:00,285.503
2024-01-28 00:00:00+00:00,283.797
2024-01-28 03:00:00+00:00,282.481
2024-01-28 06:00:00+00:00,281.448
2024-01-28 09:00:00+00:00,282.988
2024-01-28 12:00:00+00:00,287.058
2024-01-28 15:00:00+00:00,289.052
2024-01-28 18:00:00+00:00,285.742
2024-01-28 21:00:00+00:00,285.579
2024-01-29 00:00:00+00:00,284.758
2024-01-29 03:00:00+00:00,283.136
2024-01-29 06:00:00+00:00,282.09
2024-01-29 09:00:00+00:00,283.425
2024-01-29 12:00:00+00:00,286.217
2024-01-29 15:00:00+00:00,287.731
2024-01-29 18:00:00+00:00,285.436
2024-01-29 21:00:00+00:00,283.582
2024-01-30 00:00:00+00:00,282.355
2024-01-30 03:00:00+00:00,281.216
2024-01-30 06:00:00+00:00,280.246
2024-01-30 09:00:00+00:00,282.204
2024-01-30 12:00:00+00:00,285.778
2024-01-30 15:00:00+00:00,287.275
2024-01-30 18:00:00+00:00,284.246
2024-01-30 21:00:00+00:00,283.093
2024-01-31 00:00:00+00:00,281.763
2024-01-31 03:00:00+00:00,280.33
2024-01-31 06:00:00+00:00,279.526
2024-01-31 09:00:00+00:00,282.092
2024-01-31 12:00:00+00:00,285.927
2024-01-31 15:00:00+00:00,287.247
2024-01-31 18:00:00+00:00,284.061
2024-01-31 21:00:00+00:00,284.05
2024-02-01 00:00:00+00:00,283.163
2024-02-01 03:00:00+00:00,281.752
2024-02-01 06:00:00+00:00,281.006
2024-02-01 09:00:00+00:00,282.51
2024-02-01 12:00:00+00:00,287.756
2024-02-01 15:00:00+00:00,290.021
2024-02-01 18:00:00+00:00,285.812
2024-02-01 21:00:00+00:00,284.579
2024-02-02 00:00:00+00:00,283.237
2024-02-02 03:00:00+00:00,281.836
2024-02-02 06:00:00+00:00,280.965
2024-02-02 09:00:00+00:00,282.675
2024-02-02 12:00:00+00:00,286.689
2024-02-02 15:00:00+00:00,287.887
2024-02-02 18:00:00+00:00,285.218
2024-02-02 21:00:00+00:00,283.909
2024-02-03 00:00:00+00:00,282.265
2024-02-03 03:00:00+00:00,281.233
2024-02-03 06:00:00+00:00,280.163
2024-02-03 09:00:00+00:00,282.25
2024-02-03 12:00:00+00:00,286.206
2024-02-03 15:00:00+00:00,288.018
2024-02-03 18:00:00+00:00,284.924
2024-02-03 21:00:00+00:00,283.818
2024-02-04 00:00:00+00:00,282.283
2024-02-04 03:00:00+00:00,280.874
2024-02-04 06:00:00+00:00,280.345
2024-02-04 09:00:00+00:00,282.52
2024-02-04 12:00:00+00:00,286.853
2024-02-04 15:00:00+00:00,288.702
2024-02-04 18:00:00+00:00,284.369
2024-02-04 21:00:00+00:00,283.22
2024-02-05 00:00:00+00:00,282.143
2024-02-05 03:00:00+00:00,281.148
2024-02-05 06:00:00+00:00,280.7
2024-02-05 09:00:00+00:00,282.742
2024-02-05 12:00:00+00:00,285.994
2024-02-05 15:00:00+00:00,287.52
2024-02-05 18:00:00+00:00,284.534
2024-02-05 21:00:00+00:00,283.262
2024-02-06 00:00:00+00:00,281.907
2024-02-06 03:00:00+00:00,281.073
2024-02-06 06:00:00+00:00,280.879
2024-02-06 09:00:00+00:00,282.167
2024-02-06 12:00:00+00:00,285.396
2024-02-06 15:00:00+00:00,287.009
2024-02-06 18:00:00+00:00,283.572
2024-02-06 21:00:00+00:00,282.226
2024-02-07 00:00:00+00:00,281.18
2024-02-07 03:00:00+00:00,279.816
2024-02-07 06:00:00+00:00,278.84
2024-02-07 09:00:00+00:00,280.443
2024-02-07 12:00:00+00:00,282.064
2024-02-07 15:00:00+00:00,283.531
2024-02-07 18:00:00+00:00,281.941
2024-02-07 21:00:00+00:00,281.844
2024-02-08 00:00:00+00:00,281.207
2024-02-08 03:00:00+00:00,281.502
2024-02-08 06:00:00+00:00,280.629
2024-02-08 09:00:00+00:00,282.04
2024-02-08 12:00:00+00:00,285.859
2024-02-08 15:00:00+00:00,286.473
2024-02-08 18:00:00+00:00,281.157
2024-02-08 21:00:00+00:00,282.24
2024-02-09 00:00:00+00:00,283.071
2024-02-09 03:00:00+00:00,283.011
2024-02-09 06:00:00+00:00,283.418
2024-02-09 09:00:00+00:00,283.328
2024-02-09 12:00:00+00:00,283.173
2024-02-09 15:00:00+00:00,283.987
2024-02-09 18:00:00+00:00,283.926
2024-02-09 21:00:00+00:00,281.112
2024-02-10 00:00:00+00:00,279.656
2024-02-10 03:00:00+00:00,280.773
2024-02-10 06:00:00+00:00,279.785
2024-02-10 09:00:00+00:00,279.981
2024-02-10 12:00:00+00:00,283.197
2024-02-10 15:00:00+00:00,281.322
2024-02-10 18:00:00+00:00,279.498
2024-02-10 21:00:00+00:00,278.422
2024-02-11 00:00:00+00:00,277.134
2024-02-11 03:00:00+00:00,276.174
2024-02-11 06:00:00+00:00,275.327
2024-02-11 09:00:00+00:00,276.799
2024-02-11 12:00:00+00:00,279.833
2024-02-11 15:00:00+00:00,279.472
2024-02-11 18:00:00+00:00,278.365
2024-02-11 21:00:00+00:00,278.295
2024-02-12 00:00:00+00:00,278.453
2024-02-12 03:00:00+00:00,278.728
2024-02-12 06:00:00+00:00,279.24
2024-02-12 09:00:00+00:00,280.875
2024-02-12 12:00:00+00:00,285.166
2024-02-12 15:00:00+00:00,287.493
2024-02-12 18:00:00+00:00,283.828
2024-02-12 21:00:00+00:00,283.189
2024-02-13 00:00:00+00:00,283.413
2024-02-13 03:00:00+00:00,282.36
2024-02-13 06:00:00+00:00,281.874
2024-02-13 09:00:00+00:00,283.577
2024-02-13 12:00:00+00:00,288.078
2024-02-13 15:00:00+00:00,288.805
2024-02-13 18:00:00+00:00,285.354
2024-02-13 21:00:00+00:00,284.333
2024-02-14 00:00:00+00:00,283.386
2024-02-14 03:00:00+00:00,282.369
2024-02-14 06:00:00+00:00,282.934
2024-02-14 09:00:00+00:00,284.303
2024-02-14 12:00:00+00:00,287.552
2024-02-14 15:00:00+00:00,290.319
2024-02-14 18:00:00+00:00,287.635
2024-02-14 21:00:00+00:00,286.25
2024-02-15 00:00:00+00:00,284.985
2024-02-15 03:00:00+00:00,283.646
2024-02-15 06:00:00+00:00,283.396
2024-02-15 09:00:00+00:00,285.733
2024-02-15 12:00:00+00:00,289.127
2024-02-15 15:00:00+00:00,288.805
2024-02-15 18:00:00+00:00,284.396
2024-02-15 21:00:00+00:00,284.126
2024-02-16 00:00:00+00:00,284.182
2024-02-16 03:00:00+00:00,282.377
2024-02-16 06:00:00+00:00,281.5
2024-02-16 09:00:00+00:00,283.287
2024-02-16 12:00:00+00:00,286.025
2024-02-16 15:00:00+00:00,287.635
2024-02-16 18:00:00+00:00,284.388
2024-02-16 21:00:00+00:00,283.02
2024-02-17 00:00:00+00:00,281.441
2024-02-17 03:00:00+00:00,280.464
2024-02-17 06:00:00+00:00,279.421
2024-02-17 09:00:00+00:00,282.106
2024-02-17 12:00:00+00:00,285.72
2024-02-17 15:00:00+00:00,288.62
2024-02-17 18:00:00+00:00,284.908
2024-02-17 21:00:00+00:00,283.356
2024-02-18 00:00:00+00:00,282.019
2024-02-18 03:00:00+00:00,281.085
2024-02-18 06:00:00+00:00,280.089
2024-02-18 09:00:00+00:00,282.731
2024-02-18 12:00:00+00:00,287.009
2024-02-18 15:00:00+00:00,289.071
2024-02-18 18:00:00+00:00,285.783
2024-02-18 21:00:00+00:00,284.2
2024-02-19 00:00:00+00:00,283.174
2024-02-19 03:00:00+00:00,282.46
2024-02-19 06:00:00+00:00,282.042
2024-02-19 09:00:00+00:00,284.219
2024-02-19 12:00:00+00:00,287.708
2024-02-19 15:00:00+00:00,290.32
2024-02-19 18:00:00+00:00,287.448
2024-02-19 21:00:00+00:00,285.262
2024-02-20 00:00:00+00:00,283.023
2024-02-20 03:00:00+00:00,281.796
2024-02-20 06:00:00+00:00,280.371
2024-02-20 09:00:00+00:00,283.807
2024-02-20 12:00:00+00:00,289.027
2024-02-20 15:00:00+00:00,291.426
2024-02-20 18:00:00+00:00,286.958
2024-02-20 21:00:00+00:00,284.751
2024-02-21 00:00:00+00:00,283.003
2024-02-21 03:00:00+00:00,281.84
2024-02-21 06:00:00+00:00,280.782
2024-02-21 09:00:00+00:00,283.672
2024-02-21 12:00:00+00:00,288.111
2024-02-21 15:00:00+00:00,288.586
2024-02-21 18:00:00+00:00,285.539
2024-02-21 21:00:00+00:00,284.519
2024-02-22 00:00:00+00:00,283.671
2024-02-22 03:00:00+00:00,282.996
2024-02-22 06:00:00+00:00,281.94
2024-02-22 09:00:00+00:00,282.601
2024-02-22 12:00:00+00:00,284.544
2024-02-22 15:00:00+00:00,285.099
2024-02-22 18:00:00+00:00,284.331
2024-02-22 21:00:00+00:00,284.198
2024-02-23 00:00:00+00:00,279.991
2024-02-23 03:00:00+00:00,277.864
2024-02-23 06:00:00+00:00,276.025
2024-02-23 09:00:00+00:00,277.856
2024-02-23 12:00:00+00:00,282.453
2024-02-23 15:00:00+00:00,282.778
2024-02-23 18:00:00+00:00,280.153
2024-02-23 21:00:00+00:00,278.353
2024-02-24 00:00:00+00:00,276.754
2024-02-24 03:00:00+00:00,276.197
2024-02-24 06:00:00+00:00,275.984
2024-02-24 09:00:00+00:00,278.634
2024-02-24 12:00:00+00:00,282.411
2024-02-24 15:00:00+00:00,283.456
2024-02-24 18:00:00+00:00,280.601
2024-02-24 21:00:00+00:00,278.643
2024-02-25 00:00:00+00:00,277.446
2024-02-25 03:00:00+00:00,279.094
2024-02-25 06:00:00+00:00,280.251
2024-02-25 09:00:00+00:00,281.661
2024-02-25 12:00:00+00:00,283.702
2024-02-25 15:00:00+00:00,284.65
2024-02-25 18:00:00+00:00,284.395
2024-02-25 21:00:00+00:00,283.588
2024-02-26 00:00:00+00:00,283.339
2024-02-26 03:00:00+00:00,281.75
2024-02-26 06:00:00+00:00,280.309
2024-02-26 09:00:00+00:00,280.775
2024-02-26 12:00:00+00:00,283.829
2024-02-26 15:00:00+00:00,282.316
2024-02-26 18:00:00+00:00,281.301
2024-02-26 21:00:00+00:00,278.938
2024-02-27 00:00:00+00:00,278.082
2024-02-27 03:00:00+00:00,277.428
2024-02-27 06:00:00+00:00,277.016
2024-02-27 09:00:00+00:00,279.673
2024-02-27 12:00:00+00:00,283.15
2024-02-27 15:00:00+00:00,283.624
2024-02-27 18:00:00+00:00,280.984
2024-02-27 21:00:00+00:00,278.627
2024-02-28 00:00:00+00:00,276.897
2024-02-28 03:00:00+00:00,276.913
2024-02-28 06:00:00+00:00,276.494
2024-02-28 09:00:00+00:00,280.398
2024-02-28 12:00:00+00:00,285.099
2024-02-28 15:00:00+00:00,286.9
2024-02-28 18:00:00+00:00,283.052
2024-02-28 21:00:00+00:00,280.917
2024-02-29 00:00:00+00:00,278.363
2024-02-29 03:00:00+00:00,277.85
2024-02-29 06:00:00+00:00,276.529
2024-02-29 09:00:00+00:00,279.807
2024-02-29 12:00:00+00:00,285.828
2024-02-29 15:00:00+00:00,285.548
2024-02-29 18:00:00+00:00,282.3
2024-02-29 21:00:00+00:00,280.216
2024-03-01 00:00:00+00:00,278.175
2024-03-01 03:00:00+00:00,276.387
2024-03-01 06:00:00+00:00,275.776
2024-03-01 09:00:00+00:00,279.353
2024-03-01 12:00:00+00:00,284.216
2024-03-01 15:00:00+00:00,284.6
2024-03-01 18:00:00+00:00,282.329
2024-03-01 21:00:00+00:00,279.519
2024-03-02 00:00:00+00:00,278.696
2024-03-02 03:00:00+00:00,279.932
2024-03-02 06:00:00+00:00,279.279
2024-03-02 09:00:00+00:00,279.725
2024-03-02 12:00:00+00:00,281.224
2024-03-02 15:00:00+00:00,280.663
2024-03-02 18:00:00+00:00,277.165
2024-03-02 21:00:00+00:00,275.6
2024-03-03 00:00:00+00:00,275.063
2024-03-03 03:00:00+00:00,274.385
2024-03-03 06:00:00+00:00,273.933
2024-03-03 09:00:00+00:00,275.441
2024-03-03 12:00:00+00:00,280.283
2024-03-03 15:00:00+00:00,282.557
2024-03-03 18:00:00+00:00,279.644
2024-03-03 21:00:00+00:00,277.705
2024-03-04 00:00:00+00:00,276.554
2024-03-04 03:00:00+00:00,277.95
2024-03-04 06:00:00+00:00,276.992
2024-03-04 09:00:00+00:00,279.885
2024-03-04 12:00:00+00:00,281.286
2024-03-04 15:00:00+00:00,284.52
2024-03-04 18:00:00+00:00,281.743
2024-03-04 21:00:00+00:00,280.041
2024-03-05 00:00:00+00:00,278.629
2024-03-05 03:00:00+00:00,278.093
2024-03-05 06:00:00+00:00,276.996
2024-03-05 09:00:00+00:00,281.215
2024-03-05 12:00:00+00:00,284.04
2024-03-05 15:00:00+00:00,286.131
2024-03-05 18:00:00+00:00,283.083
2024-03-05 21:00:00+00:00,280.523
2024-03-06 00:00:00+00:00,279.542
2024-03-06 03:00:00+00:00,278.241
2024-03-06 06:00:00+00:00,277.197
2024-03-06 09:00:00+00:00,280.319
2024-03-06 12:00:00+00:00,283.854
2024-03-06 15:00:00+00:00,286.162
2024-03-06 18:00:00+00:00,284.324
2024-03-06 21:00:00+00:00,282.871
2024-03-07 00:00:00+00:00,281.827
2024-03-07 03:00:00+00:00,280.508
2024-03-07 06:00:00+00:00,278.855
2024-03-07 09:00:00+00:00,282.329
2024-03-07 12:00:00+00:00,286.784
2024-03-07 15:00:00+00:00,283.554
2024-03-07 18:00:00+00:00,279.684
2024-03-07 21:00:00+00:00,279.679
2024-03-08 00:00:00+00:00,277.99
2024-03-08 03:00:00+00:00,278.327
2024-03-08 06:00:00+00:00,277.317
2024-03-08 09:00:00+00:00,279.075
2024-03-08 12:00:00+00:00,282.582
2024-03-08 15:00:00+00:00,284.209
2024-03-08 18:00:00+00:00,280.8
2024-03-08 21:00:00+00:00,280.2
2024-03-09 00:00:00+00:00,281.166
2024-03-09 03:00:00+00:00,279.465
2024-03-09 06:00:00+00:00,278.601
2024-03-09 09:00:00+00:00,279.382
2024-03-09 12:00:00+00:00,279.032
2024-03-09 15:00:00+00:00,281.295
2024-03-09 18:00:00+00:00,278.534
2024-03-09 21:00:00+00:00,277.5
2024-03-10 00:00:00+00:00,278.467
2024-03-10 03:00:00+00:00,278.835
2024-03-10 06:00:00+00:00,279.172
2024-03-10 09:00:00+00:00,279.863
2024-03-10 12:00:00+00:00,283.6
2024-03-10 15:00:00+00:00,285.508
2024-03-10 18:00:00+00:00,282.585
2024-03-10 21:00:00+00:00,279.8
2024-03-11 00:00:00+00:00,279.798
2024-03-11 03:00:00+00:00,277.908
2024-03-11 06:00:00+00:00,277.883
2024-03-11 09:00:00+00:00,281.578
2024-03-11 12:00:00+00:00,285.774
2024-03-11 15:00:00+00:00,286.852
2024-03-11 18:00:00+00:00,284.109
2024-03-11 21:00:00+00:00,281.307
2024-03-12 00:00:00+00:00,280.017
2024-03-12 03:00:00+00:00,279.407
2024-03-12 06:00:00+00:00,278.316
2024-03-12 09:00:00+00:00,281.819
2024-03-12 12:00:00+00:00,285.748
2024-03-12 15:00:00+00:00,287.821
2024-03-12 18:00:00+00:00,285.52
2024-03-12 21:00:00+00:00,282.991
2024-03-13 00:00:00+00:00,282.327
2024-03-13 03:00:00+00:00,281.209
2024-03-13 06:00:00+00:00,280.883
2024-03-13 09:00:00+00:00,284.114
2024-03-13 12:00:00+00:00,288.2
2024-03-13 15:00:00+00:00,290.539
2024-03-13 18:00:00+00:00,287.358
2024-03-13 21:00:00+00:00,285.405
2024-03-14 00:00:00+00:00,284.035
2024-03-14 03:00:00+00:00,282.677
2024-03-14 06:00:00+00:00,281.276
2024-03-14 09:00:00+00:00,284.742
2024-03-14 12:00:00+00:00,288.736
2024-03-14 15:00:00+00:00,288.936
2024-03-14 18:00:00+00:00,285.995
2024-03-14 21:00:00+00:00,282.942
2024-03-15 00:00:00+00:00,282.118
2024-03-15 03:00:00+00:00,280.915
2024-03-15 06:00:00+00:00,280.101
2024-03-15 09:00:00+00:00,283.729
2024-03-15 12:00:00+00:00,288.121
2024-03-15 15:00:00+00:00,290.482
2024-03-15 18:00:00+00:00,288.466
2024-03-15 21:00:00+00:00,284.834
2024-03-16 00:00:00+00:00,283.88
2024-03-16 03:00:00+00:00,282.672
2024-03-16 06:00:00+00:00,281.504
2024-03-16 09:00:00+00:00,285.764
2024-03-16 12:00:00+00:00,289.2
2024-03-16 15:00:00+00:00,291.315
2024-03-16 18:00:00+00:00,289.619
2024-03-16 21:00:00+00:00,287.997
2024-03-17 00:00:00+00:00,286.326
2024-03-17 03:00:00+00:00,284.928
2024-03-17 06:00:00+00:00,284.809
2024-03-17 09:00:00+00:00,287.709
2024-03-17 12:00:00+00:00,292.009
2024-03-17 15:00:00+00:00,293.803
2024-03-17 18:00:00+00:00,290.891
2024-03-17 21:00:00+00:00,288.367
2024-03-18 00:00:00+00:00,287.335
2024-03-18 03:00:00+00:00,285.567
2024-03-18 06:00:00+00:00,284.635
2024-03-18 09:00:00+00:00,288.669
2024-03-18 12:00:00+00:00,291.8
2024-03-18 15:00:00+00:00,293.557
2024-03-18 18:00:00+00:00,291.229
2024-03-18 21:00:00+00:00,288.927
2024-03-19 00:00:00+00:00,288.366
2024-03-19 03:00:00+00:00,286.233
2024-03-19 06:00:00+00:00,285.091
2024-03-19 09:00:00+00:00,289.81
2024-03-19 12:00:00+00:00,294.136
2024-03-19 15:00:00+00:00,296.543
2024-03-19 18:00:00+00:00,293.067
2024-03-19 21:00:00+00:00,290.271
2024-03-20 00:00:00+00:00,289.181
2024-03-20 03:00:00+00:00,287.165
2024-03-20 06:00:00+00:00,285.694
2024-03-20 09:00:00+00:00,290.27
2024-03-20 12:00:00+00:00,294.158
2024-03-20 15:00:00+00:00,295.567
2024-03-20 18:00:00+00:00,288.898
2024-03-20 21:00:00+00:00,286.317
2024-03-21 00:00:00+00:00,286.101
2024-03-21 03:00:00+00:00,285.887
2024-03-21 06:00:00+00:00,285.26
2024-03-21 09:00:00+00:00,288.395
2024-03-21 12:00:00+00:00,294.323
2024-03-21 15:00:00+00:00,295.488
2024-03-21 18:00:00+00:00,291.634
2024-03-21 21:00:00+00:00,289.058
2024-03-22 00:00:00+00:00,288.065
2024-03-22 03:00:00+00:00,286.375
2024-03-22 06:00:00+00:00,286.017
2024-03-22 09:00:00+00:00,290.832
2024-03-22 12:00:00+00:00,296.51
2024-03-22 15:00:00+00:00,298.507
2024-03-22 18:00:00+00:00,294.515
2024-03-22 21:00:00+00:00,290.279
2024-03-23 00:00:00+00:00,289.758
2024-03-23 03:00:00+00:00,288.193
2024-03-23 06:00:00+00:00,287.617
2024-03-23 09:00:00+00:00,290.639
2024-03-23 12:00:00+00:00,295.824
2024-03-23 15:00:00+00:00,298.459
2024-03-23 18:00:00+00:00,292.947
2024-03-23 21:00:00+00:00,290.0
2024-03-24 00:00:00+00:00,288.285
2024-03-24 03:00:00+00:00,286.66
2024-03-24 06:00:00+00:00,285.484
2024-03-24 09:00:00+00:00,289.632
2024-03-24 12:00:00+00:00,295.073
2024-03-24 15:00:00+00:00,296.21
2024-03-24 18:00:00+00:00,292.41
2024-03-24 21:00:00+00:00,287.765
2024-03-25 00:00:00+00:00,286.355
2024-03-25 03:00:00+00:00,283.843
2024-03-25 06:00:00+00:00,284.272
2024-03-25 09:00:00+00:00,285.855
2024-03-25 12:00:00+00:00,288.014
2024-03-25 15:00:00+00:00,286.086
2024-03-25 18:00:00+00:00,285.847
2024-03-25 21:00:00+00:00,283.286
2024-03-26 00:00:00+00:00,280.813
2024-03-26 03:00:00+00:00,278.692
2024-03-26 06:00:00+00:00,278.439
2024-03-26 09:00:00+00:00,278.8
2024-03-26 12:00:00+00:00,281.224
2024-03-26 15:00:00+00:00,283.083
2024-03-26 18:00:00+00:00,279.999
2024-03-26 21:00:00+00:00,276.3
2024-03-27 00:00:00+00:00,276.851
2024-03-27 03:00:00+00:00,276.512
2024-03-27 06:00:00+00:00,278.456
2024-03-27 09:00:00+00:00,280.755
2024-03-27 12:00:00+00:00,285.1
2024-03-27 15:00:00+00:00,283.5
2024-03-27 18:00:00+00:00,283.203
2024-03-27 21:00:00+00:00,283.198
2024-03-28 00:00:00+00:00,282.3
2024-03-28 03:00:00+00:00,281.046
2024-03-28 06:00:00+00:00,280.991
2024-03-28 09:00:00+00:00,280.692
2024-03-28 12:00:00+00:00,285.903
2024-03-28 15:00:00+00:00,287.187
2024-03-28 18:00:00+00:00,286.032
2024-03-28 21:00:00+00:00,285.355
2024-03-29 00:00:00+00:00,285.154
2024-03-29 03:00:00+00:00,282.542
2024-03-29 06:00:00+00:00,280.8
2024-03-29 09:00:00+00:00,280.305
2024-03-29 12:00:00+00:00,278.82
2024-03-29 15:00:00+00:00,279.664
2024-03-29 18:00:00+00:00,280.026
2024-03-29 21:00:00+00:00,277.981
2024-03-30 00:00:00+00:00,277.8
2024-03-30 03:00:00+00:00,278.092
2024-03-30 06:00:00+00:00,279.056
2024-03-30 09:00:00+00:00,279.22
2024-03-30 12:00:00+00:00,284.153
2024-03-30 15:00:00+00:00,283.051
2024-03-30 18:00:00+00:00,278.676
2024-03-30 21:00:00+00:00,279.299
2024-03-31 00:00:00+00:00,279.979
2024-03-31 03:00:00+00:00,279.211
2024-03-31 06:00:00+00:00,278.176
2024-03-31 09:00:00+00:00,278.677
2024-03-31 12:00:00+00:00,282.881
2024-03-31 15:00:00+00:00,283.361
2024-03-31 18:00:00+00:00,281.37
2024-03-31 21:00:00+00:00,278.83
2024-04-01 00:00:00+00:00,277.411
2024-04-01 03:00:00+00:00,278.035
2024-04-01 06:00:00+00:00,277.777
2024-04-01 09:00:00+00:00,279.893
2024-04-01 12:00:00+00:00,284.921
2024-04-01 15:00:00+00:00,285.307
2024-04-01 18:00:00+00:00,283.316
2024-04-01 21:00:00+00:00,280.777
2024-04-02 00:00:00+00:00,279.458
2024-04-02 03:00:00+00:00,278.551
2024-04-02 06:00:00+00:00,278.845
2024-04-02 09:00:00+00:00,282.61
2024-04-02 12:00:00+00:00,285.7
2024-04-02 15:00:00+00:00,287.5
2024-04-02 18:00:00+00:00,284.349
2024-04-02 21:00:00+00:00,283.549
2024-04-03 00:00:00+00:00,282.522
2024-04-03 03:00:00+00:00,280.456
2024-04-03 06:00:00+00:00,279.965
2024-04-03 09:00:00+00:00,284.834
2024-04-03 12:00:00+00:00,288.802
2024-04-03 15:00:00+00:00,290.253
2024-04-03 18:00:00+00:00,287.781
2024-04-03 21:00:00+00:00,284.506
2024-04-04 00:00:00+00:00,283.228
2024-04-04 03:00:00+00:00,281.798
2024-04-04 06:00:00+00:00,280.995
2024-04-04 09:00:00+00:00,285.75
2024-04-04 12:00:00+00:00,290.7
2024-04-04 15:00:00+00:00,293.203
2024-04-04 18:00:00+00:00,291.301
2024-04-04 21:00:00+00:00,287.608
2024-04-05 00:00:00+00:00,286.124
2024-04-05 03:00:00+00:00,285.024
2024-04-05 06:00:00+00:00,283.598
2024-04-05 09:00:00+00:00,288.576
2024-04-05 12:00:00+00:00,293.451
2024-04-05 15:00:00+00:00,296.634
2024-04-05 18:00:00+00:00,293.405
2024-04-05 21:00:00+00:00,289.898
2024-04-06 00:00:00+00:00,288.158
2024-04-06 03:00:00+00:00,287.517
2024-04-06 06:00:00+00:00,285.645
2024-04-06 09:00:00+00:00,292.281
2024-04-06 12:00:00+00:00,297.36
2024-04-06 15:00:00+00:00,296.215
2024-04-06 18:00:00+00:00,292.287
2024-04-06 21:00:00+00:00,290.517
2024-04-07 00:00:00+00:00,288.604
2024-04-07 03:00:00+00:00,287.949
2024-04-07 06:00:00+00:00,286.815
2024-04-07 09:00:00+00:00,289.455
2024-04-07 12:00:00+00:00,291.649
2024-04-07 15:00:00+00:00,294.455
2024-04-07 18:00:00+00:00,292.697
2024-04-07 21:00:00+00:00,288.331
2024-04-08 00:00:00+00:00,286.707
2024-04-08 03:00:00+00:00,284.341
2024-04-08 06:00:00+00:00,282.52
2024-04-08 09:00:00+00:00,285.983
2024-04-08 12:00:00+00:00,290.008
2024-04-08 15:00:00+00:00,286.795
2024-04-08 18:00:00+00:00,285.017
2024-04-08 21:00:00+00:00,282.558
2024-04-09 00:00:00+00:00,279.856
2024-04-09 03:00:00+00:00,278.41
2024-04-09 06:00:00+00:00,277.236
2024-04-09 09:00:00+00:00,281.605
2024-04-09 12:00:00+00:00,285.527
2024-04-09 15:00:00+00:00,287.923
2024-04-09 18:00:00+00:00,287.413
2024-04-09 21:00:00+00:00,283.584
2024-04-10 00:00:00+00:00,282.392
2024-04-10 03:00:00+00:00,280.393
2024-04-10 06:00:00+00:00,279.706
2024-04-10 09:00:00+00:00,284.448
2024-04-10 12:00:00+00:00,289.048
2024-04-10 15:00:00+00:00,291.643
2024-04-10 18:00:00+00:00,291.324
2024-04-10 21:00:00+00:00,287.643
2024-04-11 00:00:00+00:00,285.588
2024-04-11 03:00:00+00:00,284.152
2024-04-11 06:00:00+00:00,284.034
2024-04-11 09:00:00+00:00,289.697
2024-04-11 12:00:00+00:00,296.276
2024-04-11 15:00:00+00:00,298.652
2024-04-11 18:00:00+00:00,293.906
2024-04-11 21:00:00+00:00,289.806
2024-04-12 00:00:00+00:00,285.305
2024-04-12 03:00:00+00:00,284.5
2024-04-12 06:00:00+00:00,283.109
2024-04-12 09:00:00+00:00,288.445
2024-04-12 12:00:00+00:00,293.061
2024-04-12 15:00:00+00:00,295.351
2024-04-12 18:00:00+00:00,294.216
2024-04-12 21:00:00+00:00,290.248
2024-04-13 00:00:00+00:00,288.082
2024-04-13 03:00:00+00:00,287.336
2024-04-13 06:00:00+00:00,285.118
2024-04-13 09:00:00+00:00,291.2
2024-04-13 12:00:00+00:00,296.004
2024-04-13 15:00:00+00:00,298.208
2024-04-13 18:00:00+00:00,296.234
2024-04-13 21:00:00+00:00,291.361
2024-04-14 00:00:00+00:00,289.009
2024-04-14 03:00:00+00:00,287.002
2024-04-14 06:00:00+00:00,286.205
2024-04-14 09:00:00+00:00,291.57
2024-04-14 12:00:00+00:00,295.609
2024-04-14 15:00:00+00:00,298.0
2024-04-14 18:00:00+00:00,295.668
2024-04-14 21:00:00+00:00,291.858
2024-04-15 00:00:00+00:00,290.262
2024-04-15 03:00:00+00:00,289.052
2024-04-15 06:00:00+00:00,288.465
2024-04-15 09:00:00+00:00,293.593
2024-04-15 12:00:00+00:00,299.448
2024-04-15 15:00:00+00:00,300.472
2024-04-15 18:00:00+00:00,297.119
2024-04-15 21:00:00+00:00,291.414
2024-04-16 00:00:00+00:00,289.0
2024-04-16 03:00:00+00:00,287.519
2024-04-16 06:00:00+00:00,286.4
2024-04-16 09:00:00+00:00,291.044
2024-04-16 12:00:00+00:00,295.336
2024-04-16 15:00:00+00:00,298.542
2024-04-16 18:00:00+00:00,294.759
2024-04-16 21:00:00+00:00,290.424
2024-04-17 00:00:00+00:00,286.415
2024-04-17 03:00:00+00:00,284.09
2024-04-17 06:00:00+00:00,282.5
2024-04-17 09:00:00+00:00,286.492
2024-04-17 12:00:00+00:00,291.461
2024-04-17 15:00:00+00:00,293.41
2024-04-17 18:00:00+00:00,292.882
2024-04-17 21:00:00+00:00,287.651
2024-04-18 00:00:00+00:00,285.143
2024-04-18 03:00:00+00:00,283.6
2024-04-18 06:00:00+00:00,282.266
2024-04-18 09:00:00+00:00,287.325
2024-04-18 12:00:00+00:00,292.421
2024-04-18 15:00:00+00:00,294.445
2024-04-18 18:00:00+00:00,292.639
2024-04-18 21:00:00+00:00,286.082
2024-04-19 00:00:00+00:00,283.156
2024-04-19 03:00:00+00:00,281.205
2024-04-19 06:00:00+00:00,280.845
2024-04-19 09:00:00+00:00,285.916
2024-04-19 12:00:00+00:00,291.524
2024-04-19 15:00:00+00:00,293.46
2024-04-19 18:00:00+00:00,293.305
2024-04-19 21:00:00+00:00,287.68
2024-04-20 00:00:00+00:00,285.362
2024-04-20 03:00:00+00:00,284.809
2024-04-20 06:00:00+00:00,284.568
2024-04-20 09:00:00+00:00,289.012
2024-04-20 12:00:00+00:00,294.533
2024-04-20 15:00:00+00:00,296.156
2024-04-20 18:00:00+00:00,293.803
2024-04-20 21:00:00+00:00,288.504
2024-04-21 00:00:00+00:00,286.029
2024-04-21 03:00:00+00:00,284.108
2024-04-21 06:00:00+00:00,283.517
2024-04-21 09:00:00+00:00,288.391
2024-04-21 12:00:00+00:00,292.526
2024-04-21 15:00:00+00:00,294.435
2024-04-21 18:00:00+00:00,293.8
2024-04-21 21:00:00+00:00,288.895
2024-04-22 00:00:00+00:00,285.232
2024-04-22 03:00:00+00:00,282.977
2024-04-22 06:00:00+00:00,280.808
2024-04-22 09:00:00+00:00,285.299
2024-04-22 12:00:00+00:00,289.139
2024-04-22 15:00:00+00:00,291.027
2024-04-22 18:00:00+00:00,289.551
2024-04-22 21:00:00+00:00,282.2
2024-04-23 00:00:00+00:00,278.98
2024-04-23 03:00:00+00:00,276.939
2024-04-23 06:00:00+00:00,276.328
2024-04-23 09:00:00+00:00,281.108
2024-04-23 12:00:00+00:00,286.237
2024-04-23 15:00:00+00:00,289.356
2024-04-23 18:00:00+00:00,288.499
2024-04-23 21:00:00+00:00,282.79
2024-04-24 00:00:00+00:00,281.354
2024-04-24 03:00:00+00:00,278.555
2024-04-24 06:00:00+00:00,277.701
2024-04-24 09:00:00+00:00,282.045
2024-04-24 12:00:00+00:00,287.172
2024-04-24 15:00:00+00:00,290.576
2024-04-24 18:00:00+00:00,289.31
2024-04-24 21:00:00+00:00,284.827
2024-04-25 00:00:00+00:00,282.693
2024-04-25 03:00:00+00:00,282.158
2024-04-25 06:00:00+00:00,282.663
2024-04-25 09:00:00+00:00,285.69
2024-04-25 12:00:00+00:00,290.316
2024-04-25 15:00:00+00:00,289.427
2024-04-25 18:00:00+00:00,288.352
2024-04-25 21:00:00+00:00,285.708
2024-04-26 00:00:00+00:00,285.579
2024-04-26 03:00:00+00:00,282.524
2024-04-26 06:00:00+00:00,280.893
2024-04-26 09:00:00+00:00,284.618
2024-04-26 12:00:00+00:00,288.312
2024-04-26 15:00:00+00:00,289.943
2024-04-26 18:00:00+00:00,286.14
2024-04-26 21:00:00+00:00,284.246
2024-04-27 00:00:00+00:00,282.8
2024-04-27 03:00:00+00:00,282.9
2024-04-27 06:00:00+00:00,282.246
2024-04-27 09:00:00+00:00,283.877
2024-04-27 12:00:00+00:00,284.674
2024-04-27 15:00:00+00:00,287.869
2024-04-27 18:00:00+00:00,285.814
2024-04-27 21:00:00+00:00,281.5
2024-04-28 00:00:00+00:00,280.205
2024-04-28 03:00:00+00:00,279.515
2024-04-28 06:00:00+00:00,279.5
2024-04-28 09:00:00+00:00,283.7
2024-04-28 12:00:00+00:00,287.371
2024-04-28 15:00:00+00:00,288.899
2024-04-28 18:00:00+00:00,288.47
2024-04-28 21:00:00+00:00,283.7
2024-04-29 00:00:00+00:00,282.674
2024-04-29 03:00:00+00:00,280.899
2024-04-29 06:00:00+00:00,281.174
2024-04-29 09:00:00+00:00,286.719
2024-04-29 12:00:00+00:00,290.058
2024-04-29 15:00:00+00:00,291.185
2024-04-29 18:00:00+00:00,289.798
2024-04-29 21:00:00+00:00,285.599
2024-04-30 00:00:00+00:00,283.115
2024-04-30 03:00:00+00:00,281.442
2024-04-30 06:00:00+00:00,281.644
2024-04-30 09:00:00+00:00,286.631
2024-04-30 12:00:00+00:00,289.55
2024-04-30 15:00:00+00:00,290.114
2024-04-30 18:00:00+00:00,286.712
2024-04-30 21:00:00+00:00,283.817
2024-05-01 00:00:00+00:00,281.935
2024-05-01 03:00:00+00:00,279.623
2024-05-01 06:00:00+00:00,280.024
2024-05-01 09:00:00+00:00,283.415
2024-05-01 12:00:00+00:00,286.246
2024-05-01 15:00:00+00:00,285.951
2024-05-01 18:00:00+00:00,281.466
2024-05-01 21:00:00+00:00,280.535
2024-05-02 00:00:00+00:00,279.626
2024-05-02 03:00:00+00:00,277.9
2024-05-02 06:00:00+00:00,277.015
2024-05-02 09:00:00+00:00,282.203
2024-05-02 12:00:00+00:00,286.266
2024-05-02 15:00:00+00:00,287.701
2024-05-02 18:00:00+00:00,285.783
2024-05-02 21:00:00+00:00,281.707
2024-05-03 00:00:00+00:00,280.315
2024-05-03 03:00:00+00:00,278.969
2024-05-03 06:00:00+00:00,278.583
2024-05-03 09:00:00+00:00,284.006
2024-05-03 12:00:00+00:00,288.422
2024-05-03 15:00:00+00:00,290.684
2024-05-03 18:00:00+00:00,289.465
2024-05-03 21:00:00+00:00,285.134
2024-05-04 00:00:00+00:00,284.084
2024-05-04 03:00:00+00:00,282.417
2024-05-04 06:00:00+00:00,282.758
2024-05-04 09:00:00+00:00,288.4
2024-05-04 12:00:00+00:00,293.056
2024-05-04 15:00:00+00:00,295.381
2024-05-04 18:00:00+00:00,292.956
2024-05-04 21:00:00+00:00,289.055
2024-05-05 00:00:00+00:00,286.133
2024-05-05 03:00:00+00:00,284.872
2024-05-05 06:00:00+00:00,285.244
2024-05-05 09:00:00+00:00,288.58
2024-05-05 12:00:00+00:00,291.4
2024-05-05 15:00:00+00:00,290.507
2024-05-05 18:00:00+00:00,290.328
2024-05-05 21:00:00+00:00,286.431
2024-05-06 00:00:00+00:00,284.39
2024-05-06 03:00:00+00:00,284.739
2024-05-06 06:00:00+00:00,284.592
2024-05-06 09:00:00+00:00,286.785
2024-05-06 12:00:00+00:00,290.77
2024-05-06 15:00:00+00:00,292.2
2024-05-06 18:00:00+00:00,291.2
2024-05-06 21:00:00+00:00,286.863
2024-05-07 00:00:00+00:00,284.651
2024-05-07 03:00:00+00:00,282.938
2024-05-07 06:00:00+00:00,282.605
2024-05-07 09:00:00+00:00,288.6
2024-05-07 12:00:00+00:00,292.128
2024-05-07 15:00:00+00:00,293.656
2024-05-07 18:00:00+00:00,294.22
2024-05-07 21:00:00+00:00,289.316
2024-05-08 00:00:00+00:00,285.144
2024-05-08 03:00:00+00:00,283.332
2024-05-08 06:00:00+00:00,282.795
2024-05-08 09:00:00+00:00,288.669
2024-05-08 12:00:00+00:00,294.317
2024-05-08 15:00:00+00:00,296.676
2024-05-08 18:00:00+00:00,295.729
2024-05-08 21:00:00+00:00,289.988
2024-05-09 00:00:00+00:00,287.721
2024-05-09 03:00:00+00:00,286.235
2024-05-09 06:00:00+00:00,286.117
2024-05-09 09:00:00+00:00,290.6
2024-05-09 12:00:00+00:00,295.74
2024-05-09 15:00:00+00:00,298.148
2024-05-09 18:00:00+00:00,297.588
2024-05-09 21:00:00+00:00,292.962
2024-05-10 00:00:00+00:00,289.315
2024-05-10 03:00:00+00:00,287.672
2024-05-10 06:00:00+00:00,287.385
2024-05-10 09:00:00+00:00,292.428
2024-05-10 12:00:00+00:00,298.182
2024-05-10 15:00:00+00:00,300.547
2024-05-10 18:00:00+00:00,299.344
2024-05-10 21:00:00+00:00,293.304
2024-05-11 00:00:00+00:00,289.973
2024-05-11 03:00:00+00:00,287.903
2024-05-11 06:00:00+00:00,287.4
2024-05-11 09:00:00+00:00,292.943
2024-05-11 12:00:00+00:00,298.701
2024-05-11 15:00:00+00:00,299.962
2024-05-11 18:00:00+00:00,298.285
2024-05-11 21:00:00+00:00,293.401
2024-05-12 00:00:00+00:00,290.236
2024-05-12 03:00:00+00:00,289.48
2024-05-12 06:00:00+00:00,289.048
2024-05-12 09:00:00+00:00,294.174
2024-05-12 12:00:00+00:00,297.91
2024-05-12 15:00:00+00:00,299.264
2024-05-12 18:00:00+00:00,298.037
2024-05-12 21:00:00+00:00,293.063
2024-05-13 00:00:00+00:00,290.539
2024-05-13 03:00:00+00:00,289.416
2024-05-13 06:00:00+00:00,289.865
2024-05-13 09:00:00+00:00,294.374
2024-05-13 12:00:00+00:00,297.174
2024-05-13 15:00:00+00:00,298.546
2024-05-13 18:00:00+00:00,297.274
2024-05-13 21:00:00+00:00,291.074
2024-05-14 00:00:00+00:00,287.893
2024-05-14 03:00:00+00:00,286.018
2024-05-14 06:00:00+00:00,283.728
2024-05-14 09:00:00+00:00,288.204
2024-05-14 12:00:00+00:00,291.6
2024-05-14 15:00:00+00:00,291.512
2024-05-14 18:00:00+00:00,289.635
2024-05-14 21:00:00+00:00,287.67
2024-05-15 00:00:00+00:00,285.682
2024-05-15 03:00:00+00:00,284.281
2024-05-15 06:00:00+00:00,282.767
2024-05-15 09:00:00+00:00,286.198
2024-05-15 12:00:00+00:00,289.625
2024-05-15 15:00:00+00:00,290.56
2024-05-15 18:00:00+00:00,288.231
2024-05-15 21:00:00+00:00,285.616
2024-05-16 00:00:00+00:00,283.456
2024-05-16 03:00:00+00:00,280.42
2024-05-16 06:00:00+00:00,282.501
2024-05-16 09:00:00+00:00,285.989
2024-05-16 12:00:00+00:00,288.8
2024-05-16 15:00:00+00:00,290.005
2024-05-16 18:00:00+00:00,289.529
2024-05-16 21:00:00+00:00,286.249
2024-05-17 00:00:00+00:00,285.63
2024-05-17 03:00:00+00:00,284.422
2024-05-17 06:00:00+00:00,283.747
2024-05-17 09:00:00+00:00,287.904
2024-05-17 12:00:00+00:00,291.21
2024-05-17 15:00:00+00:00,290.539
2024-05-17 18:00:00+00:00,288.9
2024-05-17 21:00:00+00:00,288.465
2024-05-18 00:00:00+00:00,286.648
2024-05-18 03:00:00+00:00,284.092
2024-05-18 06:00:00+00:00,283.997
2024-05-18 09:00:00+00:00,288.245
2024-05-18 12:00:00+00:00,291.945
2024-05-18 15:00:00+00:00,293.559
2024-05-18 18:00:00+00:00,292.739
2024-05-18 21:00:00+00:00,288.021
2024-05-19 00:00:00+00:00,286.659
2024-05-19 03:00:00+00:00,284.125
2024-05-19 06:00:00+00:00,284.322
2024-05-19 09:00:00+00:00,288.965
2024-05-19 12:00:00+00:00,292.758
2024-05-19 15:00:00+00:00,294.1
2024-05-19 18:00:00+00:00,292.555
2024-05-19 21:00:00+00:00,288.021
2024-05-20 00:00:00+00:00,286.659
2024-05-20 03:00:00+00:00,283.697
2024-05-20 06:00:00+00:00,284.093
2024-05-20 09:00:00+00:00,288.425
2024-05-20 12:00:00+00:00,292.51
2024-05-20 15:00:00+00:00,292.765
2024-05-20 18:00:00+00:00,289.031
2024-05-20 21:00:00+00:00,287.973
2024-05-21 00:00:00+00:00,286.31
2024-05-21 03:00:00+00:00,285.405
2024-05-21 06:00:00+00:00,285.309
2024-05-21 09:00:00+00:00,288.6
2024-05-21 12:00:00+00:00,292.528
2024-05-21 15:00:00+00:00,291.069
2024-05-21 18:00:00+00:00,290.976
2024-05-21 21:00:00+00:00,287.41
2024-05-22 00:00:00+00:00,285.935
2024-05-22 03:00:00+00:00,283.662
2024-05-22 06:00:00+00:00,283.8
2024-05-22 09:00:00+00:00,288.339
2024-05-22 12:00:00+00:00,291.845
2024-05-22 15:00:00+00:00,293.658
2024-05-22 18:00:00+00:00,293.109
2024-05-22 21:00:00+00:00,289.558
2024-05-23 00:00:00+00:00,286.664
2024-05-23 03:00:00+00:00,284.724
2024-05-23 06:00:00+00:00,284.788
2024-05-23 09:00:00+00:00,290.038
2024-05-23 12:00:00+00:00,293.839
2024-05-23 15:00:00+00:00,296.031
2024-05-23 18:00:00+00:00,296.231
2024-05-23 21:00:00+00:00,291.196
2024-05-24 00:00:00+00:00,288.629
2024-05-24 03:00:00+00:00,286.108
2024-05-24 06:00:00+00:00,286.201
2024-05-24 09:00:00+00:00,291.01
2024-05-24 12:00:00+00:00,296.032
2024-05-24 15:00:00+00:00,298.436
2024-05-24 18:00:00+00:00,298.6
2024-05-24 21:00:00+00:00,293.267
2024-05-25 00:00:00+00:00,290.665
2024-05-25 03:00:00+00:00,288.8
2024-05-25 06:00:00+00:00,289.076
2024-05-25 09:00:00+00:00,294.906
2024-05-25 12:00:00+00:00,299.443
2024-05-25 15:00:00+00:00,300.809
2024-05-25 18:00:00+00:00,298.769
2024-05-25 21:00:00+00:00,292.899
2024-05-26 00:00:00+00:00,291.115
2024-05-26 03:00:00+00:00,288.159
2024-05-26 06:00:00+00:00,289.359
2024-05-26 09:00:00+00:00,294.711
2024-05-26 12:00:00+00:00,299.144
2024-05-26 15:00:00+00:00,300.826
2024-05-26 18:00:00+00:00,298.635
2024-05-26 21:00:00+00:00,294.355
2024-05-27 00:00:00+00:00,291.449
2024-05-27 03:00:00+00:00,289.516
2024-05-27 06:00:00+00:00,290.043
2024-05-27 09:00:00+00:00,295.051
2024-05-27 12:00:00+00:00,298.8
2024-05-27 15:00:00+00:00,300.921
2024-05-27 18:00:00+00:00,300.743
2024-05-27 21:00:00+00:00,295.822
2024-05-28 00:00:00+00:00,291.953
2024-05-28 03:00:00+00:00,290.314
2024-05-28 06:00:00+00:00,290.73
2024-05-28 09:00:00+00:00,294.508
2024-05-28 12:00:00+00:00,299.448
2024-05-28 15:00:00+00:00,301.708
2024-05-28 18:00:00+00:00,301.941
2024-05-28 21:00:00+00:00,296.577
2024-05-29 00:00:00+00:00,295.651
2024-05-29 03:00:00+00:00,293.2
2024-05-29 06:00:00+00:00,292.751
2024-05-29 09:00:00+00:00,297.4
2024-05-29 12:00:00+00:00,302.342
2024-05-29 15:00:00+00:00,305.06
2024-05-29 18:00:00+00:00,304.663
2024-05-29 21:00:00+00:00,299.635
2024-05-30 00:00:00+00:00,295.797
2024-05-30 03:00:00+00:00,294.219
2024-05-30 06:00:00+00:00,293.581
2024-05-30 09:00:00+00:00,299.342
2024-05-30 12:00:00+00:00,303.454
2024-05-30 15:00:00+00:00,305.657
2024-05-30 18:00:00+00:00,304.594
2024-05-30 21:00:00+00:00,295.145
2024-05-31 00:00:00+00:00,292.774
2024-05-31 03:00:00+00:00,290.943
2024-05-31 06:00:00+00:00,289.873
2024-05-31 09:00:00+00:00,294.677
2024-05-31 12:00:00+00:00,299.641
2024-05-31 15:00:00+00:00,301.453
2024-05-31 18:00:00+00:00,301.214
2024-05-31 21:00:00+00:00,294.859
2024-06-01 00:00:00+00:00,289.489
2024-06-01 03:00:00+00:00,287.502
2024-06-01 06:00:00+00:00,287.159
2024-06-01 09:00:00+00:00,292.232
2024-06-01 12:00:00+00:00,297.462
2024-06-01 15:00:00+00:00,299.843
2024-06-01 18:00:00+00:00,297.54
2024-06-01 21:00:00+00:00,291.993
2024-06-02 00:00:00+00:00,288.119
2024-06-02 03:00:00+00:00,286.253
2024-06-02 06:00:00+00:00,285.889
2024-06-02 09:00:00+00:00,292.192
2024-06-02 12:00:00+00:00,296.631
2024-06-02 15:00:00+00:00,298.798
2024-06-02 18:00:00+00:00,299.141
2024-06-02 21:00:00+00:00,294.19
2024-06-03 00:00:00+00:00,290.745
2024-06-03 03:00:00+00:00,288.706
2024-06-03 06:00:00+00:00,289.067
2024-06-03 09:00:00+00:00,293.643
2024-06-03 12:00:00+00:00,299.299
2024-06-03 15:00:00+00:00,301.643
2024-06-03 18:00:00+00:00,298.538
2024-06-03 21:00:00+00:00,294.6
2024-06-04 00:00:00+00:00,291.735
2024-06-04 03:00:00+00:00,290.223
2024-06-04 06:00:00+00:00,290.249
2024-06-04 09:00:00+00:00,295.689
2024-06-04 12:00:00+00:00,300.785
2024-06-04 15:00:00+00:00,303.1
2024-06-04 18:00:00+00:00,301.229
2024-06-04 21:00:00+00:00,299.115
2024-06-05 00:00:00+00:00,295.466
2024-06-05 03:00:00+00:00,293.366
2024-06-05 06:00:00+00:00,293.017
2024-06-05 09:00:00+00:00,298.521
2024-06-05 12:00:00+00:00,303.556
2024-06-05 15:00:00+00:00,304.875
2024-06-05 18:00:00+00:00,305.0
2024-06-05 21:00:00+00:00,299.241
2024-06-06 00:00:00+00:00,296.659
2024-06-06 03:00:00+00:00,295.358
2024-06-06 06:00:00+00:00,293.911
2024-06-06 09:00:00+00:00,299.234
2024-06-06 12:00:00+00:00,305.106
2024-06-06 15:00:00+00:00,306.4
2024-06-06 18:00:00+00:00,306.446
2024-06-06 21:00:00+00:00,294.471
2024-06-07 00:00:00+00:00,295.188
2024-06-07 03:00:00+00:00,294.656
2024-06-07 06:00:00+00:00,294.671
2024-06-07 09:00:00+00:00,299.2
2024-06-07 12:00:00+00:00,305.069
2024-06-07 15:00:00+00:00,306.8
2024-06-07 18:00:00+00:00,293.734
2024-06-07 21:00:00+00:00,297.67
2024-06-08 00:00:00+00:00,293.995
2024-06-08 03:00:00+00:00,290.611
2024-06-08 06:00:00+00:00,290.165
2024-06-08 09:00:00+00:00,293.244
2024-06-08 12:00:00+00:00,297.319
2024-06-08 15:00:00+00:00,299.658
2024-06-08 18:00:00+00:00,298.955
2024-06-08 21:00:00+00:00,290.419
2024-06-09 00:00:00+00:00,291.093
2024-06-09 03:00:00+00:00,290.083
2024-06-09 06:00:00+00:00,290.799
2024-06-09 09:00:00+00:00,294.042
2024-06-09 12:00:00+00:00,296.257
2024-06-09 15:00:00+00:00,296.509
2024-06-09 18:00:00+00:00,296.621
2024-06-09 21:00:00+00:00,293.515
2024-06-10 00:00:00+00:00,292.366
2024-06-10 03:00:00+00:00,290.712
2024-06-10 06:00:00+00:00,289.324
2024-06-10 09:00:00+00:00,291.42
2024-06-10 12:00:00+00:00,293.828
2024-06-10 15:00:00+00:00,292.71
2024-06-10 18:00:00+00:00,290.344
2024-06-10 21:00:00+00:00,290.412
2024-06-11 00:00:00+00:00,289.218
2024-06-11 03:00:00+00:00,287.6
2024-06-11 06:00:00+00:00,287.154
2024-06-11 09:00:00+00:00,290.944
2024-06-11 12:00:00+00:00,294.739
2024-06-11 15:00:00+00:00,296.619
2024-06-11 18:00:00+00:00,297.705
2024-06-11 21:00:00+00:00,294.0
2024-06-12 00:00:00+00:00,291.045
2024-06-12 03:00:00+00:00,289.1
2024-06-12 06:00:00+00:00,288.0
2024-06-12 09:00:00+00:00,291.842
2024-06-12 12:00:00+00:00,295.602
2024-06-12 15:00:00+00:00,290.836
2024-06-12 18:00:00+00:00,295.586
2024-06-12 21:00:00+00:00,293.003
2024-06-13 00:00:00+00:00,289.201
2024-06-13 03:00:00+00:00,287.5
2024-06-13 06:00:00+00:00,287.505
2024-06-13 09:00:00+00:00,292.105
2024-06-13 12:00:00+00:00,297.742
2024-06-13 15:00:00+00:00,300.1
2024-06-13 18:00:00+00:00,300.103
2024-06-13 21:00:00+00:00,295.374
2024-06-14 00:00:00+00:00,293.5
2024-06-14 03:00:00+00:00,291.345
2024-06-14 06:00:00+00:00,291.79
2024-06-14 09:00:00+00:00,297.019
2024-06-14 12:00:00+00:00,300.788
2024-06-14 15:00:00+00:00,302.541
2024-06-14 18:00:00+00:00,301.876
2024-06-14 21:00:00+00:00,295.994
2024-06-15 00:00:00+00:00,293.844
2024-06-15 03:00:00+00:00,291.141
2024-06-15 06:00:00+00:00,290.531
2024-06-15 09:00:00+00:00,294.315
2024-06-15 12:00:00+00:00,298.4
2024-06-15 15:00:00+00:00,300.71
2024-06-15 18:00:00+00:00,300.034
2024-06-15 21:00:00+00:00,294.852
2024-06-16 00:00:00+00:00,291.997
2024-06-16 03:00:00+00:00,290.567
2024-06-16 06:00:00+00:00,290.921
2024-06-16 09:00:00+00:00,295.002
2024-06-16 12:00:00+00:00,299.0
2024-06-16 15:00:00+00:00,301.352
2024-06-16 18:00:00+00:00,300.9
2024-06-16 21:00:00+00:00,296.383
2024-06-17 00:00:00+00:00,293.733
2024-06-17 03:00:00+00:00,290.581
2024-06-17 06:00:00+00:00,290.305
2024-06-17 09:00:00+00:00,295.2
2024-06-17 12:00:00+00:00,299.906
2024-06-17 15:00:00+00:00,302.507
2024-06-17 18:00:00+00:00,301.801
2024-06-17 21:00:00+00:00,296.4
2024-06-18 00:00:00+00:00,294.801
2024-06-18 03:00:00+00:00,292.856
2024-06-18 06:00:00+00:00,291.704
2024-06-18 09:00:00+00:00,295.704
2024-06-18 12:00:00+00:00,299.404
2024-06-18 15:00:00+00:00,297.0
2024-06-18 18:00:00+00:00,292.446
2024-06-18 21:00:00+00:00,291.612
2024-06-19 00:00:00+00:00,289.737
2024-06-19 03:00:00+00:00,288.015
2024-06-19 06:00:00+00:00,287.585
2024-06-19 09:00:00+00:00,291.839
2024-06-19 12:00:00+00:00,294.898
2024-06-19 15:00:00+00:00,294.795
2024-06-19 18:00:00+00:00,295.303
2024-06-19 21:00:00+00:00,289.063
2024-06-20 00:00:00+00:00,287.946
2024-06-20 03:00:00+00:00,286.389
2024-06-20 06:00:00+00:00,285.5
2024-06-20 09:00:00+00:00,289.363
2024-06-20 12:00:00+00:00,293.695
2024-06-20 15:00:00+00:00,294.591
2024-06-20 18:00:00+00:00,294.3
2024-06-20 21:00:00+00:00,291.07
2024-06-21 00:00:00+00:00,289.663
2024-06-21 03:00:00+00:00,288.479
2024-06-21 06:00:00+00:00,288.539
2024-06-21 09:00:00+00:00,292.142
2024-06-21 12:00:00+00:00,295.956
2024-06-21 15:00:00+00:00,298.656
2024-06-21 18:00:00+00:00,299.185
2024-06-21 21:00:00+00:00,295.817
2024-06-22 00:00:00+00:00,294.535
2024-06-22 03:00:00+00:00,292.1
2024-06-22 06:00:00+00:00,291.9
2024-06-22 09:00:00+00:00,296.193
2024-06-22 12:00:00+00:00,300.837
2024-06-22 15:00:00+00:00,302.814
2024-06-22 18:00:00+00:00,301.059
2024-06-22 21:00:00+00:00,297.869
2024-06-23 00:00:00+00:00,294.349
2024-06-23 03:00:00+00:00,292.077
2024-06-23 06:00:00+00:00,291.561
2024-06-23 09:00:00+00:00,295.743
2024-06-23 12:00:00+00:00,299.951
2024-06-23 15:00:00+00:00,301.567
2024-06-23 18:00:00+00:00,302.6
2024-06-23 21:00:00+00:00,299.304
2024-06-24 00:00:00+00:00,294.398
2024-06-24 03:00:00+00:00,292.115
2024-06-24 06:00:00+00:00,291.895
2024-06-24 09:00:00+00:00,296.402
2024-06-24 12:00:00+00:00,300.217
2024-06-24 15:00:00+00:00,303.0
2024-06-24 18:00:00+00:00,303.944
2024-06-24 21:00:00+00:00,300.4
2024-06-25 00:00:00+00:00,299.555
2024-06-25 03:00:00+00:00,293.844
2024-06-25 06:00:00+00:00,293.244
2024-06-25 09:00:00+00:00,298.24
2024-06-25 12:00:00+00:00,303.6
2024-06-25 15:00:00+00:00,306.625
2024-06-25 18:00:00+00:00,299.751
2024-06-25 21:00:00+00:00,299.598
2024-06-26 00:00:00+00:00,296.965
2024-06-26 03:00:00+00:00,296.039
2024-06-26 06:00:00+00:00,294.978
2024-06-26 09:00:00+00:00,298.462
2024-06-26 12:00:00+00:00,302.324
2024-06-26 15:00:00+00:00,304.502
2024-06-26 18:00:00+00:00,301.363
2024-06-26 21:00:00+00:00,296.972
2024-06-27 00:00:00+00:00,296.146
2024-06-27 03:00:00+00:00,294.443
2024-06-27 06:00:00+00:00,294.449
2024-06-27 09:00:00+00:00,298.07
2024-06-27 12:00:00+00:00,303.6
2024-06-27 15:00:00+00:00,306.01
2024-06-27 18:00:00+00:00,303.5
2024-06-27 21:00:00+00:00,298.969
2024-06-28 00:00:00+00:00,295.503
2024-06-28 03:00:00+00:00,293.696
2024-06-28 06:00:00+00:00,293.144
2024-06-28 09:00:00+00:00,296.696
2024-06-28 12:00:00+00:00,298.226
2024-06-28 15:00:00+00:00,294.834
2024-06-28 18:00:00+00:00,292.342
2024-06-28 21:00:00+00:00,292.523
2024-06-29 00:00:00+00:00,290.561
2024-06-29 03:00:00+00:00,289.331
2024-06-29 06:00:00+00:00,289.058
2024-06-29 09:00:00+00:00,292.701
2024-06-29 12:00:00+00:00,294.7
2024-06-29 15:00:00+00:00,297.061
2024-06-29 18:00:00+00:00,295.191
2024-06-29 21:00:00+00:00,292.041
2024-06-30 00:00:00+00:00,290.142
2024-06-30 03:00:00+00:00,289.809
2024-06-30 06:00:00+00:00,290.2
2024-06-30 09:00:00+00:00,292.704
2024-06-30 12:00:00+00:00,295.747
2024-06-30 15:00:00+00:00,297.6
2024-06-30 18:00:00+00:00,297.754
2024-06-30 21:00:00+00:00,294.456
2024-07-01 00:00:00+00:00,292.816
2024-07-01 03:00:00+00:00,291.832
2024-07-01 06:00:00+00:00,291.773
2024-07-01 09:00:00+00:00,296.4
2024-07-01 12:00:00+00:00,299.924
2024-07-01 15:00:00+00:00,302.051
2024-07-01 18:00:00+00:00,302.473
2024-07-01 21:00:00+00:00,297.798
2024-07-02 00:00:00+00:00,293.549
2024-07-02 03:00:00+00:00,291.326
2024-07-02 06:00:00+00:00,290.924
2024-07-02 09:00:00+00:00,294.833
2024-07-02 12:00:00+00:00,299.455
2024-07-02 15:00:00+00:00,302.52
2024-07-02 18:00:00+00:00,303.503
2024-07-02 21:00:00+00:00,299.043
2024-07-03 00:00:00+00:00,295.898
2024-07-03 03:00:00+00:00,293.317
2024-07-03 06:00:00+00:00,293.186
2024-07-03 09:00:00+00:00,297.516
2024-07-03 12:00:00+00:00,302.166
2024-07-03 15:00:00+00:00,305.157
2024-07-03 18:00:00+00:00,305.746
2024-07-03 21:00:00+00:00,301.425
2024-07-04 00:00:00+00:00,298.71
2024-07-04 03:00:00+00:00,296.63
2024-07-04 06:00:00+00:00,296.0
2024-07-04 09:00:00+00:00,301.233
2024-07-04 12:00:00+00:00,305.095
2024-07-04 15:00:00+00:00,307.5
2024-07-04 18:00:00+00:00,307.812
2024-07-04 21:00:00+00:00,303.897
2024-07-05 00:00:00+00:00,301.027
2024-07-05 03:00:00+00:00,297.2
2024-07-05 06:00:00+00:00,296.397
2024-07-05 09:00:00+00:00,301.516
2024-07-05 12:00:00+00:00,307.439
2024-07-05 15:00:00+00:00,309.604
2024-07-05 18:00:00+00:00,309.5
2024-07-05 21:00:00+00:00,304.121
2024-07-06 00:00:00+00:00,299.732
2024-07-06 03:00:00+00:00,297.612
2024-07-06 06:00:00+00:00,296.38
2024-07-06 09:00:00+00:00,300.865
2024-07-06 12:00:00+00:00,303.905
2024-07-06 15:00:00+00:00,305.431
2024-07-06 18:00:00+00:00,303.535
2024-07-06 21:00:00+00:00,295.642
2024-07-07 00:00:00+00:00,293.082
2024-07-07 03:00:00+00:00,292.192
2024-07-07 06:00:00+00:00,291.64
2024-07-07 09:00:00+00:00,295.491
2024-07-07 12:00:00+00:00,300.829
2024-07-07 15:00:00+00:00,303.109
2024-07-07 18:00:00+00:00,302.728
2024-07-07 21:00:00+00:00,297.456
2024-07-08 00:00:00+00:00,295.252
2024-07-08 03:00:00+00:00,293.597
2024-07-08 06:00:00+00:00,292.9
2024-07-08 09:00:00+00:00,297.784
2024-07-08 12:00:00+00:00,301.932
2024-07-08 15:00:00+00:00,304.166
2024-07-08 18:00:00+00:00,304.714
2024-07-08 21:00:00+00:00,299.088
2024-07-09 00:00:00+00:00,295.975
2024-07-09 03:00:00+00:00,294.091
2024-07-09 06:00:00+00:00,292.997
2024-07-09 09:00:00+00:00,298.294
2024-07-09 12:00:00+00:00,302.588
2024-07-09 15:00:00+00:00,304.914
2024-07-09 18:00:00+00:00,304.2
2024-07-09 21:00:00+00:00,298.569
2024-07-10 00:00:00+00:00,296.099
2024-07-10 03:00:00+00:00,293.76
2024-07-10 06:00:00+00:00,293.166
2024-07-10 09:00:00+00:00,298.323
2024-07-10 12:00:00+00:00,302.894
2024-07-10 15:00:00+00:00,305.923
2024-07-10 18:00:00+00:00,305.866
2024-07-10 21:00:00+00:00,300.668
2024-07-11 00:00:00+00:00,298.709
2024-07-11 03:00:00+00:00,296.933
2024-07-11 06:00:00+00:00,296.361
2024-07-11 09:00:00+00:00,301.987
2024-07-11 12:00:00+00:00,305.931
2024-07-11 15:00:00+00:00,307.715
2024-07-11 18:00:00+00:00,306.079
2024-07-11 21:00:00+00:00,301.712
2024-07-12 00:00:00+00:00,298.561
2024-07-12 03:00:00+00:00,295.178
2024-07-12 06:00:00+00:00,294.625
2024-07-12 09:00:00+00:00,299.156
2024-07-12 12:00:00+00:00,302.618
2024-07-12 15:00:00+00:00,304.626
2024-07-12 18:00:00+00:00,304.983
2024-07-12 21:00:00+00:00,300.0
2024-07-13 00:00:00+00:00,295.718
2024-07-13 03:00:00+00:00,293.114
2024-07-13 06:00:00+00:00,292.773
2024-07-13 09:00:00+00:00,298.503
2024-07-13 12:00:00+00:00,303.903
2024-07-13 15:00:00+00:00,306.525
2024-07-13 18:00:00+00:00,305.596
2024-07-13 21:00:00+00:00,298.115
2024-07-14 00:00:00+00:00,295.39
2024-07-14 03:00:00+00:00,292.817
2024-07-14 06:00:00+00:00,292.211
2024-07-14 09:00:00+00:00,297.935
2024-07-14 12:00:00+00:00,302.5
2024-07-14 15:00:00+00:00,304.791
2024-07-14 18:00:00+00:00,304.081
2024-07-14 21:00:00+00:00,297.825
2024-07-15 00:00:00+00:00,295.308
2024-07-15 03:00:00+00:00,293.426
2024-07-15 06:00:00+00:00,292.688
2024-07-15 09:00:00+00:00,296.965
2024-07-15 12:00:00+00:00,301.155
2024-07-15 15:00:00+00:00,300.959
2024-07-15 18:00:00+00:00,301.096
2024-07-15 21:00:00+00:00,297.285
2024-07-16 00:00:00+00:00,294.565
2024-07-16 03:00:00+00:00,291.134
2024-07-16 06:00:00+00:00,291.134
2024-07-16 09:00:00+00:00,295.957
2024-07-16 12:00:00+00:00,301.197
2024-07-16 15:00:00+00:00,304.12
2024-07-16 18:00:00+00:00,304.298
2024-07-16 21:00:00+00:00,298.205
2024-07-17 00:00:00+00:00,296.2
2024-07-17 03:00:00+00:00,293.324
2024-07-17 06:00:00+00:00,293.63
2024-07-17 09:00:00+00:00,298.861
2024-07-17 12:00:00+00:00,305.067
2024-07-17 15:00:00+00:00,307.058
2024-07-17 18:00:00+00:00,307.588
2024-07-17 21:00:00+00:00,300.695
2024-07-18 00:00:00+00:00,297.235
2024-07-18 03:00:00+00:00,293.501
2024-07-18 06:00:00+00:00,294.504
2024-07-18 09:00:00+00:00,300.772
2024-07-18 12:00:00+00:00,306.5
2024-07-18 15:00:00+00:00,309.045
2024-07-18 18:00:00+00:00,308.391
2024-07-18 21:00:00+00:00,302.9
2024-07-19 00:00:00+00:00,300.233
2024-07-19 03:00:00+00:00,298.024
2024-07-19 06:00:00+00:00,297.315
2024-07-19 09:00:00+00:00,303.722
2024-07-19 12:00:00+00:00,308.622
2024-07-19 15:00:00+00:00,310.196
2024-07-19 18:00:00+00:00,309.618
2024-07-19 21:00:00+00:00,303.059
2024-07-20 00:00:00+00:00,299.679
2024-07-20 03:00:00+00:00,296.825
2024-07-20 06:00:00+00:00,295.431
2024-07-20 09:00:00+00:00,302.182
2024-07-20 12:00:00+00:00,306.019
2024-07-20 15:00:00+00:00,307.918
2024-07-20 18:00:00+00:00,306.124
2024-07-20 21:00:00+00:00,300.047
2024-07-21 00:00:00+00:00,297.039
2024-07-21 03:00:00+00:00,294.524
2024-07-21 06:00:00+00:00,293.14
2024-07-21 09:00:00+00:00,297.481
2024-07-21 12:00:00+00:00,301.958
2024-07-21 15:00:00+00:00,303.993
2024-07-21 18:00:00+00:00,305.274
2024-07-21 21:00:00+00:00,299.214
2024-07-22 00:00:00+00:00,295.058
2024-07-22 03:00:00+00:00,292.331
2024-07-22 06:00:00+00:00,292.532
2024-07-22 09:00:00+00:00,298.651
2024-07-22 12:00:00+00:00,304.035
2024-07-22 15:00:00+00:00,306.337
2024-07-22 18:00:00+00:00,306.833
2024-07-22 21:00:00+00:00,299.564
2024-07-23 00:00:00+00:00,299.244
2024-07-23 03:00:00+00:00,296.669
2024-07-23 06:00:00+00:00,296.144
2024-07-23 09:00:00+00:00,301.223
2024-07-23 12:00:00+00:00,307.215
2024-07-23 15:00:00+00:00,309.686
2024-07-23 18:00:00+00:00,309.854
2024-07-23 21:00:00+00:00,302.666
2024-07-24 00:00:00+00:00,301.058
2024-07-24 03:00:00+00:00,299.3
2024-07-24 06:00:00+00:00,298.3
2024-07-24 09:00:00+00:00,304.258
2024-07-24 12:00:00+00:00,309.733
2024-07-24 15:00:00+00:00,311.781
2024-07-24 18:00:00+00:00,311.564
2024-07-24 21:00:00+00:00,305.1
2024-07-25 00:00:00+00:00,302.662
2024-07-25 03:00:00+00:00,299.6
2024-07-25 06:00:00+00:00,298.516
2024-07-25 09:00:00+00:00,304.516
2024-07-25 12:00:00+00:00,309.8
2024-07-25 15:00:00+00:00,310.9
2024-07-25 18:00:00+00:00,310.414
2024-07-25 21:00:00+00:00,304.242
2024-07-26 00:00:00+00:00,299.606
2024-07-26 03:00:00+00:00,297.311
2024-07-26 06:00:00+00:00,295.211
2024-07-26 09:00:00+00:00,301.525
2024-07-26 12:00:00+00:00,306.97
2024-07-26 15:00:00+00:00,309.473
2024-07-26 18:00:00+00:00,309.405
2024-07-26 21:00:00+00:00,304.008
2024-07-27 00:00:00+00:00,302.464
2024-07-27 03:00:00+00:00,298.4
2024-07-27 06:00:00+00:00,296.645
2024-07-27 09:00:00+00:00,302.13
2024-07-27 12:00:00+00:00,307.909
2024-07-27 15:00:00+00:00,309.937
2024-07-27 18:00:00+00:00,309.425
2024-07-27 21:00:00+00:00,302.871
2024-07-28 00:00:00+00:00,300.544
2024-07-28 03:00:00+00:00,297.667
2024-07-28 06:00:00+00:00,296.42
2024-07-28 09:00:00+00:00,302.499
2024-07-28 12:00:00+00:00,308.507
2024-07-28 15:00:00+00:00,310.807
2024-07-28 18:00:00+00:00,309.437
2024-07-28 21:00:00+00:00,303.951
2024-07-29 00:00:00+00:00,299.557
2024-07-29 03:00:00+00:00,297.729
2024-07-29 06:00:00+00:00,297.015
2024-07-29 09:00:00+00:00,301.564
2024-07-29 12:00:00+00:00,306.918
2024-07-29 15:00:00+00:00,307.82
2024-07-29 18:00:00+00:00,297.598
2024-07-29 21:00:00+00:00,297.965
2024-07-30 00:00:00+00:00,296.915
2024-07-30 03:00:00+00:00,298.7
2024-07-30 06:00:00+00:00,298.264
2024-07-30 09:00:00+00:00,300.392
2024-07-30 12:00:00+00:00,307.727
2024-07-30 15:00:00+00:00,309.709
2024-07-30 18:00:00+00:00,309.504
2024-07-30 21:00:00+00:00,303.627
2024-07-31 00:00:00+00:00,300.272
2024-07-31 03:00:00+00:00,297.91
2024-07-31 06:00:00+00:00,297.168
2024-07-31 09:00:00+00:00,303.397
2024-07-31 12:00:00+00:00,307.236
2024-07-31 15:00:00+00:00,309.222
2024-07-31 18:00:00+00:00,308.842
2024-07-31 21:00:00+00:00,302.659
2024-08-01 00:00:00+00:00,300.529
2024-08-01 03:00:00+00:00,297.931
2024-08-01 06:00:00+00:00,296.693
2024-08-01 09:00:00+00:00,302.884
2024-08-01 12:00:00+00:00,307.828
2024-08-01 15:00:00+00:00,310.042
2024-08-01 18:00:00+00:00,309.167
2024-08-01 21:00:00+00:00,301.688
2024-08-02 00:00:00+00:00,298.747
2024-08-02 03:00:00+00:00,297.045
2024-08-02 06:00:00+00:00,295.162
2024-08-02 09:00:00+00:00,301.724
2024-08-02 12:00:00+00:00,306.549
2024-08-02 15:00:00+00:00,308.105
2024-08-02 18:00:00+00:00,306.254
2024-08-02 21:00:00+00:00,301.249
2024-08-03 00:00:00+00:00,298.947
2024-08-03 03:00:00+00:00,296.45
2024-08-03 06:00:00+00:00,295.298
2024-08-03 09:00:00+00:00,300.741
2024-08-03 12:00:00+00:00,305.382
2024-08-03 15:00:00+00:00,307.84
2024-08-03 18:00:00+00:00,307.875
2024-08-03 21:00:00+00:00,302.269
2024-08-04 00:00:00+00:00,300.563
2024-08-04 03:00:00+00:00,298.25
2024-08-04 06:00:00+00:00,296.785
2024-08-04 09:00:00+00:00,301.565
2024-08-04 12:00:00+00:00,307.006
2024-08-04 15:00:00+00:00,309.467
2024-08-04 18:00:00+00:00,309.112
2024-08-04 21:00:00+00:00,303.345
2024-08-05 00:00:00+00:00,301.016
2024-08-05 03:00:00+00:00,299.466
2024-08-05 06:00:00+00:00,297.045
2024-08-05 09:00:00+00:00,302.224
2024-08-05 12:00:00+00:00,308.994
2024-08-05 15:00:00+00:00,310.583
2024-08-05 18:00:00+00:00,309.64
2024-08-05 21:00:00+00:00,303.057
2024-08-06 00:00:00+00:00,300.766
2024-08-06 03:00:00+00:00,297.392
2024-08-06 06:00:00+00:00,297.38
2024-08-06 09:00:00+00:00,303.526
2024-08-06 12:00:00+00:00,308.871
2024-08-06 15:00:00+00:00,309.869
2024-08-06 18:00:00+00:00,308.94
2024-08-06 21:00:00+00:00,302.564
2024-08-07 00:00:00+00:00,299.542
2024-08-07 03:00:00+00:00,298.616
2024-08-07 06:00:00+00:00,297.2
2024-08-07 09:00:00+00:00,302.6
2024-08-07 12:00:00+00:00,307.824
2024-08-07 15:00:00+00:00,309.753
2024-08-07 18:00:00+00:00,309.214
2024-08-07 21:00:00+00:00,302.07
2024-08-08 00:00:00+00:00,298.297
2024-08-08 03:00:00+00:00,297.845
2024-08-08 06:00:00+00:00,297.121
2024-08-08 09:00:00+00:00,302.003
2024-08-08 12:00:00+00:00,307.361
2024-08-08 15:00:00+00:00,310.256
2024-08-08 18:00:00+00:00,309.776
2024-08-08 21:00:00+00:00,302.476
2024-08-09 00:00:00+00:00,299.674
2024-08-09 03:00:00+00:00,298.306
2024-08-09 06:00:00+00:00,297.005
2024-08-09 09:00:00+00:00,303.083
2024-08-09 12:00:00+00:00,308.956
2024-08-09 15:00:00+00:00,311.066
2024-08-09 18:00:00+00:00,310.351
2024-08-09 21:00:00+00:00,302.806
2024-08-10 00:00:00+00:00,300.034
2024-08-10 03:00:00+00:00,298.761
2024-08-10 06:00:00+00:00,297.383
2024-08-10 09:00:00+00:00,303.693
2024-08-10 12:00:00+00:00,309.3
2024-08-10 15:00:00+00:00,311.1
2024-08-10 18:00:00+00:00,309.575
2024-08-10 21:00:00+00:00,303.455
2024-08-11 00:00:00+00:00,300.824
2024-08-11 03:00:00+00:00,297.957
2024-08-11 06:00:00+00:00,296.808
2024-08-11 09:00:00+00:00,302.522
2024-08-11 12:00:00+00:00,308.07
2024-08-11 15:00:00+00:00,310.392
2024-08-11 18:00:00+00:00,309.68
2024-08-11 21:00:00+00:00,302.923
2024-08-12 00:00:00+00:00,299.918
2024-08-12 03:00:00+00:00,297.607
2024-08-12 06:00:00+00:00,296.254
2024-08-12 09:00:00+00:00,301.917
2024-08-12 12:00:00+00:00,306.745
2024-08-12 15:00:00+00:00,308.66
2024-08-12 18:00:00+00:00,307.832
2024-08-12 21:00:00+00:00,301.398
2024-08-13 00:00:00+00:00,298.204
2024-08-13 03:00:00+00:00,296.449
2024-08-13 06:00:00+00:00,295.224
2024-08-13 09:00:00+00:00,299.811
2024-08-13 12:00:00+00:00,301.303
2024-08-13 15:00:00+00:00,304.369
2024-08-13 18:00:00+00:00,301.976
2024-08-13 21:00:00+00:00,299.513
2024-08-14 00:00:00+00:00,297.673
2024-08-14 03:00:00+00:00,293.721
2024-08-14 06:00:00+00:00,293.302
2024-08-14 09:00:00+00:00,298.039
2024-08-14 12:00:00+00:00,301.167
2024-08-14 15:00:00+00:00,302.986
2024-08-14 18:00:00+00:00,302.033
2024-08-14 21:00:00+00:00,298.376
2024-08-15 00:00:00+00:00,293.626
2024-08-15 03:00:00+00:00,290.868
2024-08-15 06:00:00+00:00,289.78
2024-08-15 09:00:00+00:00,294.41
2024-08-15 12:00:00+00:00,299.477
2024-08-15 15:00:00+00:00,302.344
2024-08-15 18:00:00+00:00,303.265
2024-08-15 21:00:00+00:00,296.425
2024-08-16 00:00:00+00:00,295.137
2024-08-16 03:00:00+00:00,293.651
2024-08-16 06:00:00+00:00,292.424
2024-08-16 09:00:00+00:00,297.568
2024-08-16 12:00:00+00:00,302.516
2024-08-16 15:00:00+00:00,305.286
2024-08-16 18:00:00+00:00,305.514
2024-08-16 21:00:00+00:00,298.552
2024-08-17 00:00:00+00:00,297.788
2024-08-17 03:00:00+00:00,293.786
2024-08-17 06:00:00+00:00,293.243
2024-08-17 09:00:00+00:00,299.161
2024-08-17 12:00:00+00:00,305.044
2024-08-17 15:00:00+00:00,307.678
2024-08-17 18:00:00+00:00,307.01
2024-08-17 21:00:00+00:00,301.946
2024-08-18 00:00:00+00:00,299.577
2024-08-18 03:00:00+00:00,297.603
2024-08-18 06:00:00+00:00,296.419
2024-08-18 09:00:00+00:00,299.5
2024-08-18 12:00:00+00:00,303.923
2024-08-18 15:00:00+00:00,306.7
2024-08-18 18:00:00+00:00,306.928
2024-08-18 21:00:00+00:00,301.9
2024-08-19 00:00:00+00:00,296.904
2024-08-19 03:00:00+00:00,294.367
2024-08-19 06:00:00+00:00,294.0
2024-08-19 09:00:00+00:00,299.494
2024-08-19 12:00:00+00:00,304.055
2024-08-19 15:00:00+00:00,306.738
2024-08-19 18:00:00+00:00,306.688
2024-08-19 21:00:00+00:00,302.263
2024-08-20 00:00:00+00:00,298.86
2024-08-20 03:00:00+00:00,297.06
2024-08-20 06:00:00+00:00,295.363
2024-08-20 09:00:00+00:00,301.481
2024-08-20 12:00:00+00:00,305.873
2024-08-20 15:00:00+00:00,307.788
2024-08-20 18:00:00+00:00,307.665
2024-08-20 21:00:00+00:00,302.158
2024-08-21 00:00:00+00:00,296.907
2024-08-21 03:00:00+00:00,295.648
2024-08-21 06:00:00+00:00,294.992
2024-08-21 09:00:00+00:00,300.1
2024-08-21 12:00:00+00:00,306.019
2024-08-21 15:00:00+00:00,308.541
2024-08-21 18:00:00+00:00,307.799
2024-08-21 21:00:00+00:00,301.485
2024-08-22 00:00:00+00:00,298.17
2024-08-22 03:00:00+00:00,296.815
2024-08-22 06:00:00+00:00,295.672
2024-08-22 09:00:00+00:00,300.9
2024-08-22 12:00:00+00:00,306.603
2024-08-22 15:00:00+00:00,308.2
2024-08-22 18:00:00+00:00,307.02
2024-08-22 21:00:00+00:00,301.311
2024-08-23 00:00:00+00:00,299.778
2024-08-23 03:00:00+00:00,296.554
2024-08-23 06:00:00+00:00,296.624
2024-08-23 09:00:00+00:00,301.821
2024-08-23 12:00:00+00:00,306.727
2024-08-23 15:00:00+00:00,308.49
2024-08-23 18:00:00+00:00,306.948
2024-08-23 21:00:00+00:00,300.227
2024-08-24 00:00:00+00:00,299.031
2024-08-24 03:00:00+00:00,297.103
2024-08-24 06:00:00+00:00,295.644
2024-08-24 09:00:00+00:00,300.504
2024-08-24 12:00:00+00:00,306.327
2024-08-24 15:00:00+00:00,307.577
2024-08-24 18:00:00+00:00,306.529
2024-08-24 21:00:00+00:00,300.968
2024-08-25 00:00:00+00:00,297.542
2024-08-25 03:00:00+00:00,296.101
2024-08-25 06:00:00+00:00,294.447
2024-08-25 09:00:00+00:00,298.243
2024-08-25 12:00:00+00:00,303.99
2024-08-25 15:00:00+00:00,306.7
2024-08-25 18:00:00+00:00,306.091
2024-08-25 21:00:00+00:00,299.956
2024-08-26 00:00:00+00:00,296.745
2024-08-26 03:00:00+00:00,295.554
2024-08-26 06:00:00+00:00,294.55
2024-08-26 09:00:00+00:00,298.011
2024-08-26 12:00:00+00:00,302.7
2024-08-26 15:00:00+00:00,305.504
2024-08-26 18:00:00+00:00,305.2
2024-08-26 21:00:00+00:00,300.579
2024-08-27 00:00:00+00:00,299.4
2024-08-27 03:00:00+00:00,295.949
2024-08-27 06:00:00+00:00,294.265
2024-08-27 09:00:00+00:00,300.214
2024-08-27 12:00:00+00:00,305.55
2024-08-27 15:00:00+00:00,307.403
2024-08-27 18:00:00+00:00,305.942
2024-08-27 21:00:00+00:00,300.7
2024-08-28 00:00:00+00:00,298.96
2024-08-28 03:00:00+00:00,296.3
2024-08-28 06:00:00+00:00,294.8
2024-08-28 09:00:00+00:00,300.3
2024-08-28 12:00:00+00:00,305.419
2024-08-28 15:00:00+00:00,308.133
2024-08-28 18:00:00+00:00,307.012
2024-08-28 21:00:00+00:00,302.994
2024-08-29 00:00:00+00:00,298.594
2024-08-29 03:00:00+00:00,293.593
2024-08-29 06:00:00+00:00,293.396
2024-08-29 09:00:00+00:00,294.945
2024-08-29 12:00:00+00:00,298.599
2024-08-29 15:00:00+00:00,302.784
2024-08-29 18:00:00+00:00,301.371
2024-08-29 21:00:00+00:00,299.133
2024-08-30 00:00:00+00:00,296.84
2024-08-30 03:00:00+00:00,294.438
2024-08-30 06:00:00+00:00,294.128
2024-08-30 09:00:00+00:00,297.634
2024-08-30 12:00:00+00:00,302.11
2024-08-30 15:00:00+00:00,303.86
2024-08-30 18:00:00+00:00,296.595
2024-08-30 21:00:00+00:00,296.548
2024-08-31 00:00:00+00:00,295.683
2024-08-31 03:00:00+00:00,295.029
2024-08-31 06:00:00+00:00,293.583
2024-08-31 09:00:00+00:00,296.146
2024-08-31 12:00:00+00:00,299.421
2024-08-31 15:00:00+00:00,300.884
2024-08-31 18:00:00+00:00,300.988
2024-08-31 21:00:00+00:00,297.79
2024-09-01 00:00:00+00:00,294.655
2024-09-01 03:00:00+00:00,293.963
2024-09-01 06:00:00+00:00,293.924
2024-09-01 09:00:00+00:00,296.301
2024-09-01 12:00:00+00:00,298.749
2024-09-01 15:00:00+00:00,302.131
2024-09-01 18:00:00+00:00,301.825
2024-09-01 21:00:00+00:00,299.203
2024-09-02 00:00:00+00:00,297.729
2024-09-02 03:00:00+00:00,296.802
2024-09-02 06:00:00+00:00,295.696
2024-09-02 09:00:00+00:00,298.541
2024-09-02 12:00:00+00:00,302.022
2024-09-02 15:00:00+00:00,303.856
2024-09-02 18:00:00+00:00,303.393
2024-09-02 21:00:00+00:00,299.873
2024-09-03 00:00:00+00:00,297.524
2024-09-03 03:00:00+00:00,294.773
2024-09-03 06:00:00+00:00,293.693
2024-09-03 09:00:00+00:00,297.1
2024-09-03 12:00:00+00:00,300.791
2024-09-03 15:00:00+00:00,302.579
2024-09-03 18:00:00+00:00,301.922
2024-09-03 21:00:00+00:00,299.185
2024-09-04 00:00:00+00:00,294.679
2024-09-04 03:00:00+00:00,293.143
2024-09-04 06:00:00+00:00,291.654
2024-09-04 09:00:00+00:00,294.338
2024-09-04 12:00:00+00:00,297.412
2024-09-04 15:00:00+00:00,298.4
2024-09-04 18:00:00+00:00,298.232
2024-09-04 21:00:00+00:00,296.124
2024-09-05 00:00:00+00:00,292.111
2024-09-05 03:00:00+00:00,290.402
2024-09-05 06:00:00+00:00,289.579
2024-09-05 09:00:00+00:00,292.608
2024-09-05 12:00:00+00:00,296.654
2024-09-05 15:00:00+00:00,298.781
2024-09-05 18:00:00+00:00,298.803
2024-09-05 21:00:00+00:00,296.372
2024-09-06 00:00:00+00:00,293.939
2024-09-06 03:00:00+00:00,292.435
2024-09-06 06:00:00+00:00,289.973
2024-09-06 09:00:00+00:00,292.735
2024-09-06 12:00:00+00:00,296.216
2024-09-06 15:00:00+00:00,298.206
2024-09-06 18:00:00+00:00,296.555
2024-09-06 21:00:00+00:00,292.644
2024-09-07 00:00:00+00:00,290.694
2024-09-07 03:00:00+00:00,288.255
2024-09-07 06:00:00+00:00,287.145
2024-09-07 09:00:00+00:00,291.161
2024-09-07 12:00:00+00:00,295.333
2024-09-07 15:00:00+00:00,297.393
2024-09-07 18:00:00+00:00,297.091
2024-09-07 21:00:00+00:00,294.009
2024-09-08 00:00:00+00:00,291.61
2024-09-08 03:00:00+00:00,290.218
2024-09-08 06:00:00+00:00,288.899
2024-09-08 09:00:00+00:00,293.6
2024-09-08 12:00:00+00:00,297.188
2024-09-08 15:00:00+00:00,299.49
2024-09-08 18:00:00+00:00,298.208
2024-09-08 21:00:00+00:00,295.232
2024-09-09 00:00:00+00:00,292.695
2024-09-09 03:00:00+00:00,290.943
2024-09-09 06:00:00+00:00,289.924
2024-09-09 09:00:00+00:00,293.856
2024-09-09 12:00:00+00:00,297.98
2024-09-09 15:00:00+00:00,300.062
2024-09-09 18:00:00+00:00,299.598
2024-09-09 21:00:00+00:00,296.052
2024-09-10 00:00:00+00:00,294.105
2024-09-10 03:00:00+00:00,292.097
2024-09-10 06:00:00+00:00,291.013
2024-09-10 09:00:00+00:00,295.54
2024-09-10 12:00:00+00:00,299.486
2024-09-10 15:00:00+00:00,301.802
2024-09-10 18:00:00+00:00,300.868
2024-09-10 21:00:00+00:00,297.633
2024-09-11 00:00:00+00:00,295.278
2024-09-11 03:00:00+00:00,293.435
2024-09-11 06:00:00+00:00,291.828
2024-09-11 09:00:00+00:00,295.541
2024-09-11 12:00:00+00:00,299.2
2024-09-11 15:00:00+00:00,301.603
2024-09-11 18:00:00+00:00,299.855
2024-09-11 21:00:00+00:00,296.141
2024-09-12 00:00:00+00:00,293.795
2024-09-12 03:00:00+00:00,292.33
2024-09-12 06:00:00+00:00,290.911
2024-09-12 09:00:00+00:00,294.555
2024-09-12 12:00:00+00:00,298.961
2024-09-12 15:00:00+00:00,300.461
2024-09-12 18:00:00+00:00,298.633
2024-09-12 21:00:00+00:00,295.433
2024-09-13 00:00:00+00:00,291.912
2024-09-13 03:00:00+00:00,289.43
2024-09-13 06:00:00+00:00,287.235
2024-09-13 09:00:00+00:00,289.172
2024-09-13 12:00:00+00:00,294.7
2024-09-13 15:00:00+00:00,296.4
2024-09-13 18:00:00+00:00,294.616
2024-09-13 21:00:00+00:00,290.4
2024-09-14 00:00:00+00:00,288.7
2024-09-14 03:00:00+00:00,287.027
2024-09-14 06:00:00+00:00,286.324
2024-09-14 09:00:00+00:00,290.443
2024-09-14 12:00:00+00:00,295.384
2024-09-14 15:00:00+00:00,298.248
2024-09-14 18:00:00+00:00,296.866
2024-09-14 21:00:00+00:00,294.896
2024-09-15 00:00:00+00:00,293.207
2024-09-15 03:00:00+00:00,291.198
2024-09-15 06:00:00+00:00,289.588
2024-09-15 09:00:00+00:00,294.176
2024-09-15 12:00:00+00:00,298.672
2024-09-15 15:00:00+00:00,301.534
2024-09-15 18:00:00+00:00,299.1
2024-09-15 21:00:00+00:00,295.759
2024-09-16 00:00:00+00:00,293.326
2024-09-16 03:00:00+00:00,290.637
2024-09-16 06:00:00+00:00,289.077
2024-09-16 09:00:00+00:00,294.647
2024-09-16 12:00:00+00:00,299.942
2024-09-16 15:00:00+00:00,302.361
2024-09-16 18:00:00+00:00,299.638
2024-09-16 21:00:00+00:00,294.927
2024-09-17 00:00:00+00:00,292.131
2024-09-17 03:00:00+00:00,289.331
2024-09-17 06:00:00+00:00,287.968
2024-09-17 09:00:00+00:00,291.895
2024-09-17 12:00:00+00:00,297.469
2024-09-17 15:00:00+00:00,299.308
2024-09-17 18:00:00+00:00,297.946
2024-09-17 21:00:00+00:00,294.646
2024-09-18 00:00:00+00:00,291.867
2024-09-18 03:00:00+00:00,290.002
2024-09-18 06:00:00+00:00,288.787
2024-09-18 09:00:00+00:00,292.187
2024-09-18 12:00:00+00:00,297.3
2024-09-18 15:00:00+00:00,299.3
2024-09-18 18:00:00+00:00,298.064
2024-09-18 21:00:00+00:00,293.656
2024-09-19 00:00:00+00:00,291.5
2024-09-19 03:00:00+00:00,291.5
2024-09-19 06:00:00+00:00,288.928
2024-09-19 09:00:00+00:00,291.8
2024-09-19 12:00:00+00:00,296.861
2024-09-19 15:00:00+00:00,298.168
2024-09-19 18:00:00+00:00,293.239
2024-09-19 21:00:00+00:00,289.503
2024-09-20 00:00:00+00:00,289.871
2024-09-20 03:00:00+00:00,289.124
2024-09-20 06:00:00+00:00,288.759
2024-09-20 09:00:00+00:00,291.302
2024-09-20 12:00:00+00:00,295.386
2024-09-20 15:00:00+00:00,296.473
2024-09-20 18:00:00+00:00,296.031
2024-09-20 21:00:00+00:00,294.308
2024-09-21 00:00:00+00:00,292.622
2024-09-21 03:00:00+00:00,292.004
2024-09-21 06:00:00+00:00,290.732
2024-09-21 09:00:00+00:00,289.432
2024-09-21 12:00:00+00:00,292.7
2024-09-21 15:00:00+00:00,297.076
2024-09-21 18:00:00+00:00,294.831
2024-09-21 21:00:00+00:00,292.526
2024-09-22 00:00:00+00:00,290.448
2024-09-22 03:00:00+00:00,288.934
2024-09-22 06:00:00+00:00,289.737
2024-09-22 09:00:00+00:00,292.103
2024-09-22 12:00:00+00:00,295.537
2024-09-22 15:00:00+00:00,296.073
2024-09-22 18:00:00+00:00,294.619
2024-09-22 21:00:00+00:00,293.667
2024-09-23 00:00:00+00:00,291.751
2024-09-23 03:00:00+00:00,289.702
2024-09-23 06:00:00+00:00,288.978
2024-09-23 09:00:00+00:00,292.317
2024-09-23 12:00:00+00:00,295.337
2024-09-23 15:00:00+00:00,296.232
2024-09-23 18:00:00+00:00,294.824
2024-09-23 21:00:00+00:00,292.2
2024-09-24 00:00:00+00:00,290.248
2024-09-24 03:00:00+00:00,289.071
2024-09-24 06:00:00+00:00,287.888
2024-09-24 09:00:00+00:00,290.739
2024-09-24 12:00:00+00:00,293.102
2024-09-24 15:00:00+00:00,293.364
2024-09-24 18:00:00+00:00,288.881
2024-09-24 21:00:00+00:00,288.254
2024-09-25 00:00:00+00:00,287.91
2024-09-25 03:00:00+00:00,288.029
2024-09-25 06:00:00+00:00,287.9
2024-09-25 09:00:00+00:00,288.839
2024-09-25 12:00:00+00:00,290.954
2024-09-25 15:00:00+00:00,291.905
2024-09-25 18:00:00+00:00,292.0
2024-09-25 21:00:00+00:00,291.984
2024-09-26 00:00:00+00:00,291.144
2024-09-26 03:00:00+00:00,291.644
2024-09-26 06:00:00+00:00,290.556
2024-09-26 09:00:00+00:00,293.055
2024-09-26 12:00:00+00:00,295.382
2024-09-26 15:00:00+00:00,292.23
2024-09-26 18:00:00+00:00,291.937
2024-09-26 21:00:00+00:00,291.129
2024-09-27 00:00:00+00:00,288.93
2024-09-27 03:00:00+00:00,285.944
2024-09-27 06:00:00+00:00,284.724
2024-09-27 09:00:00+00:00,289.177
2024-09-27 12:00:00+00:00,293.077
2024-09-27 15:00:00+00:00,293.389
2024-09-27 18:00:00+00:00,290.108
2024-09-27 21:00:00+00:00,289.11
2024-09-28 00:00:00+00:00,287.378
2024-09-28 03:00:00+00:00,284.896
2024-09-28 06:00:00+00:00,283.488
2024-09-28 09:00:00+00:00,287.039
2024-09-28 12:00:00+00:00,290.873
2024-09-28 15:00:00+00:00,293.106
2024-09-28 18:00:00+00:00,291.06
2024-09-28 21:00:00+00:00,289.493
2024-09-29 00:00:00+00:00,287.6
2024-09-29 03:00:00+00:00,286.205
2024-09-29 06:00:00+00:00,284.945
2024-09-29 09:00:00+00:00,288.347
2024-09-29 12:00:00+00:00,293.212
2024-09-29 15:00:00+00:00,296.251
2024-09-29 18:00:00+00:00,293.807
2024-09-29 21:00:00+00:00,291.818
2024-09-30 00:00:00+00:00,290.555
2024-09-30 03:00:00+00:00,289.218
2024-09-30 06:00:00+00:00,288.58
2024-09-30 09:00:00+00:00,292.9
2024-09-30 12:00:00+00:00,296.967
2024-09-30 15:00:00+00:00,299.276
2024-09-30 18:00:00+00:00,296.724
2024-09-30 21:00:00+00:00,294.337
2024-10-01 00:00:00+00:00,293.018
2024-10-01 03:00:00+00:00,290.834
2024-10-01 06:00:00+00:00,290.226
2024-10-01 09:00:00+00:00,293.855
2024-10-01 12:00:00+00:00,297.909
2024-10-01 15:00:00+00:00,300.113
2024-10-01 18:00:00+00:00,297.944
2024-10-01 21:00:00+00:00,294.917
2024-10-02 00:00:00+00:00,294.284
2024-10-02 03:00:00+00:00,292.398
2024-10-02 06:00:00+00:00,291.172
2024-10-02 09:00:00+00:00,293.901
2024-10-02 12:00:00+00:00,296.768
2024-10-02 15:00:00+00:00,297.895
2024-10-02 18:00:00+00:00,294.645
2024-10-02 21:00:00+00:00,292.552
2024-10-03 00:00:00+00:00,292.68
2024-10-03 03:00:00+00:00,291.182
2024-10-03 06:00:00+00:00,290.091
2024-10-03 09:00:00+00:00,293.299
2024-10-03 12:00:00+00:00,296.541
2024-10-03 15:00:00+00:00,296.811
2024-10-03 18:00:00+00:00,294.241
2024-10-03 21:00:00+00:00,293.881
2024-10-04 00:00:00+00:00,290.756
2024-10-04 03:00:00+00:00,289.0
2024-10-04 06:00:00+00:00,287.537
2024-10-04 09:00:00+00:00,290.432
2024-10-04 12:00:00+00:00,294.144
2024-10-04 15:00:00+00:00,296.182
2024-10-04 18:00:00+00:00,295.145
2024-10-04 21:00:00+00:00,292.852
2024-10-05 00:00:00+00:00,290.758
2024-10-05 03:00:00+00:00,289.431
2024-10-05 06:00:00+00:00,288.404
2024-10-05 09:00:00+00:00,292.206
2024-10-05 12:00:00+00:00,296.4
2024-10-05 15:00:00+00:00,297.861
2024-10-05 18:00:00+00:00,295.537
2024-10-05 21:00:00+00:00,292.081
2024-10-06 00:00:00+00:00,289.887
2024-10-06 03:00:00+00:00,290.057
2024-10-06 06:00:00+00:00,289.65
2024-10-06 09:00:00+00:00,291.85
2024-10-06 12:00:00+00:00,293.303
2024-10-06 15:00:00+00:00,296.721
2024-10-06 18:00:00+00:00,294.625
2024-10-06 21:00:00+00:00,292.6
2024-10-07 00:00:00+00:00,291.5
2024-10-07 03:00:00+00:00,290.109
2024-10-07 06:00:00+00:00,289.349
2024-10-07 09:00:00+00:00,292.671
2024-10-07 12:00:00+00:00,297.534
2024-10-07 15:00:00+00:00,288.612
2024-10-07 18:00:00+00:00,288.092
2024-10-07 21:00:00+00:00,288.013
2024-10-08 00:00:00+00:00,286.692
2024-10-08 03:00:00+00:00,285.242
2024-10-08 06:00:00+00:00,284.606
2024-10-08 09:00:00+00:00,286.661
2024-10-08 12:00:00+00:00,288.408
2024-10-08 15:00:00+00:00,291.036
2024-10-08 18:00:00+00:00,289.762
2024-10-08 21:00:00+00:00,289.209
2024-10-09 00:00:00+00:00,289.07
2024-10-09 03:00:00+00:00,288.722
2024-10-09 06:00:00+00:00,287.419
2024-10-09 09:00:00+00:00,289.543
2024-10-09 12:00:00+00:00,291.5
2024-10-09 15:00:00+00:00,292.067
2024-10-09 18:00:00+00:00,290.844
2024-10-09 21:00:00+00:00,289.4
2024-10-10 00:00:00+00:00,287.731
2024-10-10 03:00:00+00:00,285.208
2024-10-10 06:00:00+00:00,284.663
2024-10-10 09:00:00+00:00,287.961
2024-10-10 12:00:00+00:00,290.395
2024-10-10 15:00:00+00:00,290.58
2024-10-10 18:00:00+00:00,289.158
2024-10-10 21:00:00+00:00,287.4
2024-10-11 00:00:00+00:00,286.07
2024-10-11 03:00:00+00:00,285.445
2024-10-11 06:00:00+00:00,284.437
2024-10-11 09:00:00+00:00,287.564
2024-10-11 12:00:00+00:00,291.367
2024-10-11 15:00:00+00:00,293.092
2024-10-11 18:00:00+00:00,291.944
2024-10-11 21:00:00+00:00,289.905
2024-10-12 00:00:00+00:00,289.565
2024-10-12 03:00:00+00:00,289.413
2024-10-12 06:00:00+00:00,288.432
2024-10-12 09:00:00+00:00,290.291
2024-10-12 12:00:00+00:00,291.616
2024-10-12 15:00:00+00:00,292.793
2024-10-12 18:00:00+00:00,290.5
2024-10-12 21:00:00+00:00,289.305
2024-10-13 00:00:00+00:00,289.41
2024-10-13 03:00:00+00:00,288.799
2024-10-13 06:00:00+00:00,287.719
2024-10-13 09:00:00+00:00,290.333
2024-10-13 12:00:00+00:00,293.544
2024-10-13 15:00:00+00:00,295.3
2024-10-13 18:00:00+00:00,293.631
2024-10-13 21:00:00+00:00,291.889
2024-10-14 00:00:00+00:00,291.014
2024-10-14 03:00:00+00:00,289.974
2024-10-14 06:00:00+00:00,289.626
2024-10-14 09:00:00+00:00,292.257
2024-10-14 12:00:00+00:00,294.369
2024-10-14 15:00:00+00:00,293.17
2024-10-14 18:00:00+00:00,291.9
2024-10-14 21:00:00+00:00,291.165
2024-10-15 00:00:00+00:00,291.151
2024-10-15 03:00:00+00:00,291.229
2024-10-15 06:00:00+00:00,290.134
2024-10-15 09:00:00+00:00,290.496
2024-10-15 12:00:00+00:00,291.739
2024-10-15 15:00:00+00:00,290.681
2024-10-15 18:00:00+00:00,289.809
2024-10-15 21:00:00+00:00,289.507
2024-10-16 00:00:00+00:00,288.245
2024-10-16 03:00:00+00:00,289.635
2024-10-16 06:00:00+00:00,289.843
2024-10-16 09:00:00+00:00,290.548
2024-10-16 12:00:00+00:00,293.51
2024-10-16 15:00:00+00:00,293.027
2024-10-16 18:00:00+00:00,290.806
2024-10-16 21:00:00+00:00,289.134
2024-10-17 00:00:00+00:00,287.533
2024-10-17 03:00:00+00:00,284.637
2024-10-17 06:00:00+00:00,284.276
2024-10-17 09:00:00+00:00,284.908
2024-10-17 12:00:00+00:00,288.507
2024-10-17 15:00:00+00:00,290.488
2024-10-17 18:00:00+00:00,288.213
2024-10-17 21:00:00+00:00,286.169
2024-10-18 00:00:00+00:00,285.177
2024-10-18 03:00:00+00:00,283.114
2024-10-18 06:00:00+00:00,282.157
2024-10-18 09:00:00+00:00,284.724
2024-10-18 12:00:00+00:00,288.527
2024-10-18 15:00:00+00:00,291.384
2024-10-18 18:00:00+00:00,287.918
2024-10-18 21:00:00+00:00,286.95
2024-10-19 00:00:00+00:00,286.565
2024-10-19 03:00:00+00:00,286.898
2024-10-19 06:00:00+00:00,286.752
2024-10-19 09:00:00+00:00,288.628
2024-10-19 12:00:00+00:00,291.99
2024-10-19 15:00:00+00:00,293.3
2024-10-19 18:00:00+00:00,290.112
2024-10-19 21:00:00+00:00,288.11
2024-10-20 00:00:00+00:00,287.25
2024-10-20 03:00:00+00:00,286.551
2024-10-20 06:00:00+00:00,285.811
2024-10-20 09:00:00+00:00,288.063
2024-10-20 12:00:00+00:00,291.348
2024-10-20 15:00:00+00:00,293.511
2024-10-20 18:00:00+00:00,291.251
2024-10-20 21:00:00+00:00,289.165
2024-10-21 00:00:00+00:00,287.936
2024-10-21 03:00:00+00:00,286.981
2024-10-21 06:00:00+00:00,286.277
2024-10-21 09:00:00+00:00,289.91
2024-10-21 12:00:00+00:00,293.211
2024-10-21 15:00:00+00:00,293.511
2024-10-21 18:00:00+00:00,291.251
2024-10-21 21:00:00+00:00,291.136
2024-10-22 00:00:00+00:00,290.0
2024-10-22 03:00:00+00:00,288.28
2024-10-22 06:00:00+00:00,287.04
2024-10-22 09:00:00+00:00,289.569
2024-10-22 12:00:00+00:00,292.85
2024-10-22 15:00:00+00:00,293.942
2024-10-22 18:00:00+00:00,292.698
2024-10-22 21:00:00+00:00,292.201
2024-10-23 00:00:00+00:00,290.07
2024-10-23 03:00:00+00:00,289.242
2024-10-23 06:00:00+00:00,287.479
2024-10-23 09:00:00+00:00,290.044
2024-10-23 12:00:00+00:00,292.996
2024-10-23 15:00:00+00:00,292.206
2024-10-23 18:00:00+00:00,291.27
2024-10-23 21:00:00+00:00,290.925
2024-10-24 00:00:00+00:00,289.334
2024-10-24 03:00:00+00:00,288.231
2024-10-24 06:00:00+00:00,286.885
2024-10-24 09:00:00+00:00,288.069
2024-10-24 12:00:00+00:00,291.688
2024-10-24 15:00:00+00:00,293.584
2024-10-24 18:00:00+00:00,290.169
2024-10-24 21:00:00+00:00,289.026
2024-10-25 00:00:00+00:00,288.984
2024-10-25 03:00:00+00:00,288.779
2024-10-25 06:00:00+00:00,287.382
2024-10-25 09:00:00+00:00,289.414
2024-10-25 12:00:00+00:00,290.723
2024-10-25 15:00:00+00:00,287.543
2024-10-25 18:00:00+00:00,286.707
2024-10-25 21:00:00+00:00,285.702
2024-10-26 00:00:00+00:00,283.346
2024-10-26 03:00:00+00:00,283.083
2024-10-26 06:00:00+00:00,281.207
2024-10-26 09:00:00+00:00,282.967
2024-10-26 12:00:00+00:00,285.368
2024-10-26 15:00:00+00:00,285.001
2024-10-26 18:00:00+00:00,282.563
2024-10-26 21:00:00+00:00,282.245
2024-10-27 00:00:00+00:00,280.651
2024-10-27 03:00:00+00:00,280.603
2024-10-27 06:00:00+00:00,280.124
2024-10-27 09:00:00+00:00,283.119
2024-10-27 12:00:00+00:00,286.297
2024-10-27 15:00:00+00:00,285.466
2024-10-27 18:00:00+00:00,285.539
2024-10-27 21:00:00+00:00,282.577
2024-10-28 00:00:00+00:00,282.611
2024-10-28 03:00:00+00:00,283.407
2024-10-28 06:00:00+00:00,283.518
2024-10-28 09:00:00+00:00,286.101
2024-10-28 12:00:00+00:00,290.776
2024-10-28 15:00:00+00:00,291.332
2024-10-28 18:00:00+00:00,288.033
2024-10-28 21:00:00+00:00,287.573
2024-10-29 00:00:00+00:00,286.236
2024-10-29 03:00:00+00:00,285.89
2024-10-29 06:00:00+00:00,286.474
2024-10-29 09:00:00+00:00,287.685
2024-10-29 12:00:00+00:00,287.793
2024-10-29 15:00:00+00:00,290.755
2024-10-29 18:00:00+00:00,288.814
2024-10-29 21:00:00+00:00,288.575
2024-10-30 00:00:00+00:00,284.22
2024-10-30 03:00:00+00:00,285.101
2024-10-30 06:00:00+00:00,286.545
2024-10-30 09:00:00+00:00,289.224
2024-10-30 12:00:00+00:00,292.142
2024-10-30 15:00:00+00:00,293.224
2024-10-30 18:00:00+00:00,289.069
2024-10-30 21:00:00+00:00,287.487
2024-10-31 00:00:00+00:00,286.071
2024-10-31 03:00:00+00:00,286.076
2024-10-31 06:00:00+00:00,286.393
2024-10-31 09:00:00+00:00,288.001
2024-10-31 12:00:00+00:00,292.09
2024-10-31 15:00:00+00:00,293.151
2024-10-31 18:00:00+00:00,290.047
2024-10-31 21:00:00+00:00,288.852
2024-11-01 00:00:00+00:00,288.418
2024-11-01 03:00:00+00:00,287.558
2024-11-01 06:00:00+00:00,287.606
2024-11-01 09:00:00+00:00,288.214
2024-11-01 12:00:00+00:00,291.645
2024-11-01 15:00:00+00:00,292.827
2024-11-01 18:00:00+00:00,289.985
2024-11-01 21:00:00+00:00,288.943
2024-11-02 00:00:00+00:00,287.434
2024-11-02 03:00:00+00:00,285.919
2024-11-02 06:00:00+00:00,285.942
2024-11-02 09:00:00+00:00,287.612
2024-11-02 12:00:00+00:00,290.496
2024-11-02 15:00:00+00:00,291.16
2024-11-02 18:00:00+00:00,287.632
2024-11-02 21:00:00+00:00,286.815
2024-11-03 00:00:00+00:00,286.294
2024-11-03 03:00:00+00:00,285.552
2024-11-03 06:00:00+00:00,284.649
2024-11-03 09:00:00+00:00,286.83
2024-11-03 12:00:00+00:00,290.821
2024-11-03 15:00:00+00:00,292.183
2024-11-03 18:00:00+00:00,288.835
2024-11-03 21:00:00+00:00,287.162
2024-11-04 00:00:00+00:00,286.351
2024-11-04 03:00:00+00:00,287.22
2024-11-04 06:00:00+00:00,286.214
2024-11-04 09:00:00+00:00,287.652
2024-11-04 12:00:00+00:00,290.914
2024-11-04 15:00:00+00:00,291.96
2024-11-04 18:00:00+00:00,290.004
2024-11-04 21:00:00+00:00,289.912
2024-11-05 00:00:00+00:00,289.465
2024-11-05 03:00:00+00:00,286.928
2024-11-05 06:00:00+00:00,285.842
2024-11-05 09:00:00+00:00,288.133
2024-11-05 12:00:00+00:00,290.39
2024-11-05 15:00:00+00:00,291.655
2024-11-05 18:00:00+00:00,289.004
2024-11-05 21:00:00+00:00,288.006
2024-11-06 00:00:00+00:00,287.612
2024-11-06 03:00:00+00:00,286.765
2024-11-06 06:00:00+00:00,285.793
2024-11-06 09:00:00+00:00,287.961
2024-11-06 12:00:00+00:00,291.689
2024-11-06 15:00:00+00:00,291.655
2024-11-06 18:00:00+00:00,289.004
2024-11-06 21:00:00+00:00,289.47
2024-11-07 00:00:00+00:00,287.582
2024-11-07 03:00:00+00:00,286.124
2024-11-07 06:00:00+00:00,285.542
2024-11-07 09:00:00+00:00,287.356
2024-11-07 12:00:00+00:00,290.69
2024-11-07 15:00:00+00:00,292.261
2024-11-07 18:00:00+00:00,289.133
2024-11-07 21:00:00+00:00,288.269
2024-11-08 00:00:00+00:00,286.618
2024-11-08 03:00:00+00:00,285.559
2024-11-08 06:00:00+00:00,285.026
2024-11-08 09:00:00+00:00,286.469
2024-11-08 12:00:00+00:00,289.754
2024-11-08 15:00:00+00:00,290.231
2024-11-08 18:00:00+00:00,287.806
2024-11-08 21:00:00+00:00,286.464
2024-11-09 00:00:00+00:00,285.403
2024-11-09 03:00:00+00:00,284.567
2024-11-09 06:00:00+00:00,284.335
2024-11-09 09:00:00+00:00,286.021
2024-11-09 12:00:00+00:00,289.827
2024-11-09 15:00:00+00:00,291.024
2024-11-09 18:00:00+00:00,288.452
2024-11-09 21:00:00+00:00,287.335
2024-11-10 00:00:00+00:00,285.439
2024-11-10 03:00:00+00:00,284.125
2024-11-10 06:00:00+00:00,283.269
2024-11-10 09:00:00+00:00,285.892
2024-11-10 12:00:00+00:00,288.741
2024-11-10 15:00:00+00:00,291.558
2024-11-10 18:00:00+00:00,288.335
2024-11-10 21:00:00+00:00,286.344
2024-11-11 00:00:00+00:00,285.23
2024-11-11 03:00:00+00:00,284.518
2024-11-11 06:00:00+00:00,283.575
2024-11-11 09:00:00+00:00,286.438
2024-11-11 12:00:00+00:00,289.964
2024-11-11 15:00:00+00:00,291.041
2024-11-11 18:00:00+00:00,287.11
2024-11-11 21:00:00+00:00,284.858
2024-11-12 00:00:00+00:00,283.339
2024-11-12 03:00:00+00:00,282.855
2024-11-12 06:00:00+00:00,281.794
2024-11-12 09:00:00+00:00,283.628
2024-11-12 12:00:00+00:00,286.049
2024-11-12 15:00:00+00:00,287.105
2024-11-12 18:00:00+00:00,284.666
2024-11-12 21:00:00+00:00,281.315
2024-11-13 00:00:00+00:00,280.054
2024-11-13 03:00:00+00:00,279.749
2024-11-13 06:00:00+00:00,279.321
2024-11-13 09:00:00+00:00,280.73
2024-11-13 12:00:00+00:00,282.675
2024-11-13 15:00:00+00:00,280.25
2024-11-13 18:00:00+00:00,282.287
2024-11-13 21:00:00+00:00,284.168
2024-11-14 00:00:00+00:00,284.643
2024-11-14 03:00:00+00:00,284.501
2024-11-14 06:00:00+00:00,283.326
2024-11-14 09:00:00+00:00,284.955
2024-11-14 12:00:00+00:00,288.412
2024-11-14 15:00:00+00:00,288.912
2024-11-14 18:00:00+00:00,287.131
2024-11-14 21:00:00+00:00,286.75
2024-11-15 00:00:00+00:00,285.22
2024-11-15 03:00:00+00:00,284.951
2024-11-15 06:00:00+00:00,284.28
2024-11-15 09:00:00+00:00,286.091
2024-11-15 12:00:00+00:00,287.951
2024-11-15 15:00:00+00:00,288.015
2024-11-15 18:00:00+00:00,286.871
2024-11-15 21:00:00+00:00,285.973
2024-11-16 00:00:00+00:00,283.871
2024-11-16 03:00:00+00:00,283.724
2024-11-16 06:00:00+00:00,283.538
2024-11-16 09:00:00+00:00,284.818
2024-11-16 12:00:00+00:00,287.378
2024-11-16 15:00:00+00:00,288.879
2024-11-16 18:00:00+00:00,286.969
2024-11-16 21:00:00+00:00,285.38
2024-11-17 00:00:00+00:00,284.083
2024-11-17 03:00:00+00:00,283.948
2024-11-17 06:00:00+00:00,283.092
2024-11-17 09:00:00+00:00,285.412
2024-11-17 12:00:00+00:00,289.184
2024-11-17 15:00:00+00:00,290.896
2024-11-17 18:00:00+00:00,287.352
2024-11-17 21:00:00+00:00,286.208
2024-11-18 00:00:00+00:00,285.119
2024-11-18 03:00:00+00:00,285.244
2024-11-18 06:00:00+00:00,284.17
2024-11-18 09:00:00+00:00,286.861
2024-11-18 12:00:00+00:00,289.9
2024-11-18 15:00:00+00:00,290.951
2024-11-18 18:00:00+00:00,287.693
2024-11-18 21:00:00+00:00,285.852
2024-11-19 00:00:00+00:00,284.736
2024-11-19 03:00:00+00:00,284.172
2024-11-19 06:00:00+00:00,283.43
2024-11-19 09:00:00+00:00,285.217
2024-11-19 12:00:00+00:00,288.853
2024-11-19 15:00:00+00:00,289.405
2024-11-19 18:00:00+00:00,286.196
2024-11-19 21:00:00+00:00,284.771
2024-11-20 00:00:00+00:00,283.55
2024-11-20 03:00:00+00:00,282.587
2024-11-20 06:00:00+00:00,282.199
2024-11-20 09:00:00+00:00,284.099
2024-11-20 12:00:00+00:00,289.029
2024-11-20 15:00:00+00:00,289.131
2024-11-20 18:00:00+00:00,285.56
2024-11-20 21:00:00+00:00,284.412
2024-11-21 00:00:00+00:00,282.623
2024-11-21 03:00:00+00:00,281.417
2024-11-21 06:00:00+00:00,280.455
2024-11-21 09:00:00+00:00,281.67
2024-11-21 12:00:00+00:00,284.601
2024-11-21 15:00:00+00:00,286.681
2024-11-21 18:00:00+00:00,284.389
2024-11-21 21:00:00+00:00,282.769
2024-11-22 00:00:00+00:00,282.127
2024-11-22 03:00:00+00:00,282.757
2024-11-22 06:00:00+00:00,283.601
2024-11-22 09:00:00+00:00,283.805
2024-11-22 12:00:00+00:00,286.897
2024-11-22 15:00:00+00:00,287.453
2024-11-22 18:00:00+00:00,284.175
2024-11-22 21:00:00+00:00,284.293
2024-11-23 00:00:00+00:00,285.118
2024-11-23 03:00:00+00:00,284.779
2024-11-23 06:00:00+00:00,284.843
2024-11-23 09:00:00+00:00,285.404
2024-11-23 12:00:00+00:00,288.404
2024-11-23 15:00:00+00:00,289.426
2024-11-23 18:00:00+00:00,287.142
2024-11-23 21:00:00+00:00,285.891
2024-11-24 00:00:00+00:00,283.867
2024-11-24 03:00:00+00:00,282.838
2024-11-24 06:00:00+00:00,282.061
2024-11-24 09:00:00+00:00,283.967
2024-11-24 12:00:00+00:00,289.567
2024-11-24 15:00:00+00:00,290.401
2024-11-24 18:00:00+00:00,288.876
2024-11-24 21:00:00+00:00,287.908
2024-11-25 00:00:00+00:00,288.302
2024-11-25 03:00:00+00:00,287.816
2024-11-25 06:00:00+00:00,288.462
2024-11-25 09:00:00+00:00,288.69
2024-11-25 12:00:00+00:00,286.795
2024-11-25 15:00:00+00:00,287.316
2024-11-25 18:00:00+00:00,284.05
2024-11-25 21:00:00+00:00,282.664
2024-11-26 00:00:00+00:00,281.464
2024-11-26 03:00:00+00:00,280.512
2024-11-26 06:00:00+00:00,280.519
2024-11-26 09:00:00+00:00,281.696
2024-11-26 12:00:00+00:00,283.573
2024-11-26 15:00:00+00:00,284.239
2024-11-26 18:00:00+00:00,282.998
2024-11-26 21:00:00+00:00,281.513
2024-11-27 00:00:00+00:00,280.214
2024-11-27 03:00:00+00:00,279.758
2024-11-27 06:00:00+00:00,278.862
2024-11-27 09:00:00+00:00,280.631
2024-11-27 12:00:00+00:00,284.036
2024-11-27 15:00:00+00:00,285.464
2024-11-27 18:00:00+00:00,281.923
2024-11-27 21:00:00+00:00,281.117
2024-11-28 00:00:00+00:00,281.004
2024-11-28 03:00:00+00:00,280.152
2024-11-28 06:00:00+00:00,279.559
2024-11-28 09:00:00+00:00,281.874
2024-11-28 12:00:00+00:00,285.462
2024-11-28 15:00:00+00:00,286.473
2024-11-28 18:00:00+00:00,282.948
2024-11-28 21:00:00+00:00,282.294
2024-11-29 00:00:00+00:00,281.86
2024-11-29 03:00:00+00:00,281.508
2024-11-29 06:00:00+00:00,280.894
2024-11-29 09:00:00+00:00,283.021
2024-11-29 12:00:00+00:00,286.945
2024-11-29 15:00:00+00:00,288.785
2024-11-29 18:00:00+00:00,284.988
2024-11-29 21:00:00+00:00,284.114
2024-11-30 00:00:00+00:00,283.232
2024-11-30 03:00:00+00:00,282.637
2024-11-30 06:00:00+00:00,281.901
2024-11-30 09:00:00+00:00,284.063
2024-11-30 12:00:00+00:00,287.545
2024-11-30 15:00:00+00:00,289.308
2024-11-30 18:00:00+00:00,285.612
2024-11-30 21:00:00+00:00,284.455
2024-12-01 00:00:00+00:00,283.498
2024-12-01 03:00:00+00:00,283.26
2024-12-01 06:00:00+00:00,282.617
2024-12-01 09:00:00+00:00,284.608
2024-12-01 12:00:00+00:00,287.54
2024-12-01 15:00:00+00:00,288.464
2024-12-01 18:00:00+00:00,285.636
2024-12-01 21:00:00+00:00,284.92
2024-12-02 00:00:00+00:00,284.355
2024-12-02 03:00:00+00:00,284.78
2024-12-02 06:00:00+00:00,282.97
2024-12-02 09:00:00+00:00,284.463
2024-12-02 12:00:00+00:00,287.412
2024-12-02 15:00:00+00:00,288.792
2024-12-02 18:00:00+00:00,284.857
2024-12-02 21:00:00+00:00,284.164
2024-12-03 00:00:00+00:00,283.282
2024-12-03 03:00:00+00:00,282.235
2024-12-03 06:00:00+00:00,281.535
2024-12-03 09:00:00+00:00,283.681
2024-12-03 12:00:00+00:00,286.353
2024-12-03 15:00:00+00:00,287.248
2024-12-03 18:00:00+00:00,285.148
2024-12-03 21:00:00+00:00,285.083
2024-12-04 00:00:00+00:00,284.942
2024-12-04 03:00:00+00:00,283.058
2024-12-04 06:00:00+00:00,283.806
2024-12-04 09:00:00+00:00,284.478
2024-12-04 12:00:00+00:00,287.486
2024-12-04 15:00:00+00:00,287.521
2024-12-04 18:00:00+00:00,284.412
2024-12-04 21:00:00+00:00,282.692
2024-12-05 00:00:00+00:00,281.955
2024-12-05 03:00:00+00:00,281.943
2024-12-05 06:00:00+00:00,280.83
2024-12-05 09:00:00+00:00,282.265
2024-12-05 12:00:00+00:00,285.363
2024-12-05 15:00:00+00:00,287.335
2024-12-05 18:00:00+00:00,284.412
2024-12-05 21:00:00+00:00,282.945
2024-12-06 00:00:00+00:00,282.737
2024-12-06 03:00:00+00:00,282.653
2024-12-06 06:00:00+00:00,282.15
2024-12-06 09:00:00+00:00,283.592
2024-12-06 12:00:00+00:00,286.936
2024-12-06 15:00:00+00:00,289.091
2024-12-06 18:00:00+00:00,286.11
2024-12-06 21:00:00+00:00,284.693
2024-12-07 00:00:00+00:00,283.659
2024-12-07 03:00:00+00:00,282.769
2024-12-07 06:00:00+00:00,282.715
2024-12-07 09:00:00+00:00,284.361
2024-12-07 12:00:00+00:00,288.98
2024-12-07 15:00:00+00:00,288.58
2024-12-07 18:00:00+00:00,284.474
2024-12-07 21:00:00+00:00,282.543
2024-12-08 00:00:00+00:00,281.271
2024-12-08 03:00:00+00:00,279.46
2024-12-08 06:00:00+00:00,279.359
2024-12-08 09:00:00+00:00,280.447
2024-12-08 12:00:00+00:00,283.184
2024-12-08 15:00:00+00:00,283.681
2024-12-08 18:00:00+00:00,280.321
2024-12-08 21:00:00+00:00,279.053
2024-12-09 00:00:00+00:00,278.081
2024-12-09 03:00:00+00:00,276.955
2024-12-09 06:00:00+00:00,276.722
2024-12-09 09:00:00+00:00,277.504
2024-12-09 12:00:00+00:00,281.26
2024-12-09 15:00:00+00:00,280.778
2024-12-09 18:00:00+00:00,279.061
2024-12-09 21:00:00+00:00,277.959
2024-12-10 00:00:00+00:00,277.266
2024-12-10 03:00:00+00:00,276.837
2024-12-10 06:00:00+00:00,276.118
2024-12-10 09:00:00+00:00,277.899
2024-12-10 12:00:00+00:00,280.985
2024-12-10 15:00:00+00:00,281.931
2024-12-10 18:00:00+00:00,278.895
2024-12-10 21:00:00+00:00,279.465
2024-12-11 00:00:00+00:00,278.904
2024-12-11 03:00:00+00:00,278.403
2024-12-11 06:00:00+00:00,277.859
2024-12-11 09:00:00+00:00,278.896
2024-12-11 12:00:00+00:00,280.152
2024-12-11 15:00:00+00:00,281.502
2024-12-11 18:00:00+00:00,280.448
2024-12-11 21:00:00+00:00,279.034
2024-12-12 00:00:00+00:00,277.075
2024-12-12 03:00:00+00:00,275.977
2024-12-12 06:00:00+00:00,276.175
2024-12-12 09:00:00+00:00,277.041
2024-12-12 12:00:00+00:00,280.652
2024-12-12 15:00:00+00:00,282.213
2024-12-12 18:00:00+00:00,280.016
2024-12-12 21:00:00+00:00,280.529
2024-12-13 00:00:00+00:00,280.408
2024-12-13 03:00:00+00:00,279.166
2024-12-13 06:00:00+00:00,279.414
2024-12-13 09:00:00+00:00,279.308
2024-12-13 12:00:00+00:00,282.853
2024-12-13 15:00:00+00:00,282.4
2024-12-13 18:00:00+00:00,279.869
2024-12-13 21:00:00+00:00,279.007
2024-12-14 00:00:00+00:00,278.048
2024-12-14 03:00:00+00:00,276.886
2024-12-14 06:00:00+00:00,276.144
2024-12-14 09:00:00+00:00,278.281
2024-12-14 12:00:00+00:00,280.853
2024-12-14 15:00:00+00:00,281.678
2024-12-14 18:00:00+00:00,278.684
2024-12-14 21:00:00+00:00,277.957
2024-12-15 00:00:00+00:00,277.363
2024-12-15 03:00:00+00:00,276.416
2024-12-15 06:00:00+00:00,275.533
2024-12-15 09:00:00+00:00,276.857
2024-12-15 12:00:00+00:00,281.128
2024-12-15 15:00:00+00:00,282.629
2024-12-15 18:00:00+00:00,279.61
2024-12-15 21:00:00+00:00,278.895
2024-12-16 00:00:00+00:00,277.229
2024-12-16 03:00:00+00:00,276.508
2024-12-16 06:00:00+00:00,275.745
2024-12-16 09:00:00+00:00,277.019
2024-12-16 12:00:00+00:00,281.362
2024-12-16 15:00:00+00:00,283.615
2024-12-16 18:00:00+00:00,280.421
2024-12-16 21:00:00+00:00,279.452
2024-12-17 00:00:00+00:00,278.26
2024-12-17 03:00:00+00:00,277.171
2024-12-17 06:00:00+00:00,276.493
2024-12-17 09:00:00+00:00,277.961
2024-12-17 12:00:00+00:00,281.201
2024-12-17 15:00:00+00:00,283.004
2024-12-17 18:00:00+00:00,280.292
2024-12-17 21:00:00+00:00,279.647
2024-12-18 00:00:00+00:00,279.233
2024-12-18 03:00:00+00:00,278.363
2024-12-18 06:00:00+00:00,277.828
2024-12-18 09:00:00+00:00,280.353
2024-12-18 12:00:00+00:00,283.964
2024-12-18 15:00:00+00:00,285.363
2024-12-18 18:00:00+00:00,282.308
2024-12-18 21:00:00+00:00,281.958
2024-12-19 00:00:00+00:00,281.692
2024-12-19 03:00:00+00:00,280.717
2024-12-19 06:00:00+00:00,280.835
2024-12-19 09:00:00+00:00,281.726
2024-12-19 12:00:00+00:00,284.429
2024-12-19 15:00:00+00:00,286.561
2024-12-19 18:00:00+00:00,282.853
2024-12-19 21:00:00+00:00,281.853
2024-12-20 00:00:00+00:00,279.864
2024-12-20 03:00:00+00:00,277.373
2024-12-20 06:00:00+00:00,275.581
2024-12-20 09:00:00+00:00,277.796
2024-12-20 12:00:00+00:00,281.21
2024-12-20 15:00:00+00:00,282.665
2024-12-20 18:00:00+00:00,279.302
2024-12-20 21:00:00+00:00,278.447
2024-12-21 00:00:00+00:00,277.06
2024-12-21 03:00:00+00:00,276.006
2024-12-21 06:00:00+00:00,275.322
2024-12-21 09:00:00+00:00,276.547
2024-12-21 12:00:00+00:00,281.045
2024-12-21 15:00:00+00:00,282.815
2024-12-21 18:00:00+00:00,279.679
2024-12-21 21:00:00+00:00,279.109
2024-12-22 00:00:00+00:00,277.723
2024-12-22 03:00:00+00:00,277.133
2024-12-22 06:00:00+00:00,276.817
2024-12-22 09:00:00+00:00,278.759
2024-12-22 12:00:00+00:00,282.826
2024-12-22 15:00:00+00:00,285.348
2024-12-22 18:00:00+00:00,282.174
2024-12-22 21:00:00+00:00,282.755
2024-12-23 00:00:00+00:00,281.19
2024-12-23 03:00:00+00:00,280.261
2024-12-23 06:00:00+00:00,278.876
2024-12-23 09:00:00+00:00,279.895
2024-12-23 12:00:00+00:00,284.044
2024-12-23 15:00:00+00:00,283.294
2024-12-23 18:00:00+00:00,280.143
2024-12-23 21:00:00+00:00,279.077
2024-12-24 00:00:00+00:00,277.741
2024-12-24 03:00:00+00:00,277.216
2024-12-24 06:00:00+00:00,276.967
2024-12-24 09:00:00+00:00,278.822
2024-12-24 12:00:00+00:00,283.514
2024-12-24 15:00:00+00:00,286.161
2024-12-24 18:00:00+00:00,283.045
2024-12-24 21:00:00+00:00,281.513
2024-12-25 00:00:00+00:00,280.558
2024-12-25 03:00:00+00:00,280.269
2024-12-25 06:00:00+00:00,279.793
2024-12-25 09:00:00+00:00,280.49
2024-12-25 12:00:00+00:00,284.667
2024-12-25 15:00:00+00:00,287.273
2024-12-25 18:00:00+00:00,283.689
2024-12-25 21:00:00+00:00,283.024
2024-12-26 00:00:00+00:00,281.436
2024-12-26 03:00:00+00:00,279.907
2024-12-26 06:00:00+00:00,278.947
2024-12-26 09:00:00+00:00,281.129
2024-12-26 12:00:00+00:00,284.88
2024-12-26 15:00:00+00:00,286.28
2024-12-26 18:00:00+00:00,282.925
2024-12-26 21:00:00+00:00,282.101
2024-12-27 00:00:00+00:00,280.611
2024-12-27 03:00:00+00:00,279.225
2024-12-27 06:00:00+00:00,278.517
2024-12-27 09:00:00+00:00,279.759
2024-12-27 12:00:00+00:00,283.684
2024-12-27 15:00:00+00:00,285.409
2024-12-27 18:00:00+00:00,281.817
2024-12-27 21:00:00+00:00,280.435
2024-12-28 00:00:00+00:00,278.943
2024-12-28 03:00:00+00:00,277.841
2024-12-28 06:00:00+00:00,276.594
2024-12-28 09:00:00+00:00,278.273
2024-12-28 12:00:00+00:00,281.811
2024-12-28 15:00:00+00:00,282.979
2024-12-28 18:00:00+00:00,279.561
2024-12-28 21:00:00+00:00,279.13
2024-12-29 00:00:00+00:00,278.124
2024-12-29 03:00:00+00:00,277.156
2024-12-29 06:00:00+00:00,276.303
2024-12-29 09:00:00+00:00,277.746
2024-12-29 12:00:00+00:00,281.528
2024-12-29 15:00:00+00:00,282.95
2024-12-29 18:00:00+00:00,280.042
2024-12-29 21:00:00+00:00,279.348
2024-12-30 00:00:00+00:00,278.129
2024-12-30 03:00:00+00:00,277.451
2024-12-30 06:00:00+00:00,276.439
2024-12-30 09:00:00+00:00,277.775
2024-12-30 12:00:00+00:00,281.276
2024-12-30 15:00:00+00:00,282.565
2024-12-30 18:00:00+00:00,279.603
2024-12-30 21:00:00+00:00,278.881
2024-12-31 00:00:00+00:00,277.686
2024-12-31 03:00:00+00:00,276.723
2024-12-31 06:00:00+00:00,276.018
2024-12-31 09:00:00+00:00,277.321
2024-12-31 12:00:00+00:00,281.515
2024-12-31 15:00:00+00:00,283.072
2024-12-31 18:00:00+00:00,279.989
2024-12-31 21:00:00+00:00,279.014
