datetime_utc,gen_biomass_mw,gen_fossil_gas_mw,gen_hydro_run_of_river_mw,gen_nuclear_mw,gen_solar_mw,gen_wind_onshore_mw,gen_waste_mw,gen_other_mw,gen_other_renewable_mw,gen_hydro_dispatchable_mw,gen_fossil_coal_oil_mw
2023-12-01 00:00:00+00:00,383,4947,1303,6065,32,9786,216,11,80,3321,342
2023-12-01 01:00:00+00:00,392,4446,1287,6068,32,9295,212,11,78,2996,343
2023-12-01 02:00:00+00:00,388,4326,1290,6068,32,8965,208,9,80,3029,340
2023-12-01 03:00:00+00:00,385,4313,1299,6065,32,8885,206,9,80,3034,340
2023-12-01 04:00:00+00:00,386,4664,1318,6064,32,8932,205,10,80,3077,330
2023-12-01 05:00:00+00:00,384,6052,1338,6066,32,8762,202,8,80,3773,322
2023-12-01 06:00:00+00:00,374,7021,1362,6068,32,8500,208,9,80,4953,339
2023-12-01 07:00:00+00:00,369,7715,1394,6068,90,8096,212,8,84,5579,355
2023-12-01 08:00:00+00:00,355,6603,1381,6068,849,8824,211,8,82,5494,358
2023-12-01 09:00:00+00:00,350,5841,1370,6068,3585,9172,212,8,84,4370,418
2023-12-01 10:00:00+00:00,348,5770,1373,6068,5506,9391,207,8,84,4123,463
2023-12-01 11:00:00+00:00,356,5494,1360,6068,6753,10556,201,8,86,4107,446
2023-12-01 12:00:00+00:00,366,4923,1306,6068,7658,11548,201,8,84,3822,435
2023-12-01 13:00:00+00:00,342,4645,1310,6068,7631,12067,196,12,80,3744,436
2023-12-01 14:00:00+00:00,338,4689,1293,6068,7043,13203,198,11,83,3846,437
2023-12-01 15:00:00+00:00,338,5007,1294,6068,5534,13230,196,12,84,4023,436
2023-12-01 16:00:00+00:00,356,5903,1337,6068,1725,14586,196,8,89,4498,452
2023-12-01 17:00:00+00:00,357,6070,1362,6068,109,14406,205,8,92,5698,444
2023-12-01 18:00:00+00:00,359,6091,1366,6068,34,14205,212,8,94,6223,428
2023-12-01 19:00:00+00:00,367,6012,1386,6070,32,14409,216,8,92,6070,413
2023-12-01 20:00:00+00:00,366,5812,1395,6072,32,14336,214,8,92,5846,404
2023-12-01 21:00:00+00:00,368,4983,1384,6072,32,14323,210,8,92,4841,386
2023-12-01 22:00:00+00:00,362,4076,1325,6072,32,14453,203,8,89,4485,368
2023-12-01 23:00:00+00:00,355,3764,1299,6072,32,14258,204,8,83,4147,335
2023-12-02 00:00:00+00:00,341,3546,1291,6072,32,14169,206,8,83,3876,326
2023-12-02 01:00:00+00:00,349,3636,1286,6075,32,13456,204,9,84,3668,324
2023-12-02 02:00:00+00:00,344,3797,1274,6076,30,12369,204,9,83,3739,324
2023-12-02 03:00:00+00:00,341,3960,1294,6077,28,11617,208,8,80,3494,332
2023-12-02 04:00:00+00:00,341,4001,1284,6078,32,10708,206,8,80,3316,336
2023-12-02 05:00:00+00:00,206,3883,1282,6077,32,9952,160,8,80,3611,339
2023-12-02 06:00:00+00:00,302,4259,1284,6076,32,9116,193,8,81,3815,348
2023-12-02 07:00:00+00:00,350,4574,1295,6073,173,8280,207,9,81,4224,349
2023-12-02 08:00:00+00:00,331,4207,1298,6076,2955,7590,209,12,83,4603,349
2023-12-02 09:00:00+00:00,326,3349,1279,6076,7701,7262,213,10,80,3449,345
2023-12-02 10:00:00+00:00,307,3326,1247,6076,9718,7154,211,8,80,2859,344
2023-12-02 11:00:00+00:00,302,3015,1252,6076,10418,7603,212,9,80,2637,344
2023-12-02 12:00:00+00:00,324,3092,1294,6076,10541,7576,213,8,80,2694,374
2023-12-02 13:00:00+00:00,337,3416,1281,6076,10468,7541,218,8,80,2815,369
2023-12-02 14:00:00+00:00,203,3922,1262,6076,9853,7620,182,8,80,2756,335
2023-12-02 15:00:00+00:00,259,5285,1289,6074,7478,7508,203,10,80,3006,330
2023-12-02 16:00:00+00:00,348,6554,1365,6072,2408,7150,240,10,84,4910,348
2023-12-02 17:00:00+00:00,361,7280,1380,6068,274,6728,250,12,87,6907,397
2023-12-02 18:00:00+00:00,364,7222,1374,6068,162,6847,253,10,84,7626,431
2023-12-02 19:00:00+00:00,366,6982,1373,6068,138,6770,250,12,84,7976,436
2023-12-02 20:00:00+00:00,363,6826,1365,6069,103,6123,247,11,83,8176,401
2023-12-02 21:00:00+00:00,368,6582,1360,6069,60,5679,250,11,83,8089,362
2023-12-02 22:00:00+00:00,371,5981,1343,6069,59,5472,248,10,84,7104,360
2023-12-02 23:00:00+00:00,361,5528,1350,6071,45,5145,243,9,85,6745,337
2023-12-03 00:00:00+00:00,356,4613,1334,6072,36,5322,238,8,84,6730,327
2023-12-03 01:00:00+00:00,354,4432,1328,6072,35,6060,239,10,84,5763,326
2023-12-03 02:00:00+00:00,353,4367,1322,6072,32,6710,239,10,82,4537,324
2023-12-03 03:00:00+00:00,348,4446,1299,6070,32,7009,236,8,84,4075,301
2023-12-03 04:00:00+00:00,353,4492,1297,6069,32,6885,234,8,84,4011,304
2023-12-03 05:00:00+00:00,356,4701,1307,6068,35,6365,238,8,82,4739,327
2023-12-03 06:00:00+00:00,340,4541,1319,6068,33,6126,239,11,82,5018,328
2023-12-03 07:00:00+00:00,339,4518,1319,6069,202,5877,237,11,84,5404,328
2023-12-03 08:00:00+00:00,319,3755,1291,6068,3300,5861,234,10,84,4208,328
2023-12-03 09:00:00+00:00,334,3098,1226,6068,8299,5459,228,12,83,2669,328
2023-12-03 10:00:00+00:00,347,3285,1184,6068,10306,5366,210,10,80,2527,332
2023-12-03 11:00:00+00:00,342,3026,1150,6068,10546,5992,210,10,78,2284,333
2023-12-03 12:00:00+00:00,357,3047,1174,6068,10251,6533,212,11,80,2341,328
2023-12-03 13:00:00+00:00,368,3862,1217,6068,9039,7015,210,11,80,2637,348
2023-12-03 14:00:00+00:00,368,4173,1227,6068,7219,7541,209,9,78,2967,348
2023-12-03 15:00:00+00:00,348,5019,1220,6068,4380,7785,211,11,82,3672,353
2023-12-03 16:00:00+00:00,366,5297,1240,6068,1144,8406,213,12,81,4289,362
2023-12-03 17:00:00+00:00,366,5110,1296,6068,156,9012,209,11,84,6013,363
2023-12-03 18:00:00+00:00,370,5084,1330,6068,70,9375,211,11,84,6988,363
2023-12-03 19:00:00+00:00,375,5230,1337,6070,44,10141,210,11,82,7028,363
2023-12-03 20:00:00+00:00,372,5414,1323,6072,44,10381,211,12,82,7074,339
2023-12-03 21:00:00+00:00,339,5022,1317,6074,44,11175,209,10,77,5714,339
2023-12-03 22:00:00+00:00,331,4518,1333,6074,44,11484,208,10,80,3953,338
2023-12-03 23:00:00+00:00,330,3773,1283,6073,44,11767,210,8,77,3211,326
2023-12-04 00:00:00+00:00,348,3485,1249,6072,44,12371,208,9,76,2876,303
2023-12-04 01:00:00+00:00,357,3740,1242,6070,44,12272,210,9,76,2812,321
2023-12-04 02:00:00+00:00,336,3660,1239,6072,44,12549,210,8,76,2957,324
2023-12-04 03:00:00+00:00,306,3369,1191,6072,44,12832,204,7,76,2821,307
2023-12-04 04:00:00+00:00,330,3691,1214,6071,44,12410,205,8,76,3139,288
2023-12-04 05:00:00+00:00,342,4037,1224,6070,44,12690,208,9,76,3557,293
2023-12-04 06:00:00+00:00,355,4982,1287,6068,44,12969,206,10,76,4250,331
2023-12-04 07:00:00+00:00,358,5736,1329,6068,84,12555,206,10,80,5704,336
2023-12-04 08:00:00+00:00,367,5605,1317,6069,770,12315,207,12,77,7082,349
2023-12-04 09:00:00+00:00,350,5669,1299,6068,2656,12342,205,12,80,6345,376
2023-12-04 10:00:00+00:00,361,5676,1264,6072,3730,12565,203,12,82,5664,422
2023-12-04 11:00:00+00:00,327,5357,1228,6071,4440,13136,200,14,81,5063,429
2023-12-04 12:00:00+00:00,319,4933,1220,6066,5037,13986,206,15,82,4655,445
2023-12-04 13:00:00+00:00,349,4404,1268,6065,5560,14338,200,14,83,4509,444
2023-12-04 14:00:00+00:00,373,4765,1300,6066,4936,13655,206,16,82,4722,444
2023-12-04 15:00:00+00:00,347,5432,1287,6065,3399,12711,215,16,84,4821,445
2023-12-04 16:00:00+00:00,362,6573,1348,6067,924,11570,221,16,83,6357,424
2023-12-04 17:00:00+00:00,376,7501,1409,6068,71,10760,223,13,86,7658,397
2023-12-04 18:00:00+00:00,385,8144,1408,6068,48,9988,226,13,88,8150,363
2023-12-04 19:00:00+00:00,380,7826,1437,6069,48,9491,228,13,88,8320,325
2023-12-04 20:00:00+00:00,377,7471,1450,6071,48,9591,222,11,87,8228,306
2023-12-04 21:00:00+00:00,372,6634,1415,6070,45,10145,218,11,88,7117,309
2023-12-04 22:00:00+00:00,336,5466,1376,6069,44,10810,216,9,92,5614,302
2023-12-04 23:00:00+00:00,349,4809,1336,6062,44,10537,212,9,84,4514,300
2023-12-05 00:00:00+00:00,352,4311,1323,6070,44,9483,212,11,83,5031,300
2023-12-05 01:00:00+00:00,349,4492,1300,6071,44,8229,213,10,81,5146,300
2023-12-05 02:00:00+00:00,355,4800,1297,6070,44,7272,214,9,80,5053,300
2023-12-05 03:00:00+00:00,350,4935,1287,6071,44,6116,223,11,83,5046,300
2023-12-05 04:00:00+00:00,353,5153,1262,6071,44,4988,224,12,82,5036,300
2023-12-05 05:00:00+00:00,354,6275,1260,6071,44,4637,227,11,84,5268,311
2023-12-05 06:00:00+00:00,366,7967,1292,6070,44,4420,234,8,85,6370,345
2023-12-05 07:00:00+00:00,376,9021,1311,6068,169,4062,237,8,82,7654,354
2023-12-05 08:00:00+00:00,368,9546,1311,6068,1811,3716,235,11,82,7251,394
2023-12-05 09:00:00+00:00,362,8894,1305,6058,4335,3558,237,13,86,6283,413
2023-12-05 10:00:00+00:00,365,8271,1318,6048,6082,3563,236,11,88,5689,449
2023-12-05 11:00:00+00:00,362,7947,1311,6049,6838,3826,232,13,90,5180,456
2023-12-05 12:00:00+00:00,368,7995,1321,6049,6450,3923,239,16,88,5418,465
2023-12-05 13:00:00+00:00,359,8487,1335,6057,5666,3918,238,15,85,6241,476
2023-12-05 14:00:00+00:00,358,9301,1351,6064,4039,4016,240,16,86,6931,476
2023-12-05 15:00:00+00:00,360,10498,1374,6072,1751,3909,239,13,84,7362,466
2023-12-05 16:00:00+00:00,358,11120,1411,6072,455,4127,261,11,88,7997,429
2023-12-05 17:00:00+00:00,368,11227,1422,6073,43,4689,265,8,86,8226,409
2023-12-05 18:00:00+00:00,366,10478,1433,6075,32,5077,267,10,88,8194,376
2023-12-05 19:00:00+00:00,374,10134,1427,6076,32,4991,265,11,85,8201,362
2023-12-05 20:00:00+00:00,376,9790,1398,6076,32,4636,264,12,86,7993,347
2023-12-05 21:00:00+00:00,377,9111,1368,6076,32,4351,261,12,84,7593,348
2023-12-05 22:00:00+00:00,380,7987,1344,6076,32,4192,255,11,84,6092,339
2023-12-05 23:00:00+00:00,369,6893,1312,6076,32,3566,255,10,78,5748,330
2023-12-06 00:00:00+00:00,375,6438,1293,6076,32,3135,255,8,80,5700,328
2023-12-06 01:00:00+00:00,376,6214,1287,6076,32,2956,257,9,78,5168,328
2023-12-06 02:00:00+00:00,373,6066,1277,6077,32,2910,259,9,77,4793,328
2023-12-06 03:00:00+00:00,368,6164,1291,6079,32,2975,258,8,76,4708,328
2023-12-06 04:00:00+00:00,367,6530,1295,6076,32,3267,255,8,77,4799,331
2023-12-06 05:00:00+00:00,371,7153,1290,6078,32,3207,251,8,79,5664,348
2023-12-06 06:00:00+00:00,373,7647,1297,6076,32,3052,252,9,83,6394,351
2023-12-06 07:00:00+00:00,375,8041,1311,6076,103,2917,253,9,81,6728,352
2023-12-06 08:00:00+00:00,382,7716,1311,6073,1845,3094,251,14,81,6573,351
2023-12-06 09:00:00+00:00,384,6837,1307,6072,4689,3138,257,14,82,6433,352
2023-12-06 10:00:00+00:00,389,6879,1289,6070,6044,3215,250,12,80,6296,386
2023-12-06 11:00:00+00:00,384,7217,1271,6069,6581,3331,254,12,82,5458,435
2023-12-06 12:00:00+00:00,384,7656,1266,6069,6353,3437,245,12,82,5546,466
2023-12-06 13:00:00+00:00,385,8652,1266,6069,5347,3288,248,12,83,6555,472
2023-12-06 14:00:00+00:00,387,8848,1273,6071,4143,3357,255,12,84,6524,469
2023-12-06 15:00:00+00:00,400,9149,1307,6070,2862,3705,260,12,83,5740,436
2023-12-06 16:00:00+00:00,407,9522,1338,6070,825,3902,261,12,83,6622,404
2023-12-06 17:00:00+00:00,406,10074,1352,6071,54,4174,256,12,81,7626,396
2023-12-06 18:00:00+00:00,406,9802,1357,6072,32,4197,256,11,81,7924,392
2023-12-06 19:00:00+00:00,407,9786,1358,6074,32,4523,256,12,84,8258,402
2023-12-06 20:00:00+00:00,401,10389,1338,6079,32,4949,256,10,82,7875,416
2023-12-06 21:00:00+00:00,402,10060,1321,6080,32,5341,250,11,83,7099,381
2023-12-06 22:00:00+00:00,402,8982,1307,6080,32,5859,244,8,83,5969,335
2023-12-06 23:00:00+00:00,400,6533,1264,6076,32,6166,244,12,81,5118,331
2023-12-07 00:00:00+00:00,370,5327,1217,6076,32,6254,242,8,80,4596,331
2023-12-07 01:00:00+00:00,363,5204,1179,6076,32,6373,240,6,80,3426,327
2023-12-07 02:00:00+00:00,370,4662,1164,6076,32,6655,240,8,80,3189,328
2023-12-07 03:00:00+00:00,380,4459,1145,6076,32,6971,238,8,77,3079,333
2023-12-07 04:00:00+00:00,376,4230,1153,6078,32,7510,240,11,76,3036,329
2023-12-07 05:00:00+00:00,366,4435,1139,6079,32,7879,239,10,76,2925,328
2023-12-07 06:00:00+00:00,358,4868,1166,6076,32,8029,238,10,78,3527,327
2023-12-07 07:00:00+00:00,364,5165,1204,6077,114,8453,236,10,80,4667,329
2023-12-07 08:00:00+00:00,389,4818,1214,6077,1296,8373,235,12,87,6228,364
2023-12-07 09:00:00+00:00,350,4854,1222,6076,3791,7854,233,12,85,6338,410
2023-12-07 10:00:00+00:00,359,4276,1246,6076,5384,7881,229,12,84,5674,460
2023-12-07 11:00:00+00:00,393,4314,1258,6076,5472,8074,233,13,84,4765,468
2023-12-07 12:00:00+00:00,395,4668,1266,6075,5670,7972,230,12,88,4558,472
2023-12-07 13:00:00+00:00,391,5236,1260,6076,4784,8107,234,10,88,5410,469
2023-12-07 14:00:00+00:00,381,5804,1272,6076,3394,8101,236,12,86,6078,472
2023-12-07 15:00:00+00:00,387,6171,1313,6077,1778,8431,237,12,87,6159,462
2023-12-07 16:00:00+00:00,361,6694,1329,6077,398,9294,239,12,90,6438,438
2023-12-07 17:00:00+00:00,355,6621,1363,6076,38,11017,241,9,92,6536,382
2023-12-07 18:00:00+00:00,374,6114,1392,6076,32,12322,242,10,92,6359,354
2023-12-07 19:00:00+00:00,370,5656,1419,6076,32,13140,235,10,90,5965,351
2023-12-07 20:00:00+00:00,366,5422,1397,6076,32,13166,239,11,89,5369,366
2023-12-07 21:00:00+00:00,368,4997,1377,6076,32,13502,237,11,88,3908,363
2023-12-07 22:00:00+00:00,366,5037,1350,6076,32,13167,231,10,86,3525,334
2023-12-07 23:00:00+00:00,237,4248,1327,6013,32,12475,229,7,82,3701,305
2023-12-08 00:00:00+00:00,166,3376,1245,5847,32,13243,229,8,80,2806,304
2023-12-08 01:00:00+00:00,152,3354,1259,5833,32,13264,228,8,78,2623,299
2023-12-08 02:00:00+00:00,154,3390,1254,5832,32,13261,228,8,80,2335,292
2023-12-08 03:00:00+00:00,151,3657,1265,5836,32,13554,228,8,76,2396,292
2023-12-08 04:00:00+00:00,155,3769,1259,5836,32,13805,228,8,76,2468,292
2023-12-08 05:00:00+00:00,155,3697,1235,5837,32,14254,228,8,78,2546,292
2023-12-08 06:00:00+00:00,156,3775,1262,5839,32,14925,224,8,76,2604,297
2023-12-08 07:00:00+00:00,156,3700,1276,5840,99,15015,227,10,76,2813,298
2023-12-08 08:00:00+00:00,153,2582,1248,5843,1621,15303,227,12,76,3421,306
2023-12-08 09:00:00+00:00,147,1843,1200,5844,5491,14293,229,13,76,3212,324
2023-12-08 10:00:00+00:00,143,1899,1222,5843,7481,14115,231,12,73,2768,366
2023-12-08 11:00:00+00:00,146,1892,1182,5844,8164,14382,230,12,75,2693,421
2023-12-08 12:00:00+00:00,139,2017,1189,5844,7631,14853,232,12,78,2752,440
2023-12-08 13:00:00+00:00,139,2128,1183,5846,6925,15378,230,12,79,2802,444
2023-12-08 14:00:00+00:00,143,2332,1221,5863,6033,14990,232,12,76,3150,433
2023-12-08 15:00:00+00:00,140,2407,1257,5919,4467,14229,240,12,76,3137,401
2023-12-08 16:00:00+00:00,155,3061,1323,5978,1382,13186,247,12,80,3777,354
2023-12-08 17:00:00+00:00,173,3175,1356,6036,66,12664,247,10,84,5041,324
2023-12-08 18:00:00+00:00,177,3089,1362,6066,34,12736,252,8,84,5791,324
2023-12-08 19:00:00+00:00,192,3241,1382,6066,32,13242,255,8,84,5645,326
2023-12-08 20:00:00+00:00,188,3219,1393,6068,32,13793,257,8,84,5620,336
2023-12-08 21:00:00+00:00,181,3152,1407,6068,32,13732,257,8,84,4500,324
2023-12-08 22:00:00+00:00,168,3122,1383,6068,32,13294,256,8,84,4329,324
2023-12-08 23:00:00+00:00,161,3107,1336,6075,32,13142,257,8,84,3314,324
2023-12-09 00:00:00+00:00,155,3125,1328,6075,32,12904,252,8,84,3019,324
2023-12-09 01:00:00+00:00,153,3118,1316,6072,32,12906,255,8,80,2998,324
2023-12-09 02:00:00+00:00,152,3083,1280,6072,32,13036,255,7,80,2726,324
2023-12-09 03:00:00+00:00,152,3137,1273,6072,32,13174,260,8,80,2722,308
2023-12-09 04:00:00+00:00,156,3278,1195,6071,32,13208,259,8,80,2787,323
2023-12-09 05:00:00+00:00,153,3276,1178,6072,32,13178,257,3,77,2722,332
2023-12-09 06:00:00+00:00,149,3373,1197,6072,32,13281,256,0,80,3085,338
2023-12-09 07:00:00+00:00,149,3180,1169,6072,108,13403,256,4,79,2761,351
2023-12-09 08:00:00+00:00,153,2905,1233,6073,1335,13241,247,11,80,2831,359
2023-12-09 09:00:00+00:00,159,2612,1238,6076,3909,13334,235,12,80,3185,349
2023-12-09 10:00:00+00:00,154,1994,1174,6073,5594,13528,233,12,80,2842,334
2023-12-09 11:00:00+00:00,150,2082,1216,6076,6470,13934,235,12,80,2559,353
2023-12-09 12:00:00+00:00,155,2445,1234,6076,6506,14339,245,12,80,2653,375
2023-12-09 13:00:00+00:00,153,2441,1205,6074,6236,14504,249,12,79,2877,359
2023-12-09 14:00:00+00:00,154,2312,1215,6072,5507,14367,256,13,81,2885,324
2023-12-09 15:00:00+00:00,166,2484,1263,6072,3921,13775,261,13,84,3303,324
2023-12-09 16:00:00+00:00,192,3297,1337,6070,1186,12959,263,12,83,4182,324
2023-12-09 17:00:00+00:00,194,3433,1380,6069,89,12360,257,9,81,5150,324
2023-12-09 18:00:00+00:00,198,3290,1408,6070,38,12055,262,9,80,5595,324
2023-12-09 19:00:00+00:00,206,3050,1434,6072,32,11623,265,12,80,5748,324
2023-12-09 20:00:00+00:00,205,2834,1440,6072,32,11244,264,12,79,5654,335
2023-12-09 21:00:00+00:00,206,3064,1426,6072,32,10873,263,11,78,5306,331
2023-12-09 22:00:00+00:00,202,2999,1403,6072,32,11074,263,11,80,4537,324
2023-12-09 23:00:00+00:00,176,3415,1398,6075,32,10899,262,8,79,3437,324
2023-12-10 00:00:00+00:00,158,3221,1333,6075,32,10403,263,7,77,3014,318
2023-12-10 01:00:00+00:00,154,2931,1297,6075,32,10219,261,5,73,2679,315
2023-12-10 02:00:00+00:00,154,2954,1248,6075,32,10149,260,8,76,2459,304
2023-12-10 03:00:00+00:00,151,2951,1213,6076,32,9783,262,8,78,2509,287
2023-12-10 04:00:00+00:00,156,2951,1209,6076,32,9684,262,8,80,2708,287
2023-12-10 05:00:00+00:00,156,3152,1220,6076,32,9729,262,8,78,2892,287
2023-12-10 06:00:00+00:00,157,3087,1173,6074,32,9906,269,9,79,2920,304
2023-12-10 07:00:00+00:00,164,3023,1193,6074,113,9958,270,10,80,3148,316
2023-12-10 08:00:00+00:00,168,3165,1255,6073,1595,9847,274,11,80,3589,333
2023-12-10 09:00:00+00:00,171,2749,1248,6072,4272,9682,273,12,80,3256,313
2023-12-10 10:00:00+00:00,171,2704,1326,6072,5722,9647,274,12,78,3470,331
2023-12-10 11:00:00+00:00,174,2718,1269,6072,6602,9886,276,12,81,3277,339
2023-12-10 12:00:00+00:00,169,3013,1249,6072,7061,9612,277,12,84,3397,354
2023-12-10 13:00:00+00:00,171,3308,1277,6072,6854,9327,272,12,84,3676,357
2023-12-10 14:00:00+00:00,174,3517,1265,6072,6343,8828,272,14,81,3932,347
2023-12-10 15:00:00+00:00,176,3478,1247,6072,4998,8319,270,12,80,4225,332
2023-12-10 16:00:00+00:00,193,3734,1317,6072,1734,8501,276,11,80,4846,329
2023-12-10 17:00:00+00:00,192,3826,1357,6072,178,8876,272,9,80,6700,330
2023-12-10 18:00:00+00:00,192,3528,1384,6070,104,9872,275,8,80,7304,328
2023-12-10 19:00:00+00:00,194,3462,1389,6069,100,10524,277,8,80,6865,328
2023-12-10 20:00:00+00:00,193,3490,1359,6068,67,11083,276,12,79,6201,328
2023-12-10 21:00:00+00:00,195,3611,1352,6069,56,11481,277,10,79,5041,329
2023-12-10 22:00:00+00:00,193,3036,1336,6124,52,12023,276,8,76,3991,325
2023-12-10 23:00:00+00:00,184,2952,1344,6161,34,12207,276,9,73,3147,316
2023-12-11 00:00:00+00:00,156,2724,1287,6182,32,12098,273,8,74,2892,299
2023-12-11 01:00:00+00:00,155,2913,1222,6189,32,11666,272,8,74,2744,287
2023-12-11 02:00:00+00:00,154,3036,1213,6208,32,10832,275,8,73,2976,284
2023-12-11 03:00:00+00:00,156,2871,1191,6206,32,10702,277,8,72,2894,280
2023-12-11 04:00:00+00:00,181,3439,1202,6212,32,11313,276,8,75,3067,280
2023-12-11 05:00:00+00:00,213,3978,1222,6230,32,11731,272,8,72,3351,288
2023-12-11 06:00:00+00:00,229,4891,1273,6242,32,11565,277,8,72,4008,303
2023-12-11 07:00:00+00:00,279,5114,1320,6244,105,11285,273,6,79,5421,306
2023-12-11 08:00:00+00:00,270,4609,1315,6244,2088,10766,267,11,79,6030,308
2023-12-11 09:00:00+00:00,267,3581,1323,6244,6205,10487,266,11,76,4631,308
2023-12-11 10:00:00+00:00,266,3161,1324,6237,8673,10396,264,11,69,3200,306
2023-12-11 11:00:00+00:00,286,3184,1340,6229,9291,10236,270,15,79,3102,304
2023-12-11 12:00:00+00:00,313,3540,1366,6243,9455,10046,275,19,81,3218,311
2023-12-11 13:00:00+00:00,319,4033,1339,6248,8977,9439,270,17,80,3598,327
2023-12-11 14:00:00+00:00,321,5071,1343,6249,7377,8553,269,17,81,4390,344
2023-12-11 15:00:00+00:00,327,5698,1349,6245,4275,7699,268,13,84,5883,390
2023-12-11 16:00:00+00:00,334,6199,1355,6250,1278,7551,276,12,80,7569,424
2023-12-11 17:00:00+00:00,334,6747,1350,6248,98,8230,282,10,80,7515,470
2023-12-11 18:00:00+00:00,337,6783,1354,6249,33,8696,289,12,82,7666,485
2023-12-11 19:00:00+00:00,340,6286,1377,6261,32,9331,289,12,84,7626,482
2023-12-11 20:00:00+00:00,363,6107,1387,6290,32,9841,292,11,84,7198,406
2023-12-11 21:00:00+00:00,360,5157,1341,6320,32,10492,291,8,84,5936,288
2023-12-11 22:00:00+00:00,356,3931,1325,6349,32,11088,293,8,88,5017,242
2023-12-11 23:00:00+00:00,346,3299,1282,6375,32,11480,287,7,84,3853,221
2023-12-12 00:00:00+00:00,352,3266,1262,6399,32,11577,287,4,82,3261,212
2023-12-12 01:00:00+00:00,358,3391,1244,6429,32,11612,291,7,82,3092,212
2023-12-12 02:00:00+00:00,363,3329,1247,6441,32,11456,287,7,76,3100,212
2023-12-12 03:00:00+00:00,359,3128,1246,6439,32,11224,287,7,76,3172,212
2023-12-12 04:00:00+00:00,357,3189,1228,6445,32,11532,286,7,76,3208,212
2023-12-12 05:00:00+00:00,346,3832,1188,6472,32,12023,283,4,78,3310,212
2023-12-12 06:00:00+00:00,362,4762,1252,6501,32,12161,279,4,76,4753,214
2023-12-12 07:00:00+00:00,370,4764,1273,6541,103,12129,277,9,81,6048,239
2023-12-12 08:00:00+00:00,366,4612,1284,6549,1611,12018,275,11,79,6219,243
2023-12-12 09:00:00+00:00,347,3638,1251,6573,4467,11742,274,9,78,5218,262
2023-12-12 10:00:00+00:00,340,3201,1235,6508,5948,11802,272,10,80,4466,264
2023-12-12 11:00:00+00:00,345,2908,1202,6546,7254,11840,268,10,79,4055,264
2023-12-12 12:00:00+00:00,355,2626,1243,6669,7669,12627,270,12,76,3993,264
2023-12-12 13:00:00+00:00,362,2780,1246,6680,7222,13277,275,12,76,3931,264
2023-12-12 14:00:00+00:00,356,3370,1190,6660,6448,13253,275,10,78,4030,265
2023-12-12 15:00:00+00:00,345,4330,1195,6690,4605,12850,270,8,75,4659,278
2023-12-12 16:00:00+00:00,348,5431,1236,6695,1435,12612,269,8,76,6805,288
2023-12-12 17:00:00+00:00,339,5648,1298,6698,95,13463,267,7,72,7362,260
2023-12-12 18:00:00+00:00,346,5673,1307,6723,64,14213,268,8,77,7084,236
2023-12-12 19:00:00+00:00,357,5819,1302,6746,53,14069,272,8,82,7439,236
2023-12-12 20:00:00+00:00,351,5952,1295,6751,53,14452,274,9,84,7258,229
2023-12-12 21:00:00+00:00,342,4716,1285,6749,41,15171,274,12,88,5453,215
2023-12-12 22:00:00+00:00,344,3289,1254,6749,32,15499,274,12,88,3946,208
2023-12-12 23:00:00+00:00,331,2760,1225,6746,31,15188,277,9,82,3273,206
2023-12-13 00:00:00+00:00,328,2512,1239,6732,31,15229,280,9,80,3009,207
2023-12-13 01:00:00+00:00,292,2100,1154,6717,29,15742,275,10,80,2769,205
2023-12-13 02:00:00+00:00,323,2300,1225,6716,12,15215,267,12,80,2950,208
2023-12-13 03:00:00+00:00,332,2382,1241,6710,15,15177,255,9,80,2944,208
2023-12-13 04:00:00+00:00,311,2317,1209,6703,16,15396,256,12,80,2844,208
2023-12-13 05:00:00+00:00,326,2926,1252,6709,16,15625,260,11,79,3218,208
2023-12-13 06:00:00+00:00,328,3807,1289,6712,16,16195,260,9,80,4203,210
2023-12-13 07:00:00+00:00,341,3795,1307,6714,58,15748,256,12,83,4954,261
2023-12-13 08:00:00+00:00,345,4078,1344,6709,933,14889,258,18,80,5008,273
2023-12-13 09:00:00+00:00,339,4160,1342,6714,3239,14196,258,15,80,4640,270
2023-12-13 10:00:00+00:00,315,3116,1290,6726,5614,14658,251,23,77,3822,267
2023-12-13 11:00:00+00:00,310,2867,1250,6746,6740,14870,251,27,74,3598,268
2023-12-13 12:00:00+00:00,301,2630,1206,6778,7310,15203,255,24,78,3229,268
2023-12-13 13:00:00+00:00,316,2558,1203,6792,7390,15247,258,17,80,3258,268
2023-12-13 14:00:00+00:00,322,2707,1184,6814,7648,14965,257,13,81,3203,268
2023-12-13 15:00:00+00:00,329,3485,1234,6856,6054,14524,255,15,81,3561,267
2023-12-13 16:00:00+00:00,346,4827,1272,6888,2086,13934,255,12,87,4999,281
2023-12-13 17:00:00+00:00,350,5920,1344,6916,104,13952,254,8,87,6742,272
2023-12-13 18:00:00+00:00,366,6098,1383,6948,18,13730,241,8,87,7474,244
2023-12-13 19:00:00+00:00,366,6373,1386,6980,15,14132,242,8,92,7460,240
2023-12-13 20:00:00+00:00,362,5900,1384,7009,16,14320,247,8,92,7333,244
2023-12-13 21:00:00+00:00,360,4926,1370,7040,16,13893,246,8,88,6331,223
2023-12-13 22:00:00+00:00,334,3762,1312,7056,13,13961,248,7,87,4949,212
2023-12-13 23:00:00+00:00,334,2858,1269,7062,14,13905,248,8,78,3895,212
2023-12-14 00:00:00+00:00,347,2728,1258,7071,16,13447,250,8,80,3595,212
2023-12-14 01:00:00+00:00,341,2733,1218,7068,15,13844,249,10,80,3253,212
2023-12-14 02:00:00+00:00,340,2638,1162,7072,14,13588,249,9,79,3101,212
2023-12-14 03:00:00+00:00,341,2644,1147,7069,15,13359,249,8,80,3002,212
2023-12-14 04:00:00+00:00,350,2711,1179,7068,15,13406,247,8,80,3036,212
2023-12-14 05:00:00+00:00,361,3564,1240,7068,16,13274,240,11,77,3220,212
2023-12-14 06:00:00+00:00,351,4476,1272,7068,16,12919,241,10,79,4035,220
2023-12-14 07:00:00+00:00,352,5656,1293,7072,77,12484,241,18,81,5976,266
2023-12-14 08:00:00+00:00,342,5447,1275,7076,2739,11990,244,16,82,5704,271
2023-12-14 09:00:00+00:00,328,4404,1222,7077,8665,10734,242,28,84,3515,268
2023-12-14 10:00:00+00:00,324,3458,1224,7078,11208,10530,237,24,83,3477,271
2023-12-14 11:00:00+00:00,320,2862,1214,7076,11722,10914,245,22,84,3377,268
2023-12-14 12:00:00+00:00,304,2775,1199,7076,11683,11337,255,14,82,3118,268
2023-12-14 13:00:00+00:00,330,2877,1207,7076,11466,11562,253,13,84,3004,268
2023-12-14 14:00:00+00:00,337,3501,1198,7076,11567,11069,233,12,83,2864,268
2023-12-14 15:00:00+00:00,342,5113,1224,7075,8886,10978,232,14,87,3205,270
2023-12-14 16:00:00+00:00,364,6529,1312,7075,3093,11627,244,15,88,5128,288
2023-12-14 17:00:00+00:00,348,6876,1352,7076,321,11608,257,12,89,7062,275
2023-12-14 18:00:00+00:00,359,7021,1375,7076,166,11785,256,12,88,7584,248
2023-12-14 19:00:00+00:00,354,7069,1376,7076,128,11907,253,15,88,7900,251
2023-12-14 20:00:00+00:00,359,7217,1372,7076,81,11529,256,11,92,7516,252
2023-12-14 21:00:00+00:00,353,6226,1378,7078,60,11042,259,8,90,6528,252
2023-12-14 22:00:00+00:00,358,4848,1366,7079,43,11036,252,8,88,5064,241
2023-12-14 23:00:00+00:00,359,3852,1326,7080,31,10644,248,8,85,4637,233
2023-12-15 00:00:00+00:00,364,3599,1285,7080,16,10252,249,8,84,4065,232
2023-12-15 01:00:00+00:00,362,3327,1261,7078,16,10208,248,7,84,3491,232
2023-12-15 02:00:00+00:00,355,3323,1252,7077,17,10144,248,8,84,3291,232
2023-12-15 03:00:00+00:00,360,3591,1247,7079,16,10012,248,8,81,3522,232
2023-12-15 04:00:00+00:00,349,3877,1252,7077,17,9730,248,11,80,3380,232
2023-12-15 05:00:00+00:00,362,4696,1264,7078,16,8863,248,12,82,4405,232
2023-12-15 06:00:00+00:00,357,5744,1273,7076,18,8987,249,12,84,5653,249
2023-12-15 07:00:00+00:00,355,6266,1294,7076,77,9295,259,26,86,6980,266
2023-12-15 08:00:00+00:00,326,5664,1271,7077,2863,9384,263,35,85,6389,295
2023-12-15 09:00:00+00:00,337,4289,1226,7077,8766,8743,257,26,84,4619,276
2023-12-15 10:00:00+00:00,341,3051,1197,7076,11719,9073,251,20,80,4011,269
2023-12-15 11:00:00+00:00,364,2863,1183,7075,11990,9320,256,13,81,3702,268
2023-12-15 12:00:00+00:00,369,2982,1172,7069,11666,9363,264,11,85,3632,268
2023-12-15 13:00:00+00:00,347,2920,1147,7068,11718,9260,263,11,86,3355,268
2023-12-15 14:00:00+00:00,347,3250,1109,7066,11733,9626,274,12,86,2857,268
2023-12-15 15:00:00+00:00,357,4735,1158,7066,9065,10121,277,12,84,3180,268
2023-12-15 16:00:00+00:00,363,6009,1229,7068,3021,10563,277,12,88,5461,285
2023-12-15 17:00:00+00:00,366,6044,1311,7069,339,11395,275,11,90,7094,297
2023-12-15 18:00:00+00:00,359,5814,1356,7074,149,11785,276,9,89,7382,284
2023-12-15 19:00:00+00:00,353,5654,1382,7078,120,11726,274,8,92,7510,248
2023-12-15 20:00:00+00:00,358,5630,1375,7081,113,11681,277,11,93,6772,231
2023-12-15 21:00:00+00:00,360,5360,1365,7081,49,11669,276,9,92,5606,230
2023-12-15 22:00:00+00:00,387,4732,1351,7081,19,11778,278,11,90,4647,229
2023-12-15 23:00:00+00:00,364,4067,1331,7083,19,12007,279,8,84,4487,212
2023-12-16 00:00:00+00:00,363,3467,1282,7084,20,11973,280,7,78,4295,206
2023-12-16 01:00:00+00:00,373,3602,1265,7084,20,11147,281,11,79,4082,208
2023-12-16 02:00:00+00:00,362,3593,1238,7085,20,10236,280,8,68,3638,208
2023-12-16 03:00:00+00:00,374,3518,1233,7084,20,8970,242,8,73,3496,204
2023-12-16 04:00:00+00:00,362,3397,1216,7083,20,8069,231,8,76,3605,204
2023-12-16 05:00:00+00:00,358,3337,1215,7082,20,8055,232,10,75,3573,200
2023-12-16 06:00:00+00:00,354,3618,1240,7082,20,7851,232,10,76,3863,201
2023-12-16 07:00:00+00:00,359,4007,1311,7082,80,7236,230,7,78,4716,219
2023-12-16 08:00:00+00:00,359,4143,1340,7084,2949,6612,230,10,78,5139,228
2023-12-16 09:00:00+00:00,345,3258,1291,7084,8911,5119,263,11,78,3944,228
2023-12-16 10:00:00+00:00,338,2928,1264,7084,11177,4018,271,10,79,3807,228
2023-12-16 11:00:00+00:00,353,3134,1280,7084,11711,3464,272,12,80,3921,228
2023-12-16 12:00:00+00:00,373,3241,1287,7084,12031,2828,273,9,83,3943,228
2023-12-16 13:00:00+00:00,368,3237,1278,7084,12277,2542,276,9,78,3758,228
2023-12-16 14:00:00+00:00,371,3371,1267,7084,12341,2217,278,12,73,3777,228
2023-12-16 15:00:00+00:00,375,4701,1298,7084,9408,1918,280,12,77,4307,228
2023-12-16 16:00:00+00:00,381,6054,1305,7084,3232,1928,281,11,79,5661,235
2023-12-16 17:00:00+00:00,384,6600,1346,7084,416,1962,289,8,77,7255,239
2023-12-16 18:00:00+00:00,385,6671,1362,7084,194,1857,292,8,75,7702,240
2023-12-16 19:00:00+00:00,403,6843,1383,7084,137,1678,291,8,80,8059,237
2023-12-16 20:00:00+00:00,400,6960,1376,7084,96,1656,283,8,78,7956,239
2023-12-16 21:00:00+00:00,395,6508,1360,7084,87,1566,291,8,76,6865,287
2023-12-16 22:00:00+00:00,392,5781,1360,7084,64,1517,291,8,78,6411,351
2023-12-16 23:00:00+00:00,389,4711,1319,7084,29,1660,289,10,77,6153,397
2023-12-17 00:00:00+00:00,355,4270,1252,7084,24,1692,283,8,76,6307,423
2023-12-17 01:00:00+00:00,331,4281,1225,7084,24,1778,280,9,76,4968,424
2023-12-17 02:00:00+00:00,325,4197,1200,7084,24,1941,278,8,77,4438,433
2023-12-17 03:00:00+00:00,323,4115,1185,7084,24,2020,280,8,76,4326,448
2023-12-17 04:00:00+00:00,334,4011,1177,7084,24,2165,280,8,77,4264,417
2023-12-17 05:00:00+00:00,366,4045,1194,7084,20,2349,279,10,76,4365,285
2023-12-17 06:00:00+00:00,368,4398,1195,7084,20,2473,279,8,76,4360,264
2023-12-17 07:00:00+00:00,374,4883,1227,7084,68,2317,272,8,76,4682,264
2023-12-17 08:00:00+00:00,372,4934,1213,7084,2623,2150,278,10,76,4815,277
2023-12-17 09:00:00+00:00,342,3314,1173,7084,8503,2005,278,12,73,3715,288
2023-12-17 10:00:00+00:00,335,3576,1181,7084,11150,1949,276,12,75,3628,289
2023-12-17 11:00:00+00:00,328,3410,1158,7084,11785,1914,273,11,78,3230,288
2023-12-17 12:00:00+00:00,332,3380,1149,7085,11278,1764,274,12,77,3102,288
2023-12-17 13:00:00+00:00,358,4030,1166,7084,11258,1556,274,12,76,3548,288
2023-12-17 14:00:00+00:00,363,4293,1158,7084,11669,1393,272,12,74,4155,287
2023-12-17 15:00:00+00:00,348,4888,1147,7084,9019,1268,277,11,75,4277,285
2023-12-17 16:00:00+00:00,367,6781,1244,7084,3210,1284,282,12,80,5552,303
2023-12-17 17:00:00+00:00,377,7340,1282,7084,405,1361,284,8,76,7079,319
2023-12-17 18:00:00+00:00,374,7230,1295,7084,222,1512,284,8,79,8001,320
2023-12-17 19:00:00+00:00,379,7287,1307,7084,201,1642,285,8,79,8210,315
2023-12-17 20:00:00+00:00,383,7306,1295,7084,153,1874,288,8,79,8092,312
2023-12-17 21:00:00+00:00,377,6616,1283,7084,63,2087,285,8,76,7417,312
2023-12-17 22:00:00+00:00,357,6025,1281,7084,36,2145,286,8,78,6441,305
2023-12-17 23:00:00+00:00,349,5874,1262,7084,23,2145,283,8,73,5647,304
2023-12-18 00:00:00+00:00,349,5648,1220,7084,24,2056,281,8,72,5050,304
2023-12-18 01:00:00+00:00,352,5523,1200,7084,20,2070,280,8,72,4338,299
2023-12-18 02:00:00+00:00,346,5647,1187,7084,16,1920,279,8,72,4063,304
2023-12-18 03:00:00+00:00,348,5519,1174,7084,16,1689,278,8,72,4280,304
2023-12-18 04:00:00+00:00,330,5907,1173,7084,20,1567,274,8,68,4286,304
2023-12-18 05:00:00+00:00,319,7037,1181,7084,17,1650,269,12,68,5295,304
2023-12-18 06:00:00+00:00,321,8501,1230,7084,18,1631,274,10,69,6672,322
2023-12-18 07:00:00+00:00,328,10020,1258,7084,59,1539,281,10,75,7544,331
2023-12-18 08:00:00+00:00,325,10679,1263,7084,2436,1322,279,17,75,7303,344
2023-12-18 09:00:00+00:00,326,8389,1255,7079,8248,1004,283,16,75,6417,377
2023-12-18 10:00:00+00:00,318,7378,1220,7077,11030,775,278,14,76,5988,412
2023-12-18 11:00:00+00:00,307,6638,1177,7079,11475,755,263,23,80,5885,436
2023-12-18 12:00:00+00:00,313,6001,1160,7080,11553,793,256,17,80,5794,414
2023-12-18 13:00:00+00:00,316,6313,1168,7080,11693,764,246,11,81,5417,404
2023-12-18 14:00:00+00:00,318,7389,1177,7080,11976,729,257,14,82,5618,374
2023-12-18 15:00:00+00:00,322,8663,1190,7080,9285,593,260,14,82,5626,357
2023-12-18 16:00:00+00:00,322,10697,1258,7078,3227,367,267,12,84,6687,364
2023-12-18 17:00:00+00:00,324,11588,1274,7080,404,454,272,10,82,8591,368
2023-12-18 18:00:00+00:00,320,11752,1279,7080,209,557,272,8,84,9261,379
2023-12-18 19:00:00+00:00,321,12092,1318,7080,192,653,272,12,83,9345,389
2023-12-18 20:00:00+00:00,323,11984,1303,7080,130,719,273,10,84,9398,392
2023-12-18 21:00:00+00:00,331,10877,1262,7081,42,664,277,8,84,8649,382
2023-12-18 22:00:00+00:00,334,9393,1263,7080,24,738,276,8,84,7363,368
2023-12-18 23:00:00+00:00,333,7256,1237,7081,24,874,279,8,78,6939,355
2023-12-19 00:00:00+00:00,329,6144,1206,7081,24,1027,280,8,75,6716,338
2023-12-19 01:00:00+00:00,327,5628,1183,7080,24,1216,275,9,73,5736,330
2023-12-19 02:00:00+00:00,324,5364,1166,7080,24,1481,279,8,71,5247,327
2023-12-19 03:00:00+00:00,315,5351,1160,7084,22,1522,277,8,70,5260,328
2023-12-19 04:00:00+00:00,324,5712,1157,7083,20,1482,278,7,72,5322,327
2023-12-19 05:00:00+00:00,327,7035,1177,7081,23,1456,276,12,73,6354,327
2023-12-19 06:00:00+00:00,325,8267,1219,7080,24,1323,276,7,73,7885,335
2023-12-19 07:00:00+00:00,321,9223,1237,7080,68,1552,276,10,80,8971,379
2023-12-19 08:00:00+00:00,328,9422,1234,7080,2476,1639,271,17,80,8673,386
2023-12-19 09:00:00+00:00,320,7989,1224,7080,7998,1559,266,19,81,6982,396
2023-12-19 10:00:00+00:00,317,7103,1194,7083,10779,1530,257,20,78,6229,425
2023-12-19 11:00:00+00:00,325,6181,1154,7084,11364,1529,246,25,77,6339,454
2023-12-19 12:00:00+00:00,327,6366,1127,7081,11371,1751,242,24,81,6246,450
2023-12-19 13:00:00+00:00,328,6297,1124,7080,11787,2277,247,18,83,5809,417
2023-12-19 14:00:00+00:00,330,6114,1134,7080,12033,2969,242,14,87,4826,403
2023-12-19 15:00:00+00:00,330,6471,1158,7078,9424,3738,238,16,88,5206,403
2023-12-19 16:00:00+00:00,328,7711,1184,7080,3366,5432,237,16,86,6465,384
2023-12-19 17:00:00+00:00,332,8650,1222,7080,389,7943,241,10,88,7420,370
2023-12-19 18:00:00+00:00,338,8122,1249,7082,199,9903,244,9,88,7450,368
2023-12-19 19:00:00+00:00,340,8080,1242,7084,139,10771,242,10,86,7401,366
2023-12-19 20:00:00+00:00,352,7577,1223,7084,117,10907,238,12,87,7146,361
2023-12-19 21:00:00+00:00,355,6521,1196,7087,89,10983,246,9,88,5599,352
2023-12-19 22:00:00+00:00,335,5383,1164,7086,53,11506,243,8,85,4310,329
2023-12-19 23:00:00+00:00,317,3614,1064,7088,49,12116,248,12,78,2863,310
2023-12-20 00:00:00+00:00,318,2716,1078,7087,49,12682,247,11,76,2702,304
2023-12-20 01:00:00+00:00,317,2508,1057,7084,48,13178,247,8,76,2366,306
2023-12-20 02:00:00+00:00,327,2498,1097,7084,48,13205,245,12,74,2158,295
2023-12-20 03:00:00+00:00,322,2387,1072,7084,48,13593,246,12,76,2004,292
2023-12-20 04:00:00+00:00,325,2599,1106,7084,50,14033,244,11,74,2316,303
2023-12-20 05:00:00+00:00,312,3151,1074,7084,46,14489,244,8,72,2841,308
2023-12-20 06:00:00+00:00,308,4210,1132,7083,48,14749,238,8,73,3969,309
2023-12-20 07:00:00+00:00,285,4821,1176,7084,93,14759,239,11,79,5391,330
2023-12-20 08:00:00+00:00,282,4812,1213,7081,1276,14507,239,11,80,6188,368
2023-12-20 09:00:00+00:00,312,4433,1213,7083,3450,14209,236,12,83,5892,384
2023-12-20 10:00:00+00:00,309,4257,1169,7081,5012,13798,236,13,84,5464,401
2023-12-20 11:00:00+00:00,265,3470,1136,7081,6745,13816,233,13,80,3653,432
2023-12-20 12:00:00+00:00,271,3390,1224,7083,7178,14218,231,17,78,2828,433
2023-12-20 13:00:00+00:00,277,3543,1248,7084,7393,14281,240,18,80,2613,389
2023-12-20 14:00:00+00:00,281,4016,1250,7084,7259,14347,240,16,80,2788,328
2023-12-20 15:00:00+00:00,288,4954,1262,7084,5440,14173,240,16,80,3107,332
2023-12-20 16:00:00+00:00,283,5976,1303,7084,1797,14677,241,21,73,4227,352
2023-12-20 17:00:00+00:00,283,6714,1322,7084,132,14588,243,20,70,5647,368
2023-12-20 18:00:00+00:00,277,6453,1319,7084,51,14418,244,19,68,5627,364
2023-12-20 19:00:00+00:00,278,5939,1324,7086,39,14094,243,20,68,5239,348
2023-12-20 20:00:00+00:00,284,5527,1330,7088,41,13589,244,15,68,4950,342
2023-12-20 21:00:00+00:00,290,4428,1317,7088,47,13370,242,12,71,4363,324
2023-12-20 22:00:00+00:00,282,3330,1275,7088,42,12952,247,10,73,3829,314
2023-12-20 23:00:00+00:00,270,2750,1213,7087,45,12172,242,12,68,3394,324
2023-12-21 00:00:00+00:00,256,2676,1167,7085,41,11877,240,8,61,2831,332
2023-12-21 01:00:00+00:00,245,2670,1159,7087,33,11742,238,8,61,2740,341
2023-12-21 02:00:00+00:00,252,2623,1155,7088,33,11385,243,8,62,2738,344
2023-12-21 03:00:00+00:00,254,2762,1139,7088,36,11085,240,8,60,2834,344
2023-12-21 04:00:00+00:00,259,2728,1111,7089,36,10934,239,10,59,2652,344
2023-12-21 05:00:00+00:00,277,3359,1144,7088,32,10797,241,9,58,3235,345
2023-12-21 06:00:00+00:00,273,4107,1162,7086,35,10929,241,8,62,5041,343
2023-12-21 07:00:00+00:00,276,4637,1196,7082,75,10532,245,12,72,6778,345
2023-12-21 08:00:00+00:00,284,4647,1184,7084,2435,10310,239,18,77,6434,331
2023-12-21 09:00:00+00:00,290,3276,1095,7084,8162,9568,237,13,81,3851,349
2023-12-21 10:00:00+00:00,316,2509,1122,7084,10703,8934,235,18,75,2923,387
2023-12-21 11:00:00+00:00,323,2139,1135,7084,11191,8848,236,20,72,2780,441
2023-12-21 12:00:00+00:00,317,2101,1115,7084,11083,8815,234,23,74,2788,444
2023-12-21 13:00:00+00:00,312,2143,1095,7087,11186,9014,240,26,78,2800,441
2023-12-21 14:00:00+00:00,311,2250,1117,7084,11324,9079,239,24,80,2683,395
2023-12-21 15:00:00+00:00,306,2910,1117,7084,9062,9506,233,20,77,2931,341
2023-12-21 16:00:00+00:00,317,4069,1236,7085,3361,9951,238,21,75,4991,337
2023-12-21 17:00:00+00:00,316,4549,1266,7084,456,10866,243,19,79,7112,339
2023-12-21 18:00:00+00:00,317,4977,1294,7084,284,11489,247,19,77,7283,330
2023-12-21 19:00:00+00:00,316,4942,1296,7084,173,11521,249,20,80,7268,328
2023-12-21 20:00:00+00:00,319,4471,1299,7088,82,11426,251,14,78,7532,328
2023-12-21 21:00:00+00:00,310,3639,1285,7088,67,11715,252,12,78,5823,328
2023-12-21 22:00:00+00:00,314,2945,1284,7088,62,11661,245,12,76,4641,349
2023-12-21 23:00:00+00:00,301,2839,1221,7088,41,11289,245,12,70,3976,350
2023-12-22 00:00:00+00:00,285,2612,1138,7089,40,11410,246,12,67,3180,337
2023-12-22 01:00:00+00:00,292,2671,1112,7088,35,11506,244,11,67,2711,347
2023-12-22 02:00:00+00:00,280,2503,1114,7088,35,11307,246,11,65,2632,348
2023-12-22 03:00:00+00:00,289,2444,1111,7088,35,11326,244,10,65,2542,346
2023-12-22 04:00:00+00:00,290,2590,1123,7088,32,11457,244,12,64,2705,350
2023-12-22 05:00:00+00:00,282,2653,1114,7087,32,11782,243,12,66,2781,335
2023-12-22 06:00:00+00:00,302,2621,1180,7084,32,11945,243,12,69,3470,334
2023-12-22 07:00:00+00:00,305,2699,1220,7084,67,11841,239,20,77,4554,347
2023-12-22 08:00:00+00:00,313,2736,1244,7088,2409,11421,238,32,75,5095,347
2023-12-22 09:00:00+00:00,312,2065,1145,7088,8270,10307,239,29,76,3069,355
2023-12-22 10:00:00+00:00,298,1823,1149,7088,10877,8956,238,22,76,2632,416
2023-12-22 11:00:00+00:00,287,1759,1079,7088,11158,8418,233,19,80,2476,442
2023-12-22 12:00:00+00:00,299,1777,1116,7088,11227,8268,234,13,80,2687,430
2023-12-22 13:00:00+00:00,292,1907,1065,7088,11615,7765,237,13,81,2423,398
2023-12-22 14:00:00+00:00,292,1987,1077,7087,12135,7763,238,13,80,2386,362
2023-12-22 15:00:00+00:00,306,2755,1085,7084,9566,7968,238,13,80,2917,332
2023-12-22 16:00:00+00:00,325,3913,1190,7085,3507,8837,236,12,83,4346,332
2023-12-22 17:00:00+00:00,322,4284,1219,7084,493,10075,238,12,81,6403,351
2023-12-22 18:00:00+00:00,318,4050,1247,7084,295,10678,241,12,77,6982,356
2023-12-22 19:00:00+00:00,326,3963,1269,7085,237,10785,235,11,79,6958,359
2023-12-22 20:00:00+00:00,334,4023,1299,7088,184,10240,235,12,80,7260,356
2023-12-22 21:00:00+00:00,327,3868,1281,7091,107,9908,234,12,80,5959,333
2023-12-22 22:00:00+00:00,327,3586,1245,7092,76,9884,244,10,80,4639,303
2023-12-22 23:00:00+00:00,290,3151,1159,7090,57,9737,244,11,75,3370,295
2023-12-23 00:00:00+00:00,265,2991,1130,7088,52,9706,245,12,72,2644,292
2023-12-23 01:00:00+00:00,264,3266,1136,7088,52,9382,243,11,72,2567,295
2023-12-23 02:00:00+00:00,248,3184,1099,7088,52,9320,244,11,73,2426,296
2023-12-23 03:00:00+00:00,252,2881,1116,7088,52,9346,244,12,72,2385,296
2023-12-23 04:00:00+00:00,247,2731,1118,7090,52,9283,244,12,72,2392,296
2023-12-23 05:00:00+00:00,249,2831,1116,7092,52,9293,243,11,72,2401,294
2023-12-23 06:00:00+00:00,240,2956,1107,7092,52,9203,242,12,72,2689,292
2023-12-23 07:00:00+00:00,252,2202,1135,7092,90,8947,238,12,67,3493,295
2023-12-23 08:00:00+00:00,245,1532,1115,7092,2441,8921,236,15,71,3695,316
2023-12-23 09:00:00+00:00,243,1385,1075,7092,8079,8529,232,15,75,2459,327
2023-12-23 10:00:00+00:00,236,1362,1040,7092,10698,7936,235,16,72,2269,306
2023-12-23 11:00:00+00:00,236,1407,1048,7092,11352,7180,236,15,73,2314,308
2023-12-23 12:00:00+00:00,241,1455,1064,7091,11626,6561,239,12,72,2494,304
2023-12-23 13:00:00+00:00,229,1435,1022,7090,11788,6043,240,12,76,2675,304
2023-12-23 14:00:00+00:00,223,1520,999,7091,11761,5789,242,12,76,2517,304
2023-12-23 15:00:00+00:00,226,1839,1022,7088,9253,5730,242,12,76,3183,317
2023-12-23 16:00:00+00:00,261,2931,1118,7088,3446,5874,245,12,78,5495,339
2023-12-23 17:00:00+00:00,259,3915,1195,7088,421,6489,242,12,80,7237,306
2023-12-23 18:00:00+00:00,270,4160,1244,7088,215,6460,240,12,77,8216,308
2023-12-23 19:00:00+00:00,280,4382,1267,7088,134,6123,240,12,76,8649,308
2023-12-23 20:00:00+00:00,275,4683,1281,7088,125,5659,240,12,76,8755,308
2023-12-23 21:00:00+00:00,277,4206,1279,7091,64,5293,241,11,76,8153,308
2023-12-23 22:00:00+00:00,274,4117,1216,7092,32,5345,245,12,75,6555,293
2023-12-23 23:00:00+00:00,279,4526,1205,7092,20,5221,243,12,74,4104,288
2023-12-24 00:00:00+00:00,296,4940,1199,7092,20,4565,241,11,74,3335,288
2023-12-24 01:00:00+00:00,299,5064,1186,7092,20,3858,240,12,75,3187,288
2023-12-24 02:00:00+00:00,304,5147,1152,7092,20,3173,239,10,76,3191,288
2023-12-24 03:00:00+00:00,290,5039,1130,7092,20,2701,235,12,72,3314,288
2023-12-24 04:00:00+00:00,283,4874,1116,7092,20,2329,237,10,72,3657,288
2023-12-24 05:00:00+00:00,299,5052,1110,7092,20,2052,241,12,72,3795,288
2023-12-24 06:00:00+00:00,295,5012,1129,7091,20,1895,242,12,72,4098,288
2023-12-24 07:00:00+00:00,298,4546,1149,7091,55,1829,241,12,72,4753,288
2023-12-24 08:00:00+00:00,308,4699,1143,7092,2208,1597,242,12,76,5214,288
2023-12-24 09:00:00+00:00,297,3372,1073,7092,7901,1131,240,15,78,4308,288
2023-12-24 10:00:00+00:00,304,2870,1051,7091,10857,712,238,15,73,3142,288
2023-12-24 11:00:00+00:00,300,3105,1041,7089,11449,530,240,16,74,3074,288
2023-12-24 12:00:00+00:00,300,3051,1054,7088,11359,481,240,14,72,3199,289
2023-12-24 13:00:00+00:00,306,3005,1062,7088,11594,551,239,13,74,3114,290
2023-12-24 14:00:00+00:00,288,2899,1011,7088,11587,710,241,14,76,2904,288
2023-12-24 15:00:00+00:00,317,3776,1098,7088,9278,751,240,13,77,3777,288
2023-12-24 16:00:00+00:00,318,5391,1158,7088,3366,883,241,15,79,6322,291
2023-12-24 17:00:00+00:00,317,6856,1194,7088,399,1136,235,12,79,7940,305
2023-12-24 18:00:00+00:00,315,6941,1207,7090,208,1249,240,12,74,8513,315
2023-12-24 19:00:00+00:00,315,6390,1200,7091,121,1402,240,12,71,8523,314
2023-12-24 20:00:00+00:00,311,5893,1205,7092,92,1541,240,12,72,7740,316
2023-12-24 21:00:00+00:00,311,5048,1198,7092,55,1644,243,11,72,6301,300
2023-12-24 22:00:00+00:00,308,4997,1194,7092,23,1794,244,9,76,5543,291
2023-12-24 23:00:00+00:00,310,5763,1195,7092,20,1810,244,12,74,4354,288
2023-12-25 00:00:00+00:00,303,5922,1179,7092,18,1838,241,12,72,4155,288
2023-12-25 01:00:00+00:00,282,5481,1167,7092,20,2001,240,12,72,3637,288
2023-12-25 02:00:00+00:00,284,5410,1161,7092,19,2141,237,12,73,3528,288
2023-12-25 03:00:00+00:00,272,5401,1113,7092,19,2211,237,12,69,3262,288
2023-12-25 04:00:00+00:00,282,5725,1091,7092,16,2213,235,10,68,3118,288
2023-12-25 05:00:00+00:00,286,5653,1079,7092,19,2204,232,4,68,3030,288
2023-12-25 06:00:00+00:00,273,5740,1098,7092,20,2115,237,4,68,3153,288
2023-12-25 07:00:00+00:00,262,5870,1094,7092,52,1932,239,6,71,3348,288
2023-12-25 08:00:00+00:00,256,6289,1076,7092,1920,1603,237,8,72,3245,288
2023-12-25 09:00:00+00:00,267,4945,1027,7092,6757,1134,237,11,72,2840,290
2023-12-25 10:00:00+00:00,271,4451,1034,7091,9542,725,234,12,70,2571,292
2023-12-25 11:00:00+00:00,270,4698,1023,7090,10310,631,235,10,70,2710,292
2023-12-25 12:00:00+00:00,273,4791,1021,7091,10534,677,237,10,71,2720,289
2023-12-25 13:00:00+00:00,258,4521,1012,7092,10819,742,238,8,69,2491,288
2023-12-25 14:00:00+00:00,250,4024,986,7092,10853,787,240,8,70,2281,288
2023-12-25 15:00:00+00:00,277,5193,1056,7092,8410,889,237,8,68,2551,288
2023-12-25 16:00:00+00:00,279,6196,1114,7092,2889,1052,234,8,71,3634,289
2023-12-25 17:00:00+00:00,291,6536,1159,7092,308,1271,217,6,71,5797,292
2023-12-25 18:00:00+00:00,318,6741,1172,7091,108,1499,219,6,72,6699,291
2023-12-25 19:00:00+00:00,327,6736,1180,7090,83,1740,229,7,72,7202,306
2023-12-25 20:00:00+00:00,334,6573,1192,7091,80,1844,240,8,73,7648,331
2023-12-25 21:00:00+00:00,330,6227,1175,7091,58,2071,237,5,72,6523,288
2023-12-25 22:00:00+00:00,319,5670,1158,7092,30,2165,236,4,72,5319,289
2023-12-25 23:00:00+00:00,327,5863,1142,7092,24,2030,236,4,72,4718,303
2023-12-26 00:00:00+00:00,348,5877,1099,7088,24,2223,235,7,72,3999,312
2023-12-26 01:00:00+00:00,350,5650,1048,7092,23,2335,232,10,72,3107,312
2023-12-26 02:00:00+00:00,348,5738,1014,7092,20,2248,233,6,69,2543,312
2023-12-26 03:00:00+00:00,344,5638,1010,7092,20,2108,233,4,68,2487,334
2023-12-26 04:00:00+00:00,353,6053,1019,7091,20,2012,230,9,68,2493,352
2023-12-26 05:00:00+00:00,353,6206,1025,7088,20,2198,229,12,68,2692,352
2023-12-26 06:00:00+00:00,362,5920,1039,7088,20,2482,228,9,67,3837,352
2023-12-26 07:00:00+00:00,360,5580,1065,7088,51,2661,228,12,66,5595,353
2023-12-26 08:00:00+00:00,350,5300,1080,7087,1638,2549,229,13,68,6613,352
2023-12-26 09:00:00+00:00,367,4636,1075,7078,5525,2121,232,12,71,6041,387
2023-12-26 10:00:00+00:00,362,3942,1051,7093,7608,1755,233,15,68,6232,443
2023-12-26 11:00:00+00:00,339,3621,1005,7090,8282,1812,236,16,71,6103,465
2023-12-26 12:00:00+00:00,343,3558,977,7088,8657,1883,236,15,71,5643,459
2023-12-26 13:00:00+00:00,349,3834,992,7088,8865,1941,237,16,73,5537,401
2023-12-26 14:00:00+00:00,354,4122,999,7088,8851,1767,236,16,72,4670,392
2023-12-26 15:00:00+00:00,347,5336,989,7088,6901,1774,237,13,72,4643,377
2023-12-26 16:00:00+00:00,336,6980,1069,7088,2427,1865,236,11,74,6063,367
2023-12-26 17:00:00+00:00,336,7716,1110,7088,284,2314,237,8,76,7713,353
2023-12-26 18:00:00+00:00,323,7392,1144,7092,124,2851,236,8,75,8572,351
2023-12-26 19:00:00+00:00,323,7601,1155,7092,101,3252,237,8,72,8640,351
2023-12-26 20:00:00+00:00,341,7408,1143,7092,92,3582,239,10,72,8619,350
2023-12-26 21:00:00+00:00,351,6451,1130,7092,55,3997,241,12,75,7644,348
2023-12-26 22:00:00+00:00,342,5764,1128,7090,28,4184,240,10,76,6599,351
2023-12-26 23:00:00+00:00,336,4429,1117,7092,16,4168,237,12,73,5815,333
2023-12-27 00:00:00+00:00,326,3843,1051,7092,16,4138,234,11,72,4854,320
2023-12-27 01:00:00+00:00,330,3694,1052,7092,16,4289,233,12,72,4092,323
2023-12-27 02:00:00+00:00,334,3677,1005,7092,16,4428,235,12,69,3806,322
2023-12-27 03:00:00+00:00,348,3711,941,7092,16,4677,235,12,66,3725,323
2023-12-27 04:00:00+00:00,345,3708,942,7095,16,4934,232,12,64,3780,323
2023-12-27 05:00:00+00:00,334,3887,972,7092,16,5177,234,12,67,4015,321
2023-12-27 06:00:00+00:00,330,4388,996,7094,16,5147,232,10,68,4847,324
2023-12-27 07:00:00+00:00,336,5111,1028,7093,43,5123,231,9,68,6075,324
2023-12-27 08:00:00+00:00,338,5780,1018,7096,1607,5258,228,8,72,6294,326
2023-12-27 09:00:00+00:00,330,4375,978,7095,5577,5323,228,11,72,5290,380
2023-12-27 10:00:00+00:00,336,3760,957,7096,7955,5247,228,12,75,4253,436
2023-12-27 11:00:00+00:00,344,3722,936,7095,8823,5136,228,11,77,3690,453
2023-12-27 12:00:00+00:00,341,3697,920,7095,9065,5173,228,11,78,3845,416
2023-12-27 13:00:00+00:00,335,3690,941,7092,9117,5200,227,12,80,4281,379
2023-12-27 14:00:00+00:00,346,3716,943,7092,8854,5164,228,12,77,3825,347
2023-12-27 15:00:00+00:00,344,4581,978,7092,6911,5073,236,10,80,4212,328
2023-12-27 16:00:00+00:00,354,6142,1053,7092,2442,4967,236,13,81,6302,312
2023-12-27 17:00:00+00:00,360,7025,1081,7091,292,4859,238,14,83,7348,335
2023-12-27 18:00:00+00:00,354,7103,1113,7092,179,4641,238,14,80,8056,348
2023-12-27 19:00:00+00:00,349,7188,1142,7092,157,4272,239,12,80,8632,348
2023-12-27 20:00:00+00:00,354,7291,1134,7092,122,4169,240,12,77,8501,348
2023-12-27 21:00:00+00:00,354,6696,1124,7092,103,4139,239,12,76,6973,348
2023-12-27 22:00:00+00:00,347,5806,1118,7092,80,4429,239,12,74,5880,342
2023-12-27 23:00:00+00:00,341,4650,1094,7091,80,4611,240,11,72,4005,332
2023-12-28 00:00:00+00:00,347,3873,1061,7092,80,4644,242,12,69,3428,346
2023-12-28 01:00:00+00:00,349,3955,1022,7092,79,4650,240,12,68,2801,354
2023-12-28 02:00:00+00:00,348,3899,1018,7092,76,4502,243,12,68,2734,356
2023-12-28 03:00:00+00:00,346,3852,1013,7094,76,4476,242,12,68,2698,336
2023-12-28 04:00:00+00:00,342,3867,1006,7096,76,4428,243,12,66,2739,331
2023-12-28 05:00:00+00:00,335,4106,1014,7093,76,4525,240,12,68,2719,328
2023-12-28 06:00:00+00:00,348,4137,1028,7092,76,4615,244,9,69,3395,336
2023-12-28 07:00:00+00:00,350,4381,1051,7092,107,4794,242,10,74,5165,377
2023-12-28 08:00:00+00:00,351,4883,1072,7089,952,4850,244,13,74,6175,390
2023-12-28 09:00:00+00:00,345,5193,1055,7088,3097,4555,242,14,79,5802,403
2023-12-28 10:00:00+00:00,346,5165,1049,7088,4854,3871,239,12,79,6219,435
2023-12-28 11:00:00+00:00,338,4955,1026,7091,6733,3343,239,13,78,5496,454
2023-12-28 12:00:00+00:00,339,5035,1041,7088,7446,3073,240,12,83,5299,431
2023-12-28 13:00:00+00:00,332,5238,1082,7090,7577,2814,243,14,82,5227,395
2023-12-28 14:00:00+00:00,331,5903,1114,7091,6454,2462,241,16,82,5496,357
2023-12-28 15:00:00+00:00,331,6913,1092,7092,4622,1993,241,15,84,5417,304
2023-12-28 16:00:00+00:00,345,8037,1117,7091,1398,2003,238,15,81,6656,301
2023-12-28 17:00:00+00:00,347,9265,1147,7092,59,2019,233,12,81,7849,299
2023-12-28 18:00:00+00:00,343,9299,1160,7092,17,2019,243,12,80,8174,300
2023-12-28 19:00:00+00:00,339,9378,1189,7092,17,1986,244,11,80,8534,300
2023-12-28 20:00:00+00:00,355,9325,1195,7092,20,1955,246,12,78,8399,317
2023-12-28 21:00:00+00:00,371,8417,1174,7092,19,2286,243,10,76,6628,324
2023-12-28 22:00:00+00:00,367,7088,1167,7092,20,2582,245,8,76,4854,319
2023-12-28 23:00:00+00:00,376,6904,1167,7094,20,2703,241,8,71,3605,313
2023-12-29 00:00:00+00:00,374,6585,1120,7094,20,2804,238,8,69,3092,312
2023-12-29 01:00:00+00:00,371,6119,1093,7095,19,2667,242,8,69,2845,312
2023-12-29 02:00:00+00:00,374,6033,1082,7096,20,2532,248,8,68,2718,312
2023-12-29 03:00:00+00:00,363,6063,1065,7093,20,2342,247,8,68,2742,312
2023-12-29 04:00:00+00:00,357,6206,1060,7095,20,2070,249,5,68,3196,313
2023-12-29 05:00:00+00:00,354,6825,1062,7093,16,2024,242,7,67,3810,312
2023-12-29 06:00:00+00:00,346,7409,1105,7092,17,1693,242,5,68,4570,315
2023-12-29 07:00:00+00:00,350,7553,1133,7092,32,1655,248,7,76,5380,334
2023-12-29 08:00:00+00:00,355,7913,1140,7092,636,1602,242,8,78,6249,379
2023-12-29 09:00:00+00:00,350,8181,1127,7092,2209,1349,239,9,82,6683,423
2023-12-29 10:00:00+00:00,348,7820,1118,7092,3752,1173,241,10,80,6681,448
2023-12-29 11:00:00+00:00,347,7540,1106,7093,4535,1264,237,9,84,5910,460
2023-12-29 12:00:00+00:00,341,7600,1084,7095,4813,1285,237,12,84,6158,476
2023-12-29 13:00:00+00:00,344,7846,1075,7096,4650,1205,239,12,84,6649,454
2023-12-29 14:00:00+00:00,339,7995,1069,7096,3449,1289,240,12,84,6614,407
2023-12-29 15:00:00+00:00,327,9421,1072,7096,1983,1264,247,12,82,6041,392
2023-12-29 16:00:00+00:00,318,9950,1083,7096,726,1197,247,12,82,6355,399
2023-12-29 17:00:00+00:00,317,10184,1133,7096,58,1282,222,10,84,7013,400
2023-12-29 18:00:00+00:00,316,10157,1160,7096,22,1474,219,9,84,7531,448
2023-12-29 19:00:00+00:00,317,10303,1195,7096,20,1355,218,8,87,8214,456
2023-12-29 20:00:00+00:00,311,10587,1203,7096,22,1355,221,9,85,7950,452
2023-12-29 21:00:00+00:00,312,9702,1188,7096,24,1575,220,8,84,6829,422
2023-12-29 22:00:00+00:00,305,8565,1189,7097,20,1674,220,8,84,5409,364
2023-12-29 23:00:00+00:00,293,6150,1158,7097,20,1766,223,8,78,5861,328
2023-12-30 00:00:00+00:00,271,4735,1136,7096,20,1987,223,8,74,5966,320
2023-12-30 01:00:00+00:00,273,4375,1115,7098,20,2233,219,8,76,5258,297
2023-12-30 02:00:00+00:00,266,4698,1084,7097,20,2457,223,10,76,4215,288
2023-12-30 03:00:00+00:00,271,4548,1049,7096,20,2724,221,8,75,3443,288
2023-12-30 04:00:00+00:00,279,4391,1026,7096,18,3038,223,8,76,3204,288
2023-12-30 05:00:00+00:00,283,4249,1014,7096,20,3491,221,8,76,3174,288
2023-12-30 06:00:00+00:00,283,4138,1024,7096,20,3730,222,8,76,3286,288
2023-12-30 07:00:00+00:00,288,4495,1032,7093,38,3891,223,10,77,3545,288
2023-12-30 08:00:00+00:00,282,4399,1020,7089,1670,4330,220,12,77,3609,288
2023-12-30 09:00:00+00:00,289,2968,984,7092,6677,4286,220,7,79,2856,288
2023-12-30 10:00:00+00:00,284,2234,918,7090,9600,4248,206,8,78,2350,303
2023-12-30 11:00:00+00:00,296,2228,921,7088,10232,4688,217,6,76,2033,316
2023-12-30 12:00:00+00:00,282,2271,904,7037,10302,5465,217,5,76,1747,280
2023-12-30 13:00:00+00:00,288,2517,913,7013,10327,6028,214,6,77,1903,307
2023-12-30 14:00:00+00:00,273,2464,909,6997,10406,6176,213,2,79,1973,326
2023-12-30 15:00:00+00:00,241,2204,871,6978,8250,6376,228,0,77,2017,322
2023-12-30 16:00:00+00:00,245,2852,943,6976,3174,6965,233,1,79,3646,338
2023-12-30 17:00:00+00:00,243,3240,1013,6987,357,7634,238,3,80,5397,336
2023-12-30 18:00:00+00:00,249,3383,1052,7015,116,8640,245,0,79,4903,336
2023-12-30 19:00:00+00:00,244,3225,1064,7013,91,9992,246,0,78,4463,325
2023-12-30 20:00:00+00:00,242,3259,1053,7021,44,10806,247,0,74,4589,316
2023-12-30 21:00:00+00:00,239,2736,963,7017,32,11288,242,0,73,4152,316
2023-12-30 22:00:00+00:00,234,2929,888,7007,32,12076,241,0,74,2331,316
2023-12-30 23:00:00+00:00,193,3197,858,6998,32,12391,241,0,75,1672,307
2023-12-31 00:00:00+00:00,172,3321,873,7000,32,12591,240,0,72,1502,304
2023-12-31 01:00:00+00:00,167,3171,850,6997,32,11216,244,0,72,1279,304
2023-12-31 02:00:00+00:00,169,3144,847,7000,32,9963,244,0,72,1257,304
2023-12-31 03:00:00+00:00,166,3131,807,6999,32,9602,240,0,68,1234,296
2023-12-31 04:00:00+00:00,167,3016,777,7000,32,9609,239,0,70,1164,289
2023-12-31 05:00:00+00:00,170,3119,825,7000,32,9861,239,0,70,1269,284
2023-12-31 06:00:00+00:00,164,3443,837,6998,32,10182,243,0,63,1348,281
2023-12-31 07:00:00+00:00,166,3484,857,6996,53,10893,242,0,68,1503,284
2023-12-31 08:00:00+00:00,158,3590,894,6999,758,11673,240,0,69,1446,284
2023-12-31 09:00:00+00:00,163,3293,908,7044,2730,11499,242,0,68,1513,284
2023-12-31 10:00:00+00:00,161,2678,897,7056,4442,11294,244,0,68,1550,284
2023-12-31 11:00:00+00:00,162,2399,863,7040,5089,11746,245,0,68,1511,284
2023-12-31 12:00:00+00:00,165,2202,887,7027,5670,11971,246,0,69,1550,284
2023-12-31 13:00:00+00:00,167,2266,896,7046,5601,12310,244,0,70,1617,284
2023-12-31 14:00:00+00:00,180,2326,891,7080,5218,11677,244,0,73,1812,298
2023-12-31 15:00:00+00:00,196,2785,891,7083,3865,10748,245,0,77,2417,316
2023-12-31 16:00:00+00:00,200,4199,985,7089,1263,8546,250,0,80,4125,315
2023-12-31 17:00:00+00:00,219,4742,1029,7096,97,6927,248,0,80,6456,315
2023-12-31 18:00:00+00:00,234,5429,1053,7096,29,6523,249,0,79,7183,316
2023-12-31 19:00:00+00:00,240,5413,1077,7096,28,6424,251,0,76,7252,316
2023-12-31 20:00:00+00:00,245,5561,1078,7096,28,5920,248,0,80,6707,309
2023-12-31 21:00:00+00:00,241,4744,1060,7096,28,5521,248,0,76,5846,304
2023-12-31 22:00:00+00:00,246,4631,1049,7096,28,5306,241,0,76,4720,304
2023-12-31 23:00:00+00:00,247,4437,1009,7096,28,5479,243,0,76,3467,301
