run_id,day_of_year,date_utc,flag_simultaneous_charge_discharge_hours,flag_soc_bound_violation_hours,flag_unmet_demand_hours
M0__S1__D1__start001__ndays366__20260324T080704Z,1,2024-01-01,0.0,0.0,0.0
M0__S1__D1__start001__ndays366__20260324T080704Z,2,2024-01-02,0.0,0.0,0.0
M0__S1__D1__start001__ndays366__20260324T080704Z,3,2024-01-03,0.0,0.0,0.0
M0__S1__D1__start001__ndays366__20260324T080704Z,4,2024-01-04,0.0,0.0,0.0
M0__S1__D1__start001__ndays366__20260324T080704Z,5,2024-01-05,0.0,0.0,0.0
M0__S1__D1__start001__ndays366__20260324T080704Z,6,2024-01-06,1.0,0.0,0.0
M0__S1__D1__start001__ndays366__20260324T080704Z,7,2024-01-07,0.0,0.0,0.0
M0__S1__D1__start001__ndays366__20260324T080704Z,8,2024-01-08,0.0,0.0,0.0
M0__S1__D1__start001__ndays366__20260324T080704Z,9,2024-01-09,0.0,0.0,1.0
M0__S1__D1__start001__ndays366__20260324T080704Z,10,2024-01-10,0.0,0.0,0.0
M0__S1__D1__start001__ndays366__20260324T080704Z,11,2024-01-11,0.0,0.0,0.0
M0__S1__D1__start001__ndays366__20260324T080704Z,12,2024-01-12,0.0,0.0,0.0
M0__S1__D1__start001__ndays366__20260324T080704Z,13,2024-01-13,0.0,0.0,0.0
M0__S1__D1__start001__ndays366__20260324T080704Z,14,2024-01-14,0.0,0.0,1.0
M0__S1__D1__start001__ndays366__20260324T080704Z,15,2024-01-15,0.0,0.0,0.0
M0__S1__D1__start001__ndays366__20260324T080704Z,16,2024-01-16,0.0,0.0,0.0
M0__S1__D1__start001__ndays366__20260324T080704Z,17,2024-01-17,0.0,0.0,0.0
M0__S1__D1__start001__ndays366__20260324T080704Z,18,2024-01-18,0.0,0.0,0.0
M0__S1__D1__start001__ndays366__20260324T080704Z,19,2024-01-19,0.0,0.0,0.0
M0__S1__D1__start001__ndays366__20260324T080704Z,20,2024-01-20,0.0,0.0,0.0
M0__S1__D1__start001__ndays366__20260324T080704Z,21,2024-01-21,0.0,0.0,0.0
M0__S1__D1__start001__ndays366__20260324T080704Z,22,2024-01-22,0.0,0.0,0.0
M0__S1__D1__start001__ndays366__20260324T080704Z,23,2024-01-23,0.0,0.0,0.0
M0__S1__D1__start001__ndays366__20260324T080704Z,24,2024-01-24,0.0,0.0,0.0
M0__S1__D1__start001__ndays366__20260324T080704Z,25,2024-01-25,0.0,0.0,0.0
M0__S1__D1__start001__ndays366__20260324T080704Z,26,2024-01-26,0.0,0.0,0.0
M0__S1__D1__start001__ndays366__20260324T080704Z,27,2024-01-27,0.0,0.0,0.0
M0__S1__D1__start001__ndays366__20260324T080704Z,28,2024-01-28,0.0,0.0,0.0
M0__S1__D1__start001__ndays366__20260324T080704Z,29,2024-01-29,0.0,0.0,0.0
M0__S1__D1__start001__ndays366__20260324T080704Z,30,2024-01-30,0.0,0.0,0.0
M0__S1__D1__start001__ndays366__20260324T080704Z,31,2024-01-31,0.0,0.0,0.0
M0__S1__D1__start001__ndays366__20260324T080704Z,32,2024-02-01,0.0,0.0,0.0
M0__S1__D1__start001__ndays366__20260324T080704Z,33,2024-02-02,0.0,0.0,1.0
M0__S1__D1__start001__ndays366__20260324T080704Z,34,2024-02-03,0.0,0.0,0.0
M0__S1__D1__start001__ndays366__20260324T080704Z,35,2024-02-04,0.0,0.0,0.0
M0__S1__D1__start001__ndays366__20260324T080704Z,36,2024-02-05,0.0,0.0,0.0
M0__S1__D1__start001__ndays366__20260324T080704Z,37,2024-02-06,0.0,0.0,0.0
M0__S1__D1__start001__ndays366__20260324T080704Z,38,2024-02-07,0.0,0.0,0.0
M0__S1__D1__start001__ndays366__20260324T080704Z,39,2024-02-08,0.0,0.0,0.0
M0__S1__D1__start001__ndays366__20260324T080704Z,40,2024-02-09,0.0,0.0,0.0
M0__S1__D1__start001__ndays366__20260324T080704Z,41,2024-02-10,0.0,0.0,0.0
M0__S1__D1__start001__ndays366__20260324T080704Z,42,2024-02-11,0.0,0.0,0.0
M0__S1__D1__start001__ndays366__20260324T080704Z,43,2024-02-12,0.0,0.0,0.0
M0__S1__D1__start001__ndays366__20260324T080704Z,44,2024-02-13,0.0,0.0,0.0
M0__S1__D1__start001__ndays366__20260324T080704Z,45,2024-02-14,0.0,0.0,0.0
M0__S1__D1__start001__ndays366__20260324T080704Z,46,2024-02-15,0.0,0.0,0.0
M0__S1__D1__start001__ndays366__20260324T080704Z,47,2024-02-16,0.0,0.0,0.0
M0__S1__D1__start001__ndays366__20260324T080704Z,48,2024-02-17,0.0,0.0,0.0
M0__S1__D1__start001__ndays366__20260324T080704Z,49,2024-02-18,0.0,0.0,0.0
M0__S1__D1__start001__ndays366__20260324T080704Z,50,2024-02-19,0.0,0.0,0.0
M0__S1__D1__start001__ndays366__20260324T080704Z,51,2024-02-20,0.0,0.0,0.0
M0__S1__D1__start001__ndays366__20260324T080704Z,52,2024-02-21,0.0,0.0,0.0
M0__S1__D1__start001__ndays366__20260324T080704Z,53,2024-02-22,0.0,0.0,0.0
M0__S1__D1__start001__ndays366__20260324T080704Z,54,2024-02-23,0.0,0.0,0.0
M0__S1__D1__start001__ndays366__20260324T080704Z,55,2024-02-24,0.0,0.0,0.0
M0__S1__D1__start001__ndays366__20260324T080704Z,56,2024-02-25,0.0,0.0,0.0
M0__S1__D1__start001__ndays366__20260324T080704Z,57,2024-02-26,0.0,0.0,2.0
M0__S1__D1__start001__ndays366__20260324T080704Z,58,2024-02-27,0.0,0.0,0.0
M0__S1__D1__start001__ndays366__20260324T080704Z,59,2024-02-28,0.0,0.0,0.0
M0__S1__D1__start001__ndays366__20260324T080704Z,60,2024-02-29,0.0,0.0,0.0
M0__S1__D1__start001__ndays366__20260324T080704Z,61,2024-03-01,0.0,0.0,0.0
M0__S1__D1__start001__ndays366__20260324T080704Z,62,2024-03-02,0.0,0.0,0.0
M0__S1__D1__start001__ndays366__20260324T080704Z,63,2024-03-03,0.0,0.0,0.0
M0__S1__D1__start001__ndays366__20260324T080704Z,64,2024-03-04,0.0,0.0,0.0
M0__S1__D1__start001__ndays366__20260324T080704Z,65,2024-03-05,0.0,0.0,1.0
M0__S1__D1__start001__ndays366__20260324T080704Z,66,2024-03-06,0.0,0.0,0.0
M0__S1__D1__start001__ndays366__20260324T080704Z,67,2024-03-07,0.0,0.0,0.0
M0__S1__D1__start001__ndays366__20260324T080704Z,68,2024-03-08,0.0,0.0,22.0
M0__S1__D1__start001__ndays366__20260324T080704Z,69,2024-03-09,0.0,0.0,0.0
M0__S1__D1__start001__ndays366__20260324T080704Z,70,2024-03-10,0.0,0.0,0.0
M0__S1__D1__start001__ndays366__20260324T080704Z,71,2024-03-11,0.0,0.0,1.0
M0__S1__D1__start001__ndays366__20260324T080704Z,72,2024-03-12,2.0,0.0,0.0
M0__S1__D1__start001__ndays366__20260324T080704Z,73,2024-03-13,0.0,0.0,0.0
M0__S1__D1__start001__ndays366__20260324T080704Z,74,2024-03-14,0.0,0.0,0.0
M0__S1__D1__start001__ndays366__20260324T080704Z,75,2024-03-15,0.0,0.0,0.0
M0__S1__D1__start001__ndays366__20260324T080704Z,76,2024-03-16,0.0,0.0,0.0
M0__S1__D1__start001__ndays366__20260324T080704Z,77,2024-03-17,0.0,0.0,0.0
M0__S1__D1__start001__ndays366__20260324T080704Z,78,2024-03-18,0.0,0.0,0.0
M0__S1__D1__start001__ndays366__20260324T080704Z,79,2024-03-19,0.0,0.0,0.0
M0__S1__D1__start001__ndays366__20260324T080704Z,80,2024-03-20,0.0,0.0,0.0
M0__S1__D1__start001__ndays366__20260324T080704Z,81,2024-03-21,0.0,0.0,0.0
M0__S1__D1__start001__ndays366__20260324T080704Z,82,2024-03-22,0.0,0.0,0.0
M0__S1__D1__start001__ndays366__20260324T080704Z,83,2024-03-23,0.0,0.0,2.0
M0__S1__D1__start001__ndays366__20260324T080704Z,84,2024-03-24,0.0,0.0,0.0
M0__S1__D1__start001__ndays366__20260324T080704Z,85,2024-03-25,0.0,0.0,0.0
M0__S1__D1__start001__ndays366__20260324T080704Z,86,2024-03-26,0.0,0.0,2.0
M0__S1__D1__start001__ndays366__20260324T080704Z,87,2024-03-27,0.0,0.0,0.0
M0__S1__D1__start001__ndays366__20260324T080704Z,88,2024-03-28,0.0,0.0,0.0
M0__S1__D1__start001__ndays366__20260324T080704Z,89,2024-03-29,0.0,0.0,0.0
M0__S1__D1__start001__ndays366__20260324T080704Z,90,2024-03-30,0.0,0.0,0.0
M0__S1__D1__start001__ndays366__20260324T080704Z,91,2024-03-31,0.0,0.0,1.0
M0__S1__D1__start001__ndays366__20260324T080704Z,92,2024-04-01,0.0,0.0,0.0
M0__S1__D1__start001__ndays366__20260324T080704Z,93,2024-04-02,0.0,0.0,0.0
M0__S1__D1__start001__ndays366__20260324T080704Z,94,2024-04-03,0.0,0.0,0.0
M0__S1__D1__start001__ndays366__20260324T080704Z,95,2024-04-04,0.0,0.0,0.0
M0__S1__D1__start001__ndays366__20260324T080704Z,96,2024-04-05,0.0,0.0,1.0
M0__S1__D1__start001__ndays366__20260324T080704Z,97,2024-04-06,0.0,0.0,0.0
M0__S1__D1__start001__ndays366__20260324T080704Z,98,2024-04-07,0.0,0.0,1.0
M0__S1__D1__start001__ndays366__20260324T080704Z,99,2024-04-08,0.0,0.0,0.0
M0__S1__D1__start001__ndays366__20260324T080704Z,100,2024-04-09,0.0,0.0,0.0
M0__S1__D1__start001__ndays366__20260324T080704Z,101,2024-04-10,0.0,0.0,0.0
M0__S1__D1__start001__ndays366__20260324T080704Z,102,2024-04-11,0.0,0.0,0.0
M0__S1__D1__start001__ndays366__20260324T080704Z,103,2024-04-12,0.0,0.0,0.0
M0__S1__D1__start001__ndays366__20260324T080704Z,104,2024-04-13,0.0,0.0,3.0
M0__S1__D1__start001__ndays366__20260324T080704Z,105,2024-04-14,0.0,0.0,0.0
M0__S1__D1__start001__ndays366__20260324T080704Z,106,2024-04-15,0.0,0.0,0.0
M0__S1__D1__start001__ndays366__20260324T080704Z,107,2024-04-16,0.0,0.0,0.0
M0__S1__D1__start001__ndays366__20260324T080704Z,108,2024-04-17,0.0,0.0,0.0
M0__S1__D1__start001__ndays366__20260324T080704Z,109,2024-04-18,0.0,0.0,0.0
M0__S1__D1__start001__ndays366__20260324T080704Z,110,2024-04-19,1.0,0.0,0.0
M0__S1__D1__start001__ndays366__20260324T080704Z,111,2024-04-20,0.0,0.0,0.0
M0__S1__D1__start001__ndays366__20260324T080704Z,112,2024-04-21,1.0,0.0,0.0
M0__S1__D1__start001__ndays366__20260324T080704Z,113,2024-04-22,0.0,0.0,0.0
M0__S1__D1__start001__ndays366__20260324T080704Z,114,2024-04-23,0.0,0.0,0.0
M0__S1__D1__start001__ndays366__20260324T080704Z,115,2024-04-24,1.0,0.0,0.0
M0__S1__D1__start001__ndays366__20260324T080704Z,116,2024-04-25,0.0,0.0,0.0
M0__S1__D1__start001__ndays366__20260324T080704Z,117,2024-04-26,0.0,0.0,0.0
M0__S1__D1__start001__ndays366__20260324T080704Z,118,2024-04-27,0.0,0.0,0.0
M0__S1__D1__start001__ndays366__20260324T080704Z,119,2024-04-28,0.0,0.0,0.0
M0__S1__D1__start001__ndays366__20260324T080704Z,120,2024-04-29,0.0,0.0,0.0
M0__S1__D1__start001__ndays366__20260324T080704Z,121,2024-04-30,0.0,0.0,0.0
M0__S1__D1__start001__ndays366__20260324T080704Z,122,2024-05-01,0.0,0.0,1.0
M0__S1__D1__start001__ndays366__20260324T080704Z,123,2024-05-02,0.0,0.0,0.0
M0__S1__D1__start001__ndays366__20260324T080704Z,124,2024-05-03,0.0,0.0,0.0
M0__S1__D1__start001__ndays366__20260324T080704Z,125,2024-05-04,0.0,0.0,0.0
M0__S1__D1__start001__ndays366__20260324T080704Z,126,2024-05-05,0.0,0.0,0.0
M0__S1__D1__start001__ndays366__20260324T080704Z,127,2024-05-06,0.0,0.0,0.0
M0__S1__D1__start001__ndays366__20260324T080704Z,128,2024-05-07,0.0,0.0,0.0
M0__S1__D1__start001__ndays366__20260324T080704Z,129,2024-05-08,0.0,0.0,0.0
M0__S1__D1__start001__ndays366__20260324T080704Z,130,2024-05-09,0.0,0.0,0.0
M0__S1__D1__start001__ndays366__20260324T080704Z,131,2024-05-10,0.0,0.0,0.0
M0__S1__D1__start001__ndays366__20260324T080704Z,132,2024-05-11,0.0,0.0,0.0
M0__S1__D1__start001__ndays366__20260324T080704Z,133,2024-05-12,0.0,0.0,0.0
M0__S1__D1__start001__ndays366__20260324T080704Z,134,2024-05-13,0.0,0.0,0.0
M0__S1__D1__start001__ndays366__20260324T080704Z,135,2024-05-14,0.0,0.0,0.0
M0__S1__D1__start001__ndays366__20260324T080704Z,136,2024-05-15,0.0,0.0,0.0
M0__S1__D1__start001__ndays366__20260324T080704Z,137,2024-05-16,0.0,0.0,0.0
M0__S1__D1__start001__ndays366__20260324T080704Z,138,2024-05-17,0.0,0.0,0.0
M0__S1__D1__start001__ndays366__20260324T080704Z,139,2024-05-18,0.0,0.0,0.0
M0__S1__D1__start001__ndays366__20260324T080704Z,140,2024-05-19,0.0,0.0,0.0
M0__S1__D1__start001__ndays366__20260324T080704Z,141,2024-05-20,0.0,0.0,0.0
M0__S1__D1__start001__ndays366__20260324T080704Z,142,2024-05-21,0.0,0.0,0.0
M0__S1__D1__start001__ndays366__20260324T080704Z,143,2024-05-22,0.0,0.0,0.0
M0__S1__D1__start001__ndays366__20260324T080704Z,144,2024-05-23,0.0,0.0,0.0
M0__S1__D1__start001__ndays366__20260324T080704Z,145,2024-05-24,0.0,0.0,0.0
M0__S1__D1__start001__ndays366__20260324T080704Z,146,2024-05-25,0.0,0.0,0.0
M0__S1__D1__start001__ndays366__20260324T080704Z,147,2024-05-26,0.0,0.0,0.0
M0__S1__D1__start001__ndays366__20260324T080704Z,148,2024-05-27,0.0,0.0,0.0
M0__S1__D1__start001__ndays366__20260324T080704Z,149,2024-05-28,0.0,0.0,0.0
M0__S1__D1__start001__ndays366__20260324T080704Z,150,2024-05-29,0.0,0.0,0.0
M0__S1__D1__start001__ndays366__20260324T080704Z,151,2024-05-30,0.0,0.0,0.0
M0__S1__D1__start001__ndays366__20260324T080704Z,152,2024-05-31,1.0,0.0,0.0
M0__S1__D1__start001__ndays366__20260324T080704Z,153,2024-06-01,0.0,0.0,0.0
M0__S1__D1__start001__ndays366__20260324T080704Z,154,2024-06-02,1.0,0.0,0.0
M0__S1__D1__start001__ndays366__20260324T080704Z,155,2024-06-03,0.0,0.0,0.0
M0__S1__D1__start001__ndays366__20260324T080704Z,156,2024-06-04,0.0,0.0,0.0
M0__S1__D1__start001__ndays366__20260324T080704Z,157,2024-06-05,0.0,0.0,0.0
M0__S1__D1__start001__ndays366__20260324T080704Z,158,2024-06-06,0.0,0.0,0.0
M0__S1__D1__start001__ndays366__20260324T080704Z,159,2024-06-07,0.0,0.0,0.0
M0__S1__D1__start001__ndays366__20260324T080704Z,160,2024-06-08,0.0,0.0,0.0
M0__S1__D1__start001__ndays366__20260324T080704Z,161,2024-06-09,0.0,0.0,1.0
M0__S1__D1__start001__ndays366__20260324T080704Z,162,2024-06-10,0.0,0.0,0.0
M0__S1__D1__start001__ndays366__20260324T080704Z,163,2024-06-11,0.0,0.0,24.0
M0__S1__D1__start001__ndays366__20260324T080704Z,164,2024-06-12,0.0,0.0,0.0
M0__S1__D1__start001__ndays366__20260324T080704Z,165,2024-06-13,0.0,0.0,0.0
M0__S1__D1__start001__ndays366__20260324T080704Z,166,2024-06-14,0.0,0.0,0.0
M0__S1__D1__start001__ndays366__20260324T080704Z,167,2024-06-15,0.0,0.0,0.0
M0__S1__D1__start001__ndays366__20260324T080704Z,168,2024-06-16,0.0,0.0,0.0
M0__S1__D1__start001__ndays366__20260324T080704Z,169,2024-06-17,0.0,0.0,0.0
M0__S1__D1__start001__ndays366__20260324T080704Z,170,2024-06-18,0.0,0.0,0.0
M0__S1__D1__start001__ndays366__20260324T080704Z,171,2024-06-19,0.0,0.0,0.0
M0__S1__D1__start001__ndays366__20260324T080704Z,172,2024-06-20,0.0,0.0,0.0
M0__S1__D1__start001__ndays366__20260324T080704Z,173,2024-06-21,0.0,0.0,0.0
M0__S1__D1__start001__ndays366__20260324T080704Z,174,2024-06-22,0.0,0.0,0.0
M0__S1__D1__start001__ndays366__20260324T080704Z,175,2024-06-23,0.0,0.0,0.0
M0__S1__D1__start001__ndays366__20260324T080704Z,176,2024-06-24,0.0,0.0,0.0
M0__S1__D1__start001__ndays366__20260324T080704Z,177,2024-06-25,0.0,0.0,0.0
M0__S1__D1__start001__ndays366__20260324T080704Z,178,2024-06-26,0.0,0.0,0.0
M0__S1__D1__start001__ndays366__20260324T080704Z,179,2024-06-27,0.0,0.0,0.0
M0__S1__D1__start001__ndays366__20260324T080704Z,180,2024-06-28,0.0,0.0,0.0
M0__S1__D1__start001__ndays366__20260324T080704Z,181,2024-06-29,0.0,0.0,0.0
M0__S1__D1__start001__ndays366__20260324T080704Z,182,2024-06-30,0.0,0.0,0.0
M0__S1__D1__start001__ndays366__20260324T080704Z,183,2024-07-01,0.0,0.0,0.0
M0__S1__D1__start001__ndays366__20260324T080704Z,184,2024-07-02,0.0,0.0,0.0
M0__S1__D1__start001__ndays366__20260324T080704Z,185,2024-07-03,0.0,0.0,0.0
M0__S1__D1__start001__ndays366__20260324T080704Z,186,2024-07-04,0.0,0.0,0.0
M0__S1__D1__start001__ndays366__20260324T080704Z,187,2024-07-05,0.0,0.0,0.0
M0__S1__D1__start001__ndays366__20260324T080704Z,188,2024-07-06,0.0,0.0,1.0
M0__S1__D1__start001__ndays366__20260324T080704Z,189,2024-07-07,0.0,0.0,0.0
M0__S1__D1__start001__ndays366__20260324T080704Z,190,2024-07-08,0.0,0.0,0.0
M0__S1__D1__start001__ndays366__20260324T080704Z,191,2024-07-09,0.0,0.0,0.0
M0__S1__D1__start001__ndays366__20260324T080704Z,192,2024-07-10,0.0,0.0,0.0
M0__S1__D1__start001__ndays366__20260324T080704Z,193,2024-07-11,0.0,0.0,0.0
M0__S1__D1__start001__ndays366__20260324T080704Z,194,2024-07-12,0.0,0.0,0.0
M0__S1__D1__start001__ndays366__20260324T080704Z,195,2024-07-13,0.0,0.0,0.0
M0__S1__D1__start001__ndays366__20260324T080704Z,196,2024-07-14,0.0,0.0,0.0
M0__S1__D1__start001__ndays366__20260324T080704Z,197,2024-07-15,0.0,0.0,0.0
M0__S1__D1__start001__ndays366__20260324T080704Z,198,2024-07-16,0.0,0.0,0.0
M0__S1__D1__start001__ndays366__20260324T080704Z,199,2024-07-17,0.0,0.0,0.0
M0__S1__D1__start001__ndays366__20260324T080704Z,200,2024-07-18,0.0,0.0,0.0
M0__S1__D1__start001__ndays366__20260324T080704Z,201,2024-07-19,0.0,0.0,0.0
M0__S1__D1__start001__ndays366__20260324T080704Z,202,2024-07-20,0.0,0.0,0.0
M0__S1__D1__start001__ndays366__20260324T080704Z,203,2024-07-21,0.0,0.0,0.0
M0__S1__D1__start001__ndays366__20260324T080704Z,204,2024-07-22,0.0,0.0,24.0
M0__S1__D1__start001__ndays366__20260324T080704Z,205,2024-07-23,0.0,0.0,0.0
M0__S1__D1__start001__ndays366__20260324T080704Z,206,2024-07-24,0.0,0.0,0.0
M0__S1__D1__start001__ndays366__20260324T080704Z,207,2024-07-25,0.0,0.0,0.0
M0__S1__D1__start001__ndays366__20260324T080704Z,208,2024-07-26,0.0,0.0,0.0
M0__S1__D1__start001__ndays366__20260324T080704Z,209,2024-07-27,0.0,0.0,0.0
M0__S1__D1__start001__ndays366__20260324T080704Z,210,2024-07-28,0.0,0.0,0.0
M0__S1__D1__start001__ndays366__20260324T080704Z,211,2024-07-29,0.0,0.0,0.0
M0__S1__D1__start001__ndays366__20260324T080704Z,212,2024-07-30,0.0,0.0,0.0
M0__S1__D1__start001__ndays366__20260324T080704Z,213,2024-07-31,0.0,0.0,0.0
M0__S1__D1__start001__ndays366__20260324T080704Z,214,2024-08-01,0.0,0.0,0.0
M0__S1__D1__start001__ndays366__20260324T080704Z,215,2024-08-02,0.0,0.0,0.0
M0__S1__D1__start001__ndays366__20260324T080704Z,216,2024-08-03,0.0,0.0,0.0
M0__S1__D1__start001__ndays366__20260324T080704Z,217,2024-08-04,0.0,0.0,0.0
M0__S1__D1__start001__ndays366__20260324T080704Z,218,2024-08-05,0.0,0.0,0.0
M0__S1__D1__start001__ndays366__20260324T080704Z,219,2024-08-06,0.0,0.0,0.0
M0__S1__D1__start001__ndays366__20260324T080704Z,220,2024-08-07,0.0,0.0,0.0
M0__S1__D1__start001__ndays366__20260324T080704Z,221,2024-08-08,0.0,0.0,0.0
M0__S1__D1__start001__ndays366__20260324T080704Z,222,2024-08-09,1.0,0.0,0.0
M0__S1__D1__start001__ndays366__20260324T080704Z,223,2024-08-10,0.0,0.0,0.0
M0__S1__D1__start001__ndays366__20260324T080704Z,224,2024-08-11,0.0,0.0,0.0
M0__S1__D1__start001__ndays366__20260324T080704Z,225,2024-08-12,0.0,0.0,0.0
M0__S1__D1__start001__ndays366__20260324T080704Z,226,2024-08-13,0.0,0.0,0.0
M0__S1__D1__start001__ndays366__20260324T080704Z,227,2024-08-14,0.0,0.0,0.0
M0__S1__D1__start001__ndays366__20260324T080704Z,228,2024-08-15,0.0,0.0,0.0
M0__S1__D1__start001__ndays366__20260324T080704Z,229,2024-08-16,0.0,0.0,0.0
M0__S1__D1__start001__ndays366__20260324T080704Z,230,2024-08-17,0.0,0.0,0.0
M0__S1__D1__start001__ndays366__20260324T080704Z,231,2024-08-18,0.0,0.0,0.0
M0__S1__D1__start001__ndays366__20260324T080704Z,232,2024-08-19,1.0,0.0,0.0
M0__S1__D1__start001__ndays366__20260324T080704Z,233,2024-08-20,0.0,0.0,0.0
M0__S1__D1__start001__ndays366__20260324T080704Z,234,2024-08-21,0.0,0.0,0.0
M0__S1__D1__start001__ndays366__20260324T080704Z,235,2024-08-22,0.0,0.0,0.0
M0__S1__D1__start001__ndays366__20260324T080704Z,236,2024-08-23,0.0,0.0,0.0
M0__S1__D1__start001__ndays366__20260324T080704Z,237,2024-08-24,0.0,0.0,0.0
M0__S1__D1__start001__ndays366__20260324T080704Z,238,2024-08-25,0.0,0.0,0.0
M0__S1__D1__start001__ndays366__20260324T080704Z,239,2024-08-26,1.0,0.0,0.0
M0__S1__D1__start001__ndays366__20260324T080704Z,240,2024-08-27,0.0,0.0,0.0
M0__S1__D1__start001__ndays366__20260324T080704Z,241,2024-08-28,0.0,0.0,0.0
M0__S1__D1__start001__ndays366__20260324T080704Z,242,2024-08-29,0.0,0.0,0.0
M0__S1__D1__start001__ndays366__20260324T080704Z,243,2024-08-30,0.0,0.0,0.0
M0__S1__D1__start001__ndays366__20260324T080704Z,244,2024-08-31,0.0,0.0,0.0
M0__S1__D1__start001__ndays366__20260324T080704Z,245,2024-09-01,0.0,0.0,0.0
M0__S1__D1__start001__ndays366__20260324T080704Z,246,2024-09-02,0.0,0.0,0.0
M0__S1__D1__start001__ndays366__20260324T080704Z,247,2024-09-03,0.0,0.0,0.0
M0__S1__D1__start001__ndays366__20260324T080704Z,248,2024-09-04,0.0,0.0,0.0
M0__S1__D1__start001__ndays366__20260324T080704Z,249,2024-09-05,0.0,0.0,0.0
M0__S1__D1__start001__ndays366__20260324T080704Z,250,2024-09-06,0.0,0.0,0.0
M0__S1__D1__start001__ndays366__20260324T080704Z,251,2024-09-07,0.0,0.0,0.0
M0__S1__D1__start001__ndays366__20260324T080704Z,252,2024-09-08,0.0,0.0,0.0
M0__S1__D1__start001__ndays366__20260324T080704Z,253,2024-09-09,0.0,0.0,0.0
M0__S1__D1__start001__ndays366__20260324T080704Z,254,2024-09-10,0.0,0.0,0.0
M0__S1__D1__start001__ndays366__20260324T080704Z,255,2024-09-11,0.0,0.0,0.0
M0__S1__D1__start001__ndays366__20260324T080704Z,256,2024-09-12,0.0,0.0,0.0
M0__S1__D1__start001__ndays366__20260324T080704Z,257,2024-09-13,0.0,0.0,0.0
M0__S1__D1__start001__ndays366__20260324T080704Z,258,2024-09-14,0.0,0.0,0.0
M0__S1__D1__start001__ndays366__20260324T080704Z,259,2024-09-15,0.0,0.0,0.0
M0__S1__D1__start001__ndays366__20260324T080704Z,260,2024-09-16,0.0,0.0,0.0
M0__S1__D1__start001__ndays366__20260324T080704Z,261,2024-09-17,0.0,0.0,0.0
M0__S1__D1__start001__ndays366__20260324T080704Z,262,2024-09-18,1.0,0.0,0.0
M0__S1__D1__start001__ndays366__20260324T080704Z,263,2024-09-19,0.0,0.0,0.0
M0__S1__D1__start001__ndays366__20260324T080704Z,264,2024-09-20,0.0,0.0,0.0
M0__S1__D1__start001__ndays366__20260324T080704Z,265,2024-09-21,0.0,0.0,0.0
M0__S1__D1__start001__ndays366__20260324T080704Z,266,2024-09-22,0.0,0.0,0.0
M0__S1__D1__start001__ndays366__20260324T080704Z,267,2024-09-23,0.0,0.0,0.0
M0__S1__D1__start001__ndays366__20260324T080704Z,268,2024-09-24,0.0,0.0,0.0
M0__S1__D1__start001__ndays366__20260324T080704Z,269,2024-09-25,0.0,0.0,0.0
M0__S1__D1__start001__ndays366__20260324T080704Z,270,2024-09-26,0.0,0.0,0.0
M0__S1__D1__start001__ndays366__20260324T080704Z,271,2024-09-27,0.0,0.0,2.0
M0__S1__D1__start001__ndays366__20260324T080704Z,272,2024-09-28,0.0,0.0,0.0
M0__S1__D1__start001__ndays366__20260324T080704Z,273,2024-09-29,0.0,0.0,0.0
M0__S1__D1__start001__ndays366__20260324T080704Z,274,2024-09-30,0.0,0.0,0.0
M0__S1__D1__start001__ndays366__20260324T080704Z,275,2024-10-01,0.0,0.0,0.0
M0__S1__D1__start001__ndays366__20260324T080704Z,276,2024-10-02,0.0,0.0,0.0
M0__S1__D1__start001__ndays366__20260324T080704Z,277,2024-10-03,0.0,0.0,0.0
M0__S1__D1__start001__ndays366__20260324T080704Z,278,2024-10-04,0.0,0.0,0.0
M0__S1__D1__start001__ndays366__20260324T080704Z,279,2024-10-05,0.0,0.0,1.0
M0__S1__D1__start001__ndays366__20260324T080704Z,280,2024-10-06,0.0,0.0,0.0
M0__S1__D1__start001__ndays366__20260324T080704Z,281,2024-10-07,0.0,0.0,1.0
M0__S1__D1__start001__ndays366__20260324T080704Z,282,2024-10-08,0.0,0.0,0.0
M0__S1__D1__start001__ndays366__20260324T080704Z,283,2024-10-09,0.0,0.0,0.0
M0__S1__D1__start001__ndays366__20260324T080704Z,284,2024-10-10,0.0,0.0,0.0
M0__S1__D1__start001__ndays366__20260324T080704Z,285,2024-10-11,0.0,0.0,0.0
M0__S1__D1__start001__ndays366__20260324T080704Z,286,2024-10-12,0.0,0.0,1.0
M0__S1__D1__start001__ndays366__20260324T080704Z,287,2024-10-13,0.0,0.0,0.0
M0__S1__D1__start001__ndays366__20260324T080704Z,288,2024-10-14,0.0,0.0,0.0
M0__S1__D1__start001__ndays366__20260324T080704Z,289,2024-10-15,0.0,0.0,0.0
M0__S1__D1__start001__ndays366__20260324T080704Z,290,2024-10-16,0.0,0.0,0.0
M0__S1__D1__start001__ndays366__20260324T080704Z,291,2024-10-17,0.0,0.0,0.0
M0__S1__D1__start001__ndays366__20260324T080704Z,292,2024-10-18,0.0,0.0,0.0
M0__S1__D1__start001__ndays366__20260324T080704Z,293,2024-10-19,0.0,0.0,0.0
M0__S1__D1__start001__ndays366__20260324T080704Z,294,2024-10-20,0.0,0.0,0.0
M0__S1__D1__start001__ndays366__20260324T080704Z,295,2024-10-21,0.0,0.0,0.0
M0__S1__D1__start001__ndays366__20260324T080704Z,296,2024-10-22,0.0,0.0,0.0
M0__S1__D1__start001__ndays366__20260324T080704Z,297,2024-10-23,0.0,0.0,0.0
M0__S1__D1__start001__ndays366__20260324T080704Z,298,2024-10-24,0.0,0.0,0.0
M0__S1__D1__start001__ndays366__20260324T080704Z,299,2024-10-25,0.0,0.0,0.0
M0__S1__D1__start001__ndays366__20260324T080704Z,300,2024-10-26,0.0,0.0,0.0
M0__S1__D1__start001__ndays366__20260324T080704Z,301,2024-10-27,0.0,0.0,0.0
M0__S1__D1__start001__ndays366__20260324T080704Z,302,2024-10-28,0.0,0.0,0.0
M0__S1__D1__start001__ndays366__20260324T080704Z,303,2024-10-29,0.0,0.0,0.0
M0__S1__D1__start001__ndays366__20260324T080704Z,304,2024-10-30,0.0,0.0,0.0
M0__S1__D1__start001__ndays366__20260324T080704Z,305,2024-10-31,0.0,0.0,0.0
M0__S1__D1__start001__ndays366__20260324T080704Z,306,2024-11-01,0.0,0.0,0.0
M0__S1__D1__start001__ndays366__20260324T080704Z,307,2024-11-02,0.0,0.0,0.0
M0__S1__D1__start001__ndays366__20260324T080704Z,308,2024-11-03,0.0,0.0,0.0
M0__S1__D1__start001__ndays366__20260324T080704Z,309,2024-11-04,0.0,0.0,0.0
M0__S1__D1__start001__ndays366__20260324T080704Z,310,2024-11-05,0.0,0.0,0.0
M0__S1__D1__start001__ndays366__20260324T080704Z,311,2024-11-06,0.0,0.0,0.0
M0__S1__D1__start001__ndays366__20260324T080704Z,312,2024-11-07,0.0,0.0,0.0
M0__S1__D1__start001__ndays366__20260324T080704Z,313,2024-11-08,0.0,0.0,0.0
M0__S1__D1__start001__ndays366__20260324T080704Z,314,2024-11-09,0.0,0.0,0.0
M0__S1__D1__start001__ndays366__20260324T080704Z,315,2024-11-10,0.0,0.0,0.0
M0__S1__D1__start001__ndays366__20260324T080704Z,316,2024-11-11,0.0,0.0,0.0
M0__S1__D1__start001__ndays366__20260324T080704Z,317,2024-11-12,0.0,0.0,0.0
M0__S1__D1__start001__ndays366__20260324T080704Z,318,2024-11-13,0.0,0.0,0.0
M0__S1__D1__start001__ndays366__20260324T080704Z,319,2024-11-14,0.0,0.0,0.0
M0__S1__D1__start001__ndays366__20260324T080704Z,320,2024-11-15,0.0,0.0,0.0
M0__S1__D1__start001__ndays366__20260324T080704Z,321,2024-11-16,0.0,0.0,0.0
M0__S1__D1__start001__ndays366__20260324T080704Z,322,2024-11-17,0.0,0.0,0.0
M0__S1__D1__start001__ndays366__20260324T080704Z,323,2024-11-18,0.0,0.0,0.0
M0__S1__D1__start001__ndays366__20260324T080704Z,324,2024-11-19,0.0,0.0,0.0
M0__S1__D1__start001__ndays366__20260324T080704Z,325,2024-11-20,0.0,0.0,0.0
M0__S1__D1__start001__ndays366__20260324T080704Z,326,2024-11-21,0.0,0.0,0.0
M0__S1__D1__start001__ndays366__20260324T080704Z,327,2024-11-22,0.0,0.0,0.0
M0__S1__D1__start001__ndays366__20260324T080704Z,328,2024-11-23,0.0,0.0,0.0
M0__S1__D1__start001__ndays366__20260324T080704Z,329,2024-11-24,1.0,0.0,0.0
M0__S1__D1__start001__ndays366__20260324T080704Z,330,2024-11-25,0.0,0.0,0.0
M0__S1__D1__start001__ndays366__20260324T080704Z,331,2024-11-26,0.0,0.0,0.0
M0__S1__D1__start001__ndays366__20260324T080704Z,332,2024-11-27,0.0,0.0,0.0
M0__S1__D1__start001__ndays366__20260324T080704Z,333,2024-11-28,0.0,0.0,0.0
M0__S1__D1__start001__ndays366__20260324T080704Z,334,2024-11-29,0.0,0.0,0.0
M0__S1__D1__start001__ndays366__20260324T080704Z,335,2024-11-30,0.0,0.0,0.0
M0__S1__D1__start001__ndays366__20260324T080704Z,336,2024-12-01,0.0,0.0,0.0
M0__S1__D1__start001__ndays366__20260324T080704Z,337,2024-12-02,0.0,0.0,0.0
M0__S1__D1__start001__ndays366__20260324T080704Z,338,2024-12-03,0.0,0.0,0.0
M0__S1__D1__start001__ndays366__20260324T080704Z,339,2024-12-04,0.0,0.0,0.0
M0__S1__D1__start001__ndays366__20260324T080704Z,340,2024-12-05,0.0,0.0,0.0
M0__S1__D1__start001__ndays366__20260324T080704Z,341,2024-12-06,0.0,0.0,0.0
M0__S1__D1__start001__ndays366__20260324T080704Z,342,2024-12-07,0.0,0.0,0.0
M0__S1__D1__start001__ndays366__20260324T080704Z,343,2024-12-08,0.0,0.0,0.0
M0__S1__D1__start001__ndays366__20260324T080704Z,344,2024-12-09,1.0,0.0,0.0
M0__S1__D1__start001__ndays366__20260324T080704Z,345,2024-12-10,0.0,0.0,0.0
M0__S1__D1__start001__ndays366__20260324T080704Z,346,2024-12-11,0.0,0.0,0.0
M0__S1__D1__start001__ndays366__20260324T080704Z,347,2024-12-12,0.0,0.0,0.0
M0__S1__D1__start001__ndays366__20260324T080704Z,348,2024-12-13,0.0,0.0,0.0
M0__S1__D1__start001__ndays366__20260324T080704Z,349,2024-12-14,0.0,0.0,0.0
M0__S1__D1__start001__ndays366__20260324T080704Z,350,2024-12-15,0.0,0.0,0.0
M0__S1__D1__start001__ndays366__20260324T080704Z,351,2024-12-16,0.0,0.0,0.0
M0__S1__D1__start001__ndays366__20260324T080704Z,352,2024-12-17,0.0,0.0,0.0
M0__S1__D1__start001__ndays366__20260324T080704Z,353,2024-12-18,0.0,0.0,0.0
M0__S1__D1__start001__ndays366__20260324T080704Z,354,2024-12-19,0.0,0.0,0.0
M0__S1__D1__start001__ndays366__20260324T080704Z,355,2024-12-20,0.0,0.0,0.0
M0__S1__D1__start001__ndays366__20260324T080704Z,356,2024-12-21,2.0,0.0,0.0
M0__S1__D1__start001__ndays366__20260324T080704Z,357,2024-12-22,0.0,0.0,0.0
M0__S1__D1__start001__ndays366__20260324T080704Z,358,2024-12-23,0.0,0.0,0.0
M0__S1__D1__start001__ndays366__20260324T080704Z,359,2024-12-24,0.0,0.0,0.0
M0__S1__D1__start001__ndays366__20260324T080704Z,360,2024-12-25,0.0,0.0,0.0
M0__S1__D1__start001__ndays366__20260324T080704Z,361,2024-12-26,0.0,0.0,0.0
M0__S1__D1__start001__ndays366__20260324T080704Z,362,2024-12-27,0.0,0.0,0.0
M0__S1__D1__start001__ndays366__20260324T080704Z,363,2024-12-28,0.0,0.0,0.0
M0__S1__D1__start001__ndays366__20260324T080704Z,364,2024-12-29,0.0,0.0,0.0
M0__S1__D1__start001__ndays366__20260324T080704Z,365,2024-12-30,0.0,0.0,0.0
M0__S1__D1__start001__ndays366__20260324T080704Z,366,2024-12-31,0.0,0.0,0.0
