day,valid_time,u100
1/1/2024,3:00,3.7043
1/1/2024,9:00,1.89809
1/1/2024,15:00,3.85556
1/1/2024,21:00,6.20575
1/2/2024,3:00,4.18819
1/2/2024,9:00,4.6479
1/2/2024,15:00,5.77973
1/2/2024,21:00,6.46322
1/3/2024,3:00,9.19598
1/3/2024,9:00,7.8093
1/3/2024,15:00,5.1644
1/3/2024,21:00,8.03267
1/4/2024,3:00,6.34717
1/4/2024,9:00,4.39988
1/4/2024,15:00,1.44303
1/4/2024,21:00,7.82592
1/5/2024,3:00,9.17702
1/5/2024,9:00,9.92366
1/5/2024,15:00,10.9722
1/5/2024,21:00,8.5103
1/6/2024,3:00,10.6485
1/6/2024,9:00,7.68976
1/6/2024,15:00,7.74552
1/6/2024,21:00,6.82041
1/7/2024,3:00,3.36806
1/7/2024,9:00,-0.631692
1/7/2024,15:00,0.920374
1/7/2024,21:00,-0.0264233
1/8/2024,3:00,-0.392407
1/8/2024,9:00,-0.36062
1/8/2024,15:00,0.634221
1/8/2024,21:00,0.723298
1/9/2024,3:00,2.84645
1/9/2024,9:00,-0.392781
1/9/2024,15:00,-1.18298
1/9/2024,21:00,-0.958525
1/10/2024,3:00,2.31069
1/10/2024,9:00,5.42661
1/10/2024,15:00,7.31185
1/10/2024,21:00,4.58305
1/11/2024,3:00,-0.62908
1/11/2024,9:00,-3.98883
1/11/2024,15:00,-1.58774
1/11/2024,21:00,-4.69616
1/12/2024,3:00,-3.97496
1/12/2024,9:00,-3.72647
1/12/2024,15:00,-2.64976
1/12/2024,21:00,-3.45307
1/13/2024,3:00,-2.5253
1/13/2024,9:00,-2.61414
1/13/2024,15:00,-2.31228
1/13/2024,21:00,1.23684
1/14/2024,3:00,0.21167
1/14/2024,9:00,2.90854
1/14/2024,15:00,2.92321
1/14/2024,21:00,9.77334
1/15/2024,3:00,7.08936
1/15/2024,9:00,6.8625
1/15/2024,15:00,11.4184
1/15/2024,21:00,9.815
1/16/2024,3:00,10.6346
1/16/2024,9:00,6.73872
1/16/2024,15:00,7.66203
1/16/2024,21:00,5.17464
1/17/2024,3:00,7.80975
1/17/2024,9:00,10.2836
1/17/2024,15:00,16.2896
1/17/2024,21:00,15.9109
1/18/2024,3:00,15.1404
1/18/2024,9:00,11.6242
1/18/2024,15:00,9.95869
1/18/2024,21:00,6.38347
1/19/2024,3:00,0.904587
1/19/2024,9:00,-10.0891
1/19/2024,15:00,-5.56988
1/19/2024,21:00,-3.52758
1/20/2024,3:00,-0.121533
1/20/2024,9:00,-1.95201
1/20/2024,15:00,-0.771826
1/20/2024,21:00,0.573345
1/21/2024,3:00,0.581023
1/21/2024,9:00,0.752979
1/21/2024,15:00,1.46881
1/21/2024,21:00,2.60415
1/22/2024,3:00,2.91836
1/22/2024,9:00,3.49903
1/22/2024,15:00,3.04207
1/22/2024,21:00,1.06003
1/23/2024,3:00,-0.815447
1/23/2024,9:00,-1.1807
1/23/2024,15:00,0.215757
1/23/2024,21:00,-1.44419
1/24/2024,3:00,-1.81961
1/24/2024,9:00,-1.92009
1/24/2024,15:00,-1.41329
1/24/2024,21:00,-1.23603
1/25/2024,3:00,-1.59933
1/25/2024,9:00,-1.40254
1/25/2024,15:00,-0.680005
1/25/2024,21:00,-1.35491
1/26/2024,3:00,-1.95375
1/26/2024,9:00,-2.76215
1/26/2024,15:00,-1.906
1/26/2024,21:00,-2.22156
1/27/2024,3:00,-2.71594
1/27/2024,9:00,-3.23627
1/27/2024,15:00,-3.04964
1/27/2024,21:00,-2.74787
1/28/2024,3:00,-2.8155
1/28/2024,9:00,-2.51166
1/28/2024,15:00,-1.34112
1/28/2024,21:00,-2.70663
1/29/2024,3:00,-4.10563
1/29/2024,9:00,-3.6609
1/29/2024,15:00,-3.46012
1/29/2024,21:00,-2.09589
1/30/2024,3:00,-3.05039
1/30/2024,9:00,-2.74016
1/30/2024,15:00,-1.7685
1/30/2024,21:00,-1.57406
1/31/2024,3:00,-1.27162
1/31/2024,9:00,-1.64399
1/31/2024,15:00,-1.42989
1/31/2024,21:00,-0.0771875
2/1/2024,3:00,-3.38886
2/1/2024,9:00,-2.29981
2/1/2024,15:00,-1.47666
2/1/2024,21:00,1.36448
2/2/2024,3:00,-1.21017
2/2/2024,9:00,-2.84105
2/2/2024,15:00,-6.07663
2/2/2024,21:00,-4.25727
2/3/2024,3:00,-3.78592
2/3/2024,9:00,-2.39384
2/3/2024,15:00,-2.75109
2/3/2024,21:00,-2.32641
2/4/2024,3:00,-1.40781
2/4/2024,9:00,-2.26984
2/4/2024,15:00,-0.622556
2/4/2024,21:00,1.09841
2/5/2024,3:00,-0.74917
2/5/2024,9:00,-1.03855
2/5/2024,15:00,1.16712
2/5/2024,21:00,2.13677
2/6/2024,3:00,1.7638
2/6/2024,9:00,1.96789
2/6/2024,15:00,4.90014
2/6/2024,21:00,9.64744
2/7/2024,3:00,7.02359
2/7/2024,9:00,8.34199
2/7/2024,15:00,9.037
2/7/2024,21:00,7.4943
2/8/2024,3:00,4.1343
2/8/2024,9:00,0.272024
2/8/2024,15:00,10.8982
2/8/2024,21:00,4.06103
2/9/2024,3:00,8.51656
2/9/2024,9:00,2.10805
2/9/2024,15:00,4.58498
2/9/2024,21:00,15.6431
2/10/2024,3:00,11.6455
2/10/2024,9:00,5.79466
2/10/2024,15:00,9.79427
2/10/2024,21:00,9.23968
2/11/2024,3:00,5.43482
2/11/2024,9:00,6.44486
2/11/2024,15:00,5.50247
2/11/2024,21:00,4.77808
2/12/2024,3:00,6.55603
2/12/2024,9:00,7.58976
2/12/2024,15:00,6.7379
2/12/2024,21:00,7.60945
2/13/2024,3:00,6.95751
2/13/2024,9:00,3.89009
2/13/2024,15:00,6.99866
2/13/2024,21:00,4.76462
2/14/2024,3:00,-0.42821
2/14/2024,9:00,-4.0202
2/14/2024,15:00,-3.29543
2/14/2024,21:00,-3.56781
2/15/2024,3:00,-3.78181
2/15/2024,9:00,-4.41648
2/15/2024,15:00,-2.55852
2/15/2024,21:00,7.37927
2/16/2024,3:00,9.52103
2/16/2024,9:00,5.69885
2/16/2024,15:00,2.05747
2/16/2024,21:00,1.77987
2/17/2024,3:00,0.950581
2/17/2024,9:00,-1.16296
2/17/2024,15:00,-0.473481
2/17/2024,21:00,0.185356
2/18/2024,3:00,-1.64541
2/18/2024,9:00,-1.8213
2/18/2024,15:00,0.797578
2/18/2024,21:00,1.75021
2/19/2024,3:00,-1.91337
2/19/2024,9:00,-2.212
2/19/2024,15:00,-0.963369
2/19/2024,21:00,-5.00787
2/20/2024,3:00,-4.06135
2/20/2024,9:00,-0.304512
2/20/2024,15:00,2.7697
2/20/2024,21:00,1.33553
2/21/2024,3:00,0.740117
2/21/2024,9:00,2.80092
2/21/2024,15:00,8.01105
2/21/2024,21:00,9.55237
2/22/2024,3:00,8.75822
2/22/2024,9:00,11.8933
2/22/2024,15:00,16.596
2/22/2024,21:00,11.3714
2/23/2024,3:00,8.25116
2/23/2024,9:00,7.79275
2/23/2024,15:00,11.1616
2/23/2024,21:00,5.56167
2/24/2024,3:00,10.441
2/24/2024,9:00,10.6557
2/24/2024,15:00,11.6245
2/24/2024,21:00,7.08218
2/25/2024,3:00,12.4085
2/25/2024,9:00,12.534
2/25/2024,15:00,17.6401
2/25/2024,21:00,16.9526
2/26/2024,3:00,8.40826
2/26/2024,9:00,10.3676
2/26/2024,15:00,13.1243
2/26/2024,21:00,8.14682
2/27/2024,3:00,5.31796
2/27/2024,9:00,3.12244
2/27/2024,15:00,1.43626
2/27/2024,21:00,1.51831
2/28/2024,3:00,4.66767
2/28/2024,9:00,3.57083
2/28/2024,15:00,-0.57781
2/28/2024,21:00,0.87687
2/29/2024,3:00,2.22423
2/29/2024,9:00,2.85717
2/29/2024,15:00,13.2771
2/29/2024,21:00,8.60202
3/1/2024,3:00,11.8334
3/1/2024,9:00,8.47057
3/1/2024,15:00,7.18789
3/1/2024,21:00,9.13969
3/2/2024,3:00,11.2173
3/2/2024,9:00,9.69575
3/2/2024,15:00,13.8915
3/2/2024,21:00,6.19583
3/3/2024,3:00,8.26943
3/3/2024,9:00,8.23821
3/3/2024,15:00,10.4359
3/3/2024,21:00,4.86494
3/4/2024,3:00,6.78541
3/4/2024,9:00,10.7749
3/4/2024,15:00,14.4566
3/4/2024,21:00,5.59891
3/5/2024,3:00,5.56205
3/5/2024,9:00,2.12105
3/5/2024,15:00,3.41136
3/5/2024,21:00,3.03938
3/6/2024,3:00,-1.10621
3/6/2024,9:00,-1.08206
3/6/2024,15:00,-0.00431641
3/6/2024,21:00,-2.08471
3/7/2024,3:00,-0.525396
3/7/2024,9:00,-2.27899
3/7/2024,15:00,4.32388
3/7/2024,21:00,5.71009
3/8/2024,3:00,6.76983
3/8/2024,9:00,14.2347
3/8/2024,15:00,11.565
3/8/2024,21:00,1.64587
3/9/2024,3:00,15.33
3/9/2024,9:00,9.63475
3/9/2024,15:00,14.8193
3/9/2024,21:00,9.96988
3/10/2024,3:00,11.8026
3/10/2024,9:00,9.18089
3/10/2024,15:00,11.4568
3/10/2024,21:00,7.5743
3/11/2024,3:00,7.33064
3/11/2024,9:00,9.1155
3/11/2024,15:00,8.62454
3/11/2024,21:00,7.79577
3/12/2024,3:00,-0.669888
3/12/2024,9:00,-2.85471
3/12/2024,15:00,-0.124644
3/12/2024,21:00,-1.10458
3/13/2024,3:00,-3.3834
3/13/2024,9:00,-2.61643
3/13/2024,15:00,-1.47419
3/13/2024,21:00,2.22952
3/14/2024,3:00,3.76567
3/14/2024,9:00,5.50854
3/14/2024,15:00,7.70886
3/14/2024,21:00,9.06278
3/15/2024,3:00,5.59624
3/15/2024,9:00,2.28995
3/15/2024,15:00,3.7002
3/15/2024,21:00,6.72266
3/16/2024,3:00,2.21679
3/16/2024,9:00,-1.24035
3/16/2024,15:00,0.998147
3/16/2024,21:00,-1.30634
3/17/2024,3:00,0.533442
3/17/2024,9:00,-1.7047
3/17/2024,15:00,0.911821
3/17/2024,21:00,1.06573
3/18/2024,3:00,1.28266
3/18/2024,9:00,-1.15092
3/18/2024,15:00,1.01377
3/18/2024,21:00,-0.967808
3/19/2024,3:00,-0.309993
3/19/2024,9:00,-1.28444
3/19/2024,15:00,2.84202
3/19/2024,21:00,3.24342
3/20/2024,3:00,-0.61417
3/20/2024,9:00,-3.03858
3/20/2024,15:00,-1.36249
3/20/2024,21:00,-10.4615
3/21/2024,3:00,-10.7823
3/21/2024,9:00,-6.16722
3/21/2024,15:00,-8.2939
3/21/2024,21:00,-2.98327
3/22/2024,3:00,-4.81066
3/22/2024,9:00,-4.73016
3/22/2024,15:00,-3.79685
3/22/2024,21:00,-3.55432
3/23/2024,3:00,-2.91516
3/23/2024,9:00,-6.01897
3/23/2024,15:00,-4.35674
3/23/2024,21:00,-3.33381
3/24/2024,3:00,-5.15324
3/24/2024,9:00,-4.76979
3/24/2024,15:00,-6.0258
3/24/2024,21:00,-8.69886
3/25/2024,3:00,-4.50105
3/25/2024,9:00,2.14476
3/25/2024,15:00,8.61795
3/25/2024,21:00,11.2724
3/26/2024,3:00,10.5868
3/26/2024,9:00,6.98228
3/26/2024,15:00,7.91645
3/26/2024,21:00,6.02708
3/27/2024,3:00,9.01451
3/27/2024,9:00,13.0547
3/27/2024,15:00,15.0457
3/27/2024,21:00,18.3584
3/28/2024,3:00,13.333
3/28/2024,9:00,5.31249
3/28/2024,15:00,11.1292
3/28/2024,21:00,8.413
3/29/2024,3:00,7.57954
3/29/2024,9:00,1.52287
3/29/2024,15:00,11.2843
3/29/2024,21:00,4.21897
3/30/2024,3:00,-0.802102
3/30/2024,9:00,1.4373
3/30/2024,15:00,1.29892
3/30/2024,21:00,3.57763
3/31/2024,3:00,5.18166
3/31/2024,9:00,0.517412
3/31/2024,15:00,14.5693
3/31/2024,21:00,9.78185
4/1/2024,3:00,7.63312
4/1/2024,9:00,12.1433
4/1/2024,15:00,14.5712
4/1/2024,21:00,8.51317
4/2/2024,3:00,4.61035
4/2/2024,9:00,-1.24561
4/2/2024,15:00,6.97832
4/2/2024,21:00,5.08516
4/3/2024,3:00,7.82465
4/3/2024,9:00,6.61709
4/3/2024,15:00,8.83411
4/3/2024,21:00,7.92512
4/4/2024,3:00,4.40594
4/4/2024,9:00,-0.496345
4/4/2024,15:00,3.11241
4/4/2024,21:00,3.44579
4/5/2024,3:00,-0.370173
4/5/2024,9:00,-2.43898
4/5/2024,15:00,1.43304
4/5/2024,21:00,-4.47307
4/6/2024,3:00,-4.36928
4/6/2024,9:00,-5.29825
4/6/2024,15:00,3.57265
4/6/2024,21:00,0.140293
4/7/2024,3:00,-0.174912
4/7/2024,9:00,12.2907
4/7/2024,15:00,2.75492
4/7/2024,21:00,5.44871
4/8/2024,3:00,9.02255
4/8/2024,9:00,9.91515
4/8/2024,15:00,12.9269
4/8/2024,21:00,8.62435
4/9/2024,3:00,9.74526
4/9/2024,9:00,-1.57682
4/9/2024,15:00,0.238054
4/9/2024,21:00,-5.24199
4/10/2024,3:00,-3.77838
4/10/2024,9:00,-1.69959
4/10/2024,15:00,0.721287
4/10/2024,21:00,0.280554
4/11/2024,3:00,-1.23799
4/11/2024,9:00,-2.19591
4/11/2024,15:00,-5.18333
4/11/2024,21:00,-7.11829
4/12/2024,3:00,-3.58018
4/12/2024,9:00,-1.42522
4/12/2024,15:00,-0.689136
4/12/2024,21:00,2.95055
4/13/2024,3:00,-2.2205
4/13/2024,9:00,-1.23455
4/13/2024,15:00,-1.15022
4/13/2024,21:00,4.36181
4/14/2024,3:00,-2.65828
4/14/2024,9:00,-1.51772
4/14/2024,15:00,0.575073
4/14/2024,21:00,4.38671
4/15/2024,3:00,4.00169
4/15/2024,9:00,0.499456
4/15/2024,15:00,4.41088
4/15/2024,21:00,2.13032
4/16/2024,3:00,-1.51653
4/16/2024,9:00,-1.45461
4/16/2024,15:00,8.2843
4/16/2024,21:00,-2.99582
4/17/2024,3:00,-6.19532
4/17/2024,9:00,-5.28566
4/17/2024,15:00,-1.12392
4/17/2024,21:00,-2.38275
4/18/2024,3:00,-5.09634
4/18/2024,9:00,-4.67565
4/18/2024,15:00,-2.70984
4/18/2024,21:00,-9.1747
4/19/2024,3:00,-5.81533
4/19/2024,9:00,-5.30238
4/19/2024,15:00,-1.20659
4/19/2024,21:00,-3.42076
4/20/2024,3:00,-2.37915
4/20/2024,9:00,-2.87084
4/20/2024,15:00,-4.46698
4/20/2024,21:00,-6.70647
4/21/2024,3:00,-7.06942
4/21/2024,9:00,-4.21611
4/21/2024,15:00,-0.068147
4/21/2024,21:00,4.13814
4/22/2024,3:00,-7.31516
4/22/2024,9:00,-3.68703
4/22/2024,15:00,0.837334
4/22/2024,21:00,-9.72343
4/23/2024,3:00,-5.99215
4/23/2024,9:00,-0.289021
4/23/2024,15:00,1.71656
4/23/2024,21:00,-5.24849
4/24/2024,3:00,-2.87632
4/24/2024,9:00,-1.66989
4/24/2024,15:00,3.25548
4/24/2024,21:00,4.22928
4/25/2024,3:00,-2.26282
4/25/2024,9:00,-0.631216
4/25/2024,15:00,7.2847
4/25/2024,21:00,4.8369
4/26/2024,3:00,5.33659
4/26/2024,9:00,7.86363
4/26/2024,15:00,8.33659
4/26/2024,21:00,3.51481
4/27/2024,3:00,6.46082
4/27/2024,9:00,8.34298
4/27/2024,15:00,10.3859
4/27/2024,21:00,8.04883
4/28/2024,3:00,3.82886
4/28/2024,9:00,1.98688
4/28/2024,15:00,2.02726
4/28/2024,21:00,6.83248
4/29/2024,3:00,-4.67112
4/29/2024,9:00,-3.13878
4/29/2024,15:00,0.804021
4/29/2024,21:00,-0.14532
4/30/2024,3:00,1.61271
4/30/2024,9:00,4.17968
4/30/2024,15:00,10.5543
4/30/2024,21:00,10.6421
5/1/2024,3:00,11.7653
5/1/2024,9:00,8.40146
5/1/2024,15:00,9.12002
5/1/2024,21:00,7.82603
5/2/2024,3:00,6.13886
5/2/2024,9:00,3.87975
5/2/2024,15:00,5.86086
5/2/2024,21:00,7.99959
5/3/2024,3:00,6.78145
5/3/2024,9:00,5.60581
5/3/2024,15:00,4.28528
5/3/2024,21:00,9.3593
5/4/2024,3:00,6.62057
5/4/2024,9:00,6.05412
5/4/2024,15:00,10.2794
5/4/2024,21:00,11.0846
5/5/2024,3:00,7.62036
5/5/2024,9:00,8.4767
5/5/2024,15:00,9.51254
5/5/2024,21:00,12.3798
5/6/2024,3:00,7.76119
5/6/2024,9:00,6.12878
5/6/2024,15:00,5.0684
5/6/2024,21:00,3.3147
5/7/2024,3:00,-3.0971
5/7/2024,9:00,-3.7773
5/7/2024,15:00,-0.0788843
5/7/2024,21:00,-7.26935
5/8/2024,3:00,-5.50612
5/8/2024,9:00,-6.01451
5/8/2024,15:00,-3.09986
5/8/2024,21:00,-1.48493
5/9/2024,3:00,-5.93932
5/9/2024,9:00,-3.16976
5/9/2024,15:00,-0.796458
5/9/2024,21:00,-4.20893
5/10/2024,3:00,-5.71283
5/10/2024,9:00,-4.69317
5/10/2024,15:00,-1.72614
5/10/2024,21:00,-7.52939
5/11/2024,3:00,-7.28595
5/11/2024,9:00,-3.17643
5/11/2024,15:00,4.4351
5/11/2024,21:00,5.22608
5/12/2024,3:00,-0.747856
5/12/2024,9:00,-1.69355
5/12/2024,15:00,3.33857
5/12/2024,21:00,-2.718
5/13/2024,3:00,-1.91245
5/13/2024,9:00,3.93194
5/13/2024,15:00,8.19054
5/13/2024,21:00,12.2644
5/14/2024,3:00,9.58166
5/14/2024,9:00,6.0723
5/14/2024,15:00,6.62407
5/14/2024,21:00,5.47639
5/15/2024,3:00,4.14127
5/15/2024,9:00,7.11284
5/15/2024,15:00,4.15828
5/15/2024,21:00,5.35872
5/16/2024,3:00,7.67278
5/16/2024,9:00,5.21132
5/16/2024,15:00,6.01511
5/16/2024,21:00,10.3219
5/17/2024,3:00,5.69477
5/17/2024,9:00,9.91243
5/17/2024,15:00,5.0687
5/17/2024,21:00,5.92811
5/18/2024,3:00,-0.581931
5/18/2024,9:00,0.23781
5/18/2024,15:00,5.02704
5/18/2024,21:00,5.09911
5/19/2024,3:00,-2.44402
5/19/2024,9:00,0.448218
5/19/2024,15:00,7.32676
5/20/2024,3:00,-2.43184
5/20/2024,9:00,1.70185
5/20/2024,15:00,6.26329
5/20/2024,21:00,7.66427
5/21/2024,3:00,5.04375
5/21/2024,9:00,3.37394
5/21/2024,15:00,4.31073
5/21/2024,21:00,5.1768
5/22/2024,3:00,2.74726
5/22/2024,9:00,2.86264
5/22/2024,15:00,4.75322
5/22/2024,21:00,3.71688
5/23/2024,3:00,-2.79225
5/23/2024,9:00,-3.02887
5/23/2024,15:00,0.757524
5/23/2024,21:00,-0.812881
5/24/2024,3:00,-6.29098
5/24/2024,9:00,-2.28817
5/24/2024,15:00,3.67471
5/24/2024,21:00,2.15497
5/25/2024,3:00,-3.1684
5/25/2024,9:00,2.72328
5/25/2024,15:00,10.3203
5/25/2024,21:00,9.66913
5/26/2024,3:00,1.91601
5/26/2024,9:00,3.17623
5/26/2024,15:00,7.02535
5/26/2024,21:00,8.08061
5/27/2024,3:00,-0.89754
5/27/2024,9:00,-1.5537
5/27/2024,15:00,1.75432
5/27/2024,21:00,-6.13846
5/28/2024,3:00,-5.85042
5/28/2024,9:00,-4.08159
5/28/2024,15:00,0.482229
5/28/2024,21:00,1.22771
5/29/2024,3:00,-4.64901
5/29/2024,9:00,-2.25037
5/29/2024,15:00,3.06564
5/29/2024,21:00,-2.06099
5/30/2024,3:00,-4.29243
5/30/2024,9:00,-2.7144
5/30/2024,15:00,2.06688
5/30/2024,21:00,-10.6972
5/31/2024,3:00,-6.4825
5/31/2024,9:00,-7.10811
5/31/2024,15:00,-2.94059
5/31/2024,21:00,-7.45932
6/1/2024,3:00,-6.77781
6/1/2024,9:00,-5.10041
6/1/2024,15:00,-3.58089
6/1/2024,21:00,-9.27946
6/2/2024,3:00,-7.41957
6/2/2024,9:00,-5.6915
6/2/2024,15:00,-1.05005
6/2/2024,21:00,-6.99824
6/3/2024,3:00,-5.66451
6/3/2024,9:00,-5.17873
6/3/2024,15:00,2.82446
6/3/2024,21:00,-3.57137
6/4/2024,3:00,-4.99222
6/4/2024,9:00,-1.59894
6/4/2024,15:00,3.53185
6/4/2024,21:00,3.2885
6/5/2024,3:00,-5.70504
6/5/2024,9:00,0.108337
6/5/2024,15:00,2.39409
6/5/2024,21:00,7.50604
6/6/2024,3:00,-3.25213
6/6/2024,9:00,-4.01828
6/6/2024,15:00,-1.7843
6/6/2024,21:00,3.41322
6/7/2024,3:00,-4.53536
6/7/2024,9:00,-7.71834
6/7/2024,15:00,-8.38369
6/7/2024,21:00,-12.4492
6/8/2024,3:00,10.8443
6/8/2024,9:00,5.63777
6/8/2024,15:00,4.75232
6/8/2024,21:00,-3.74414
6/9/2024,3:00,8.02187
6/9/2024,9:00,2.80274
6/9/2024,15:00,4.87757
6/9/2024,21:00,-0.503254
6/10/2024,3:00,-1.95213
6/10/2024,9:00,-2.38108
6/10/2024,15:00,1.89942
6/10/2024,21:00,0.458792
6/11/2024,3:00,-3.41956
6/11/2024,9:00,-1.03895
6/11/2024,15:00,-0.154573
6/11/2024,21:00,3.01748
6/12/2024,3:00,-4.15773
6/12/2024,9:00,-2.96357
6/12/2024,15:00,1.05799
6/12/2024,21:00,-3.89095
6/13/2024,3:00,-4.7529
6/13/2024,9:00,-1.30507
6/13/2024,15:00,6.22872
6/13/2024,21:00,8.88855
6/14/2024,3:00,5.26642
6/14/2024,9:00,4.2894
6/14/2024,15:00,9.24581
6/14/2024,21:00,8.96022
6/15/2024,3:00,5.26934
6/15/2024,9:00,3.37287
6/15/2024,15:00,6.41252
6/15/2024,21:00,4.95153
6/16/2024,3:00,-3.28195
6/16/2024,9:00,0.247551
6/16/2024,15:00,5.2026
6/16/2024,21:00,10.4774
6/17/2024,3:00,6.09172
6/17/2024,9:00,4.60535
6/17/2024,15:00,4.81486
6/17/2024,21:00,8.3269
6/18/2024,3:00,4.07993
6/18/2024,9:00,4.83471
6/18/2024,15:00,9.30152
6/18/2024,21:00,6.67285
6/19/2024,3:00,3.22214
6/19/2024,9:00,3.18485
6/19/2024,15:00,4.17076
6/19/2024,21:00,9.66608
6/20/2024,3:00,4.27586
6/20/2024,9:00,4.76881
6/20/2024,15:00,6.56096
6/20/2024,21:00,5.57034
6/21/2024,3:00,2.60218
6/21/2024,9:00,-0.538223
6/21/2024,15:00,1.93436
6/21/2024,21:00,4.07375
6/22/2024,3:00,-2.22126
6/22/2024,9:00,-0.107483
6/22/2024,15:00,4.92216
6/22/2024,21:00,-1.87819
6/23/2024,3:00,-4.88315
6/23/2024,9:00,-3.5511
6/23/2024,15:00,-0.0422632
6/23/2024,21:00,-6.12434
6/24/2024,3:00,-5.64168
6/24/2024,9:00,-3.35558
6/24/2024,15:00,0.106963
6/24/2024,21:00,0.182292
6/25/2024,3:00,-4.7277
6/25/2024,9:00,-3.55575
6/25/2024,15:00,4.45919
6/25/2024,21:00,-8.42527
6/26/2024,3:00,-3.49544
6/26/2024,9:00,-3.36517
6/26/2024,15:00,-0.335686
6/26/2024,21:00,5.17506
6/27/2024,3:00,-4.8771
6/27/2024,9:00,-4.6466
6/27/2024,15:00,-4.86943
6/27/2024,21:00,-7.74938
6/28/2024,3:00,-6.39942
6/28/2024,9:00,2.6282
6/28/2024,15:00,8.4467
6/28/2024,21:00,2.59158
6/29/2024,3:00,7.72121
6/29/2024,9:00,11.2832
6/29/2024,15:00,9.61944
6/29/2024,21:00,8.47396
6/30/2024,3:00,4.00055
6/30/2024,9:00,3.15618
6/30/2024,15:00,2.97545
6/30/2024,21:00,6.48531
7/1/2024,3:00,-2.50358
7/1/2024,9:00,2.68207
7/1/2024,15:00,-0.00998535
7/1/2024,21:00,-2.70118
7/2/2024,3:00,-5.21105
7/2/2024,9:00,-1.95042
7/2/2024,15:00,0.17521
7/2/2024,21:00,-6.01401
7/3/2024,3:00,-4.25167
7/3/2024,9:00,-0.391719
7/3/2024,15:00,2.74972
7/3/2024,21:00,1.22655
7/4/2024,3:00,-5.37238
7/4/2024,9:00,-3.04457
7/4/2024,15:00,0.771121
7/4/2024,21:00,-2.27456
7/5/2024,3:00,-6.25798
7/5/2024,9:00,-3.81484
7/5/2024,15:00,3.61843
7/5/2024,21:00,10.2531
7/6/2024,3:00,2.3006
7/6/2024,9:00,7.03566
7/6/2024,15:00,7.79025
7/6/2024,21:00,-8.80229
7/7/2024,3:00,-4.31468
7/7/2024,9:00,-0.0651294
7/7/2024,15:00,5.07063
7/7/2024,21:00,7.57247
7/8/2024,3:00,4.04389
7/8/2024,9:00,0.7047
7/8/2024,15:00,4.18995
7/8/2024,21:00,9.97576
7/9/2024,3:00,6.49079
7/9/2024,9:00,4.31636
7/9/2024,15:00,7.43229
7/9/2024,21:00,8.87199
7/10/2024,3:00,7.64166
7/10/2024,9:00,7.55672
7/10/2024,15:00,6.90087
7/10/2024,21:00,7.84617
7/11/2024,3:00,5.05738
7/11/2024,9:00,6.34246
7/11/2024,15:00,11.4402
7/11/2024,21:00,9.96677
7/12/2024,3:00,4.77243
7/12/2024,9:00,-2.4456
7/12/2024,15:00,2.51835
7/12/2024,21:00,3.18066
7/13/2024,3:00,-5.67156
7/13/2024,9:00,0.265093
7/13/2024,15:00,6.23287
7/13/2024,21:00,8.82702
7/14/2024,3:00,8.77348
7/14/2024,9:00,6.34992
7/14/2024,15:00,7.71191
7/14/2024,21:00,8.63589
7/15/2024,3:00,8.50832
7/15/2024,9:00,9.8431
7/15/2024,15:00,13.7903
7/15/2024,21:00,9.71698
7/16/2024,3:00,3.30041
7/16/2024,9:00,0.583521
7/16/2024,15:00,3.69009
7/16/2024,21:00,2.80075
7/17/2024,3:00,-1.33041
7/17/2024,9:00,-2.0166
7/17/2024,15:00,2.93706
7/17/2024,21:00,3.23398
7/18/2024,3:00,-0.695115
7/18/2024,9:00,-0.610427
7/18/2024,15:00,4.32796
7/18/2024,21:00,1.60376
7/19/2024,3:00,5.02547
7/19/2024,9:00,0.9805
7/19/2024,15:00,7.35863
7/19/2024,21:00,7.61363
7/20/2024,3:00,8.21339
7/20/2024,9:00,8.08309
7/20/2024,15:00,11.0797
7/20/2024,21:00,6.07399
7/21/2024,3:00,6.10332
7/21/2024,9:00,-2.22721
7/21/2024,15:00,-0.834382
7/21/2024,21:00,-8.12069
7/22/2024,3:00,-7.0211
7/22/2024,9:00,-3.70111
7/22/2024,15:00,-0.940823
7/22/2024,21:00,0.251382
7/23/2024,3:00,-5.45055
7/23/2024,9:00,-3.27351
7/23/2024,15:00,0.118062
7/23/2024,21:00,0.497812
7/24/2024,3:00,-3.82963
7/24/2024,9:00,-0.934592
7/24/2024,15:00,3.19846
7/24/2024,21:00,7.40481
7/25/2024,3:00,-4.61951
7/25/2024,9:00,-2.02427
7/25/2024,15:00,0.995806
7/25/2024,21:00,8.0031
7/26/2024,3:00,-3.3093
7/26/2024,9:00,-3.86093
7/26/2024,15:00,1.05931
7/26/2024,21:00,0.0699414
7/27/2024,3:00,-1.82251
7/27/2024,9:00,-1.46601
7/27/2024,15:00,1.43522
7/27/2024,21:00,-0.306028
7/28/2024,3:00,-6.29404
7/28/2024,9:00,-4.73643
7/28/2024,15:00,-2.14427
7/28/2024,21:00,-6.64479
7/29/2024,3:00,-5.90639
7/29/2024,9:00,-3.08722
7/29/2024,15:00,-2.80449
7/29/2024,21:00,-6.8068
7/30/2024,3:00,-7.10404
7/30/2024,9:00,-2.78368
7/30/2024,15:00,6.01931
7/30/2024,21:00,8.71455
7/31/2024,3:00,4.51743
7/31/2024,9:00,4.03113
7/31/2024,15:00,5.78855
7/31/2024,21:00,9.12978
8/1/2024,3:00,5.33868
8/1/2024,9:00,3.02841
8/1/2024,15:00,6.21264
8/1/2024,21:00,10.5416
8/2/2024,3:00,6.89946
8/2/2024,9:00,3.52537
8/2/2024,15:00,8.33371
8/2/2024,21:00,-2.67273
8/3/2024,3:00,-5.67856
8/3/2024,9:00,-3.18566
8/3/2024,15:00,1.35642
8/3/2024,21:00,2.01809
8/4/2024,3:00,-5.99952
8/4/2024,9:00,-2.56592
8/4/2024,15:00,2.35629
8/4/2024,21:00,3.25927
8/5/2024,3:00,-4.8164
8/5/2024,9:00,-1.23458
8/5/2024,15:00,6.08207
8/5/2024,21:00,11.3952
8/6/2024,3:00,-1.64732
8/6/2024,9:00,-0.363896
8/6/2024,15:00,4.62999
8/6/2024,21:00,7.53877
8/7/2024,3:00,-3.71868
8/7/2024,9:00,-2.27391
8/7/2024,15:00,2.02603
8/7/2024,21:00,0.416238
8/8/2024,3:00,-6.57826
8/8/2024,9:00,-4.77568
8/8/2024,15:00,0.154492
8/8/2024,21:00,0.617993
8/9/2024,3:00,-5.02019
8/9/2024,9:00,-5.02499
8/9/2024,15:00,-1.48376
8/9/2024,21:00,0.969736
8/10/2024,3:00,-7.0207
8/10/2024,9:00,-5.28628
8/10/2024,15:00,-7.65017
8/10/2024,21:00,-6.43635
8/11/2024,3:00,-5.83571
8/11/2024,9:00,-2.842
8/11/2024,15:00,-0.0469775
8/11/2024,21:00,-6.19387
8/12/2024,3:00,-4.88767
8/12/2024,9:00,0.847043
8/12/2024,15:00,3.93011
8/12/2024,21:00,8.02625
8/13/2024,3:00,-5.64355
8/13/2024,9:00,2.63828
8/13/2024,15:00,6.49281
8/13/2024,21:00,2.79715
8/14/2024,3:00,-3.02174
8/14/2024,9:00,-1.55589
8/14/2024,15:00,-2.90886
8/14/2024,21:00,-6.41823
8/15/2024,3:00,-5.54782
8/15/2024,9:00,-2.79732
8/15/2024,15:00,0.0157666
8/15/2024,21:00,-5.76638
8/16/2024,3:00,-2.70626
8/16/2024,9:00,-0.813857
8/16/2024,15:00,-1.0562
8/16/2024,21:00,1.53506
8/17/2024,3:00,-3.01224
8/17/2024,9:00,-1.26923
8/17/2024,15:00,3.74888
8/17/2024,21:00,3.84613
8/18/2024,3:00,4.63783
8/18/2024,9:00,-3.54355
8/18/2024,15:00,-0.836057
8/18/2024,21:00,-6.2899
8/19/2024,3:00,-6.70712
8/19/2024,9:00,-3.99451
8/19/2024,15:00,1.96349
8/19/2024,21:00,-2.54829
8/20/2024,3:00,-5.03294
8/20/2024,9:00,-3.45229
8/20/2024,15:00,0.911604
8/20/2024,21:00,-0.66428
8/21/2024,3:00,-6.64666
8/21/2024,9:00,-5.61277
8/21/2024,15:00,4.14499
8/21/2024,21:00,-4.36585
8/22/2024,3:00,-4.06158
8/22/2024,9:00,-0.472861
8/22/2024,15:00,6.51168
8/22/2024,21:00,10.407
8/23/2024,3:00,3.10934
8/23/2024,9:00,-1.58706
8/23/2024,15:00,1.4762
8/23/2024,21:00,-8.33226
8/24/2024,3:00,-6.42475
8/24/2024,9:00,-1.23894
8/24/2024,15:00,5.21008
8/24/2024,21:00,6.85638
8/25/2024,3:00,-6.25954
8/25/2024,9:00,-4.34785
8/25/2024,15:00,1.96869
8/25/2024,21:00,-1.06255
8/26/2024,3:00,-5.29929
8/26/2024,9:00,-4.85832
8/26/2024,15:00,2.667
8/26/2024,21:00,0.296694
8/27/2024,3:00,-2.71193
8/27/2024,9:00,0.794049
8/27/2024,15:00,5.05304
8/27/2024,21:00,7.66063
8/28/2024,3:00,4.75966
8/28/2024,9:00,0.742275
8/28/2024,15:00,-1.64646
8/28/2024,21:00,-0.0833423
8/29/2024,3:00,3.23438
8/29/2024,9:00,0.0631323
8/29/2024,15:00,-0.904736
8/29/2024,21:00,-1.4045
8/30/2024,3:00,-7.19458
8/30/2024,9:00,-4.34874
8/30/2024,15:00,-1.27727
8/30/2024,21:00,-6.38079
8/31/2024,3:00,-6.56807
8/31/2024,9:00,-4.13175
8/31/2024,15:00,1.21996
8/31/2024,21:00,2.08159
9/1/2024,3:00,-4.13901
9/1/2024,9:00,-2.03358
9/1/2024,15:00,3.02949
9/1/2024,21:00,0.815369
9/2/2024,3:00,-2.98411
9/2/2024,9:00,-1.82956
9/2/2024,15:00,3.31462
9/2/2024,21:00,6.29459
9/3/2024,3:00,-0.255642
9/3/2024,9:00,1.1564
9/3/2024,15:00,3.03316
9/3/2024,21:00,4.81773
9/4/2024,3:00,-3.43377
9/4/2024,9:00,-4.3137
9/4/2024,15:00,-4.56586
9/4/2024,21:00,-7.02675
9/5/2024,3:00,-5.57931
9/5/2024,9:00,-3.77812
9/5/2024,15:00,3.30136
9/5/2024,21:00,4.80118
9/6/2024,3:00,6.19118
9/6/2024,9:00,4.73948
9/6/2024,15:00,7.21024
9/6/2024,21:00,9.04998
9/7/2024,3:00,5.19186
9/7/2024,9:00,6.12381
9/7/2024,15:00,4.5894
9/7/2024,21:00,6.52436
9/8/2024,3:00,6.57459
9/8/2024,9:00,7.26233
9/8/2024,15:00,4.65091
9/8/2024,21:00,2.28699
9/9/2024,3:00,-2.74752
9/9/2024,9:00,-0.919202
9/9/2024,15:00,1.17925
9/9/2024,21:00,0.760925
9/10/2024,3:00,-5.75391
9/10/2024,9:00,-2.48009
9/10/2024,15:00,1.8781
9/10/2024,21:00,2.54057
9/11/2024,3:00,-3.30437
9/11/2024,9:00,-2.53183
9/11/2024,15:00,2.9244
9/11/2024,21:00,-2.13995
9/12/2024,3:00,-2.55539
9/12/2024,9:00,1.09545
9/12/2024,15:00,7.64045
9/12/2024,21:00,-3.69049
9/13/2024,3:00,-7.65995
9/13/2024,9:00,-7.25032
9/13/2024,15:00,-6.90873
9/13/2024,21:00,-7.56362
9/14/2024,3:00,-4.62163
9/14/2024,9:00,-4.25743
9/14/2024,15:00,-0.641975
9/14/2024,21:00,-0.627339
9/15/2024,3:00,-2.31285
9/15/2024,9:00,-1.40664
9/15/2024,15:00,0.122354
9/15/2024,21:00,1.24829
9/16/2024,3:00,-5.4871
9/16/2024,9:00,-5.28489
9/16/2024,15:00,-3.91733
9/16/2024,21:00,-9.94189
9/17/2024,3:00,-9.1054
9/17/2024,9:00,-7.38358
9/17/2024,15:00,-3.21905
9/17/2024,21:00,-7.35623
9/18/2024,3:00,-7.2148
9/18/2024,9:00,-5.10028
9/18/2024,15:00,0.415515
9/18/2024,21:00,-2.4268
9/19/2024,3:00,-5.47161
9/19/2024,9:00,-4.40295
9/19/2024,15:00,1.30408
9/19/2024,21:00,-5.42907
9/20/2024,3:00,-4.11847
9/20/2024,9:00,-3.35478
9/20/2024,15:00,-1.23587
9/20/2024,21:00,-0.407964
9/21/2024,3:00,-2.49054
9/21/2024,9:00,1.69501
9/21/2024,15:00,3.62575
9/21/2024,21:00,8.66838
9/22/2024,3:00,6.47361
9/22/2024,9:00,5.50676
9/22/2024,15:00,6.63491
9/22/2024,21:00,6.03243
9/23/2024,3:00,5.2758
9/23/2024,9:00,2.57681
9/23/2024,15:00,5.47984
9/23/2024,21:00,8.08916
9/24/2024,3:00,5.98043
9/24/2024,9:00,4.80731
9/24/2024,15:00,8.73725
9/24/2024,21:00,10.4104
9/25/2024,3:00,7.55634
9/25/2024,9:00,4.77032
9/25/2024,15:00,9.31041
9/25/2024,21:00,6.81467
9/26/2024,3:00,11.7165
9/26/2024,9:00,14.7503
9/26/2024,15:00,12.4928
9/26/2024,21:00,11.5772
9/27/2024,3:00,9.6717
9/27/2024,9:00,7.59184
9/27/2024,15:00,8.21526
9/27/2024,21:00,3.55098
9/28/2024,3:00,-5.85352
9/28/2024,9:00,-5.17039
9/28/2024,15:00,-1.79517
9/28/2024,21:00,-2.73512
9/29/2024,3:00,-4.15538
9/29/2024,9:00,-2.59359
9/29/2024,15:00,1.6516
9/29/2024,21:00,1.05292
9/30/2024,3:00,-0.000634766
9/30/2024,9:00,-1.82221
9/30/2024,15:00,0.631304
9/30/2024,21:00,1.35464
10/1/2024,3:00,0.608734
10/1/2024,9:00,2.12756
10/1/2024,15:00,4.50714
10/1/2024,21:00,5.5085
10/2/2024,3:00,5.93001
10/2/2024,9:00,4.60903
10/2/2024,15:00,12.7334
10/2/2024,21:00,9.89077
10/3/2024,3:00,8.37781
10/3/2024,9:00,5.41515
10/3/2024,15:00,6.38263
10/3/2024,21:00,0.759497
10/4/2024,3:00,-3.4376
10/4/2024,9:00,-0.55481
10/4/2024,15:00,3.01979
10/4/2024,21:00,2.21157
10/5/2024,3:00,1.55213
10/5/2024,9:00,5.28976
10/5/2024,15:00,6.61032
10/5/2024,21:00,11.9025
10/6/2024,3:00,10.4905
10/6/2024,9:00,9.75108
10/6/2024,15:00,7.60534
10/6/2024,21:00,2.49551
10/7/2024,3:00,6.25935
10/7/2024,9:00,2.32781
10/7/2024,15:00,13.9956
10/7/2024,21:00,5.8372
10/8/2024,3:00,10.0288
10/8/2024,9:00,11.0529
10/8/2024,15:00,11.3033
10/8/2024,21:00,7.80375
10/9/2024,3:00,7.79855
10/9/2024,9:00,9.24075
10/9/2024,15:00,14.4556
10/9/2024,21:00,8.28188
10/10/2024,3:00,6.32996
10/10/2024,9:00,5.08083
10/10/2024,15:00,2.60466
10/10/2024,21:00,5.37673
10/11/2024,3:00,2.27198
10/11/2024,9:00,-2.78566
10/11/2024,15:00,1.89754
10/11/2024,21:00,0.782327
10/12/2024,3:00,-1.29976
10/12/2024,9:00,-0.961548
10/12/2024,15:00,-0.824209
10/12/2024,21:00,-1.94069
10/13/2024,3:00,-3.42332
10/13/2024,9:00,-3.59132
10/13/2024,15:00,-2.42175
10/13/2024,21:00,0.992896
10/14/2024,3:00,-0.668643
10/14/2024,9:00,-3.65004
10/14/2024,15:00,-0.932014
10/14/2024,21:00,-1.24541
10/15/2024,3:00,-6.93481
10/15/2024,9:00,2.64446
10/15/2024,15:00,4.02103
10/15/2024,21:00,-1.21191
10/16/2024,3:00,-4.37314
10/16/2024,9:00,8.45633
10/16/2024,15:00,10.4185
10/16/2024,21:00,7.02838
10/17/2024,3:00,3.7748
10/17/2024,9:00,7.61724
10/17/2024,15:00,11.078
10/17/2024,21:00,8.28089
10/18/2024,3:00,6.74616
10/18/2024,9:00,4.46199
10/18/2024,15:00,7.81913
10/18/2024,21:00,7.20569
10/19/2024,3:00,5.04101
10/19/2024,9:00,5.44578
10/19/2024,15:00,6.54123
10/19/2024,21:00,7.20354
10/20/2024,3:00,2.04849
10/20/2024,9:00,0.39873
10/20/2024,15:00,2.59739
10/20/2024,21:00,1.68429
10/21/2024,3:00,-0.338508
10/21/2024,9:00,-1.50159
10/21/2024,21:00,0.880422
10/22/2024,3:00,-5.38593
10/22/2024,9:00,-3.84979
10/22/2024,15:00,-2.35638
10/22/2024,21:00,-3.46124
10/23/2024,3:00,-2.26583
10/23/2024,9:00,-3.99428
10/23/2024,15:00,-3.40284
10/23/2024,21:00,-4.90199
10/24/2024,3:00,-5.61083
10/24/2024,9:00,-3.96753
10/24/2024,15:00,1.52324
10/24/2024,21:00,1.2076
10/25/2024,3:00,1.58461
10/25/2024,9:00,4.88255
10/25/2024,15:00,7.90829
10/25/2024,21:00,4.41337
10/26/2024,3:00,5.85223
10/26/2024,9:00,7.18246
10/26/2024,15:00,5.47044
10/26/2024,21:00,-1.89397
10/27/2024,3:00,-1.62363
10/27/2024,9:00,-2.46002
10/27/2024,15:00,-6.84745
10/27/2024,21:00,-5.22987
10/28/2024,3:00,-6.91019
10/28/2024,9:00,-6.9243
10/28/2024,15:00,-7.80828
10/28/2024,21:00,-6.66509
10/29/2024,3:00,-7.67643
10/29/2024,9:00,-8.80396
10/29/2024,15:00,-10.8687
10/29/2024,21:00,-14.0527
10/30/2024,3:00,-7.03766
10/30/2024,9:00,-7.72067
10/30/2024,15:00,-6.02087
10/30/2024,21:00,-8.61374
10/31/2024,3:00,-4.55515
10/31/2024,9:00,-6.13307
10/31/2024,15:00,-2.48208
10/31/2024,21:00,0.582029
11/1/2024,3:00,0.232507
11/1/2024,9:00,-4.50028
11/1/2024,15:00,-3.82337
11/1/2024,21:00,-4.68363
11/2/2024,3:00,-0.998333
11/2/2024,9:00,-3.48005
11/2/2024,15:00,-3.36731
11/2/2024,21:00,-3.55339
11/3/2024,3:00,-4.24925
11/3/2024,9:00,-5.3678
11/3/2024,15:00,-5.09713
11/3/2024,21:00,-5.23979
11/4/2024,3:00,-5.80884
11/4/2024,9:00,-3.96401
11/4/2024,15:00,-0.14292
11/4/2024,21:00,0.476948
11/5/2024,3:00,0.257706
11/5/2024,9:00,-0.890515
11/5/2024,15:00,1.86936
11/5/2024,21:00,0.125859
11/6/2024,3:00,-3.38676
11/6/2024,9:00,-3.0909
11/6/2024,21:00,-3.4412
11/7/2024,3:00,-3.28795
11/7/2024,9:00,-3.69548
11/7/2024,15:00,-1.77669
11/7/2024,21:00,-2.9426
11/8/2024,3:00,-4.24585
11/8/2024,9:00,-3.55466
11/8/2024,15:00,1.09186
11/8/2024,21:00,3.48348
11/9/2024,3:00,3.83836
11/9/2024,9:00,1.59686
11/9/2024,15:00,2.07203
11/9/2024,21:00,-0.630679
11/10/2024,3:00,-0.407178
11/10/2024,9:00,0.709199
11/10/2024,15:00,1.68652
11/10/2024,21:00,0.755029
11/11/2024,3:00,-2.33568
11/11/2024,9:00,-1.37072
11/11/2024,15:00,-5.99533
11/11/2024,21:00,-7.8945
11/12/2024,3:00,-4.92891
11/12/2024,9:00,-1.52615
11/12/2024,15:00,0.193772
11/12/2024,21:00,-6.19297
11/13/2024,3:00,-7.74892
11/13/2024,9:00,-9.88481
11/13/2024,15:00,-11.8916
11/13/2024,21:00,-9.16696
11/14/2024,3:00,-7.95704
11/14/2024,9:00,-6.00678
11/14/2024,15:00,-5.22999
11/14/2024,21:00,-8.13962
11/15/2024,3:00,-5.55381
11/15/2024,9:00,-7.51508
11/15/2024,15:00,-6.45234
11/15/2024,21:00,-6.54319
11/16/2024,3:00,-6.63282
11/16/2024,9:00,-4.53162
11/16/2024,15:00,-6.63571
11/16/2024,21:00,-3.67325
11/17/2024,3:00,-3.0612
11/17/2024,9:00,-1.69664
11/17/2024,15:00,-0.858806
11/17/2024,21:00,1.0213
11/18/2024,3:00,-0.347571
11/18/2024,9:00,0.186423
11/18/2024,15:00,3.00195
11/18/2024,21:00,4.99556
11/19/2024,3:00,3.25497
11/19/2024,9:00,3.73182
11/19/2024,15:00,6.90083
11/19/2024,21:00,9.23538
11/20/2024,3:00,7.30803
11/20/2024,9:00,7.89377
11/20/2024,15:00,8.73585
11/20/2024,21:00,7.0874
11/21/2024,3:00,5.87417
11/21/2024,9:00,8.92155
11/21/2024,15:00,12.5695
11/21/2024,21:00,11.9301
11/22/2024,3:00,10.792
11/22/2024,9:00,7.75751
11/22/2024,15:00,3.28
11/22/2024,21:00,2.30709
11/23/2024,3:00,0.0463184
11/23/2024,9:00,-0.5224
11/23/2024,15:00,-0.685068
11/23/2024,21:00,-4.79749
11/24/2024,3:00,-4.4649
11/24/2024,9:00,-4.93047
11/24/2024,15:00,-0.159585
11/24/2024,21:00,-7.28398
11/25/2024,3:00,2.36538
11/25/2024,9:00,6.18701
11/25/2024,15:00,9.37504
11/25/2024,21:00,5.84528
11/26/2024,3:00,2.53519
11/26/2024,9:00,-2.31123
11/26/2024,15:00,-0.213921
11/26/2024,21:00,1.21887
11/27/2024,3:00,-1.76641
11/27/2024,9:00,-2.24422
11/27/2024,15:00,-0.219927
11/27/2024,21:00,-1.06446
11/28/2024,3:00,-2.20631
11/28/2024,9:00,-1.995
11/28/2024,15:00,-0.515139
11/28/2024,21:00,-1.10249
11/29/2024,3:00,-1.77015
11/29/2024,9:00,-1.60262
11/29/2024,15:00,1.16447
11/29/2024,21:00,1.00195
11/30/2024,3:00,-0.406692
11/30/2024,9:00,-1.30377
11/30/2024,15:00,1.20317
11/30/2024,21:00,0.0173145
12/1/2024,3:00,-1.54193
12/1/2024,9:00,-1.69083
12/1/2024,15:00,-1.34553
12/1/2024,21:00,0.60897
12/2/2024,3:00,-2.2218
12/2/2024,9:00,-0.765581
12/2/2024,15:00,1.94573
12/2/2024,21:00,-0.171616
12/3/2024,3:00,-0.363904
12/3/2024,9:00,-0.14979
12/3/2024,15:00,6.23846
12/3/2024,21:00,7.91802
12/4/2024,3:00,6.643
12/4/2024,9:00,2.45578
12/4/2024,15:00,-2.08624
12/4/2024,21:00,2.4171
12/5/2024,3:00,2.36496
12/5/2024,9:00,1.31961
12/5/2024,15:00,2.00729
12/5/2024,21:00,4.74139
12/6/2024,3:00,5.00592
12/6/2024,9:00,0.319604
12/6/2024,15:00,2.16059
12/6/2024,21:00,3.80007
12/7/2024,3:00,5.00333
12/7/2024,9:00,7.74813
12/7/2024,15:00,10.6461
12/7/2024,21:00,14.5185
12/8/2024,3:00,9.93178
12/8/2024,9:00,11.5614
12/8/2024,15:00,6.02646
12/8/2024,21:00,7.33678
12/9/2024,3:00,8.83396
12/9/2024,9:00,9.451
12/9/2024,15:00,7.98953
12/9/2024,21:00,1.01361
12/10/2024,3:00,3.072
12/10/2024,9:00,-0.218945
12/10/2024,15:00,1.43208
12/10/2024,21:00,-4.50918
12/11/2024,3:00,-2.47911
12/11/2024,9:00,-2.9401
12/11/2024,15:00,-3.19537
12/11/2024,21:00,-5.90993
12/12/2024,3:00,-4.09433
12/12/2024,9:00,-4.62787
12/12/2024,15:00,-1.64213
12/12/2024,21:00,-4.49435
12/13/2024,3:00,-2.72267
12/13/2024,9:00,-2.17448
12/13/2024,15:00,3.95093
12/13/2024,21:00,4.50698
12/14/2024,3:00,2.70139
12/14/2024,9:00,-0.819965
12/14/2024,15:00,-0.14939
12/14/2024,21:00,0.776578
12/15/2024,3:00,-1.71164
12/15/2024,9:00,-2.28769
12/15/2024,15:00,0.479734
12/15/2024,21:00,-3.67387
12/16/2024,3:00,-5.95765
12/16/2024,9:00,-4.34888
12/16/2024,15:00,-3.40536
12/16/2024,21:00,-5.26366
12/17/2024,3:00,-4.4387
12/17/2024,9:00,-2.18988
12/17/2024,15:00,-0.504746
12/17/2024,21:00,-0.0742944
12/18/2024,3:00,-0.237996
12/18/2024,9:00,0.183972
12/18/2024,15:00,3.29651
12/18/2024,21:00,7.37732
12/19/2024,3:00,9.04662
12/19/2024,9:00,7.73272
12/19/2024,15:00,7.19495
12/19/2024,21:00,-1.66932
12/20/2024,3:00,-1.31616
12/20/2024,9:00,1.02278
12/20/2024,15:00,-0.341843
12/20/2024,21:00,-0.976052
12/21/2024,3:00,-2.74253
12/21/2024,9:00,-1.80267
12/21/2024,15:00,0.411707
12/21/2024,21:00,-0.446357
12/22/2024,3:00,-0.177087
12/22/2024,9:00,0.579873
12/22/2024,15:00,5.66257
12/22/2024,21:00,6.06821
12/23/2024,3:00,6.86546
12/23/2024,9:00,1.49052
12/23/2024,15:00,-3.24337
12/23/2024,21:00,-2.00343
12/24/2024,3:00,-1.60809
12/24/2024,9:00,-1.78679
12/24/2024,15:00,-1.12853
12/24/2024,21:00,-3.31379
12/25/2024,3:00,-4.94977
12/25/2024,9:00,-4.36179
12/25/2024,15:00,-1.57309
12/25/2024,21:00,-3.24836
12/26/2024,3:00,-1.54976
12/26/2024,9:00,-1.79584
12/26/2024,15:00,-1.39678
12/26/2024,21:00,-2.61603
12/27/2024,3:00,-4.08604
12/27/2024,9:00,-3.36345
12/27/2024,15:00,-4.1646
12/27/2024,21:00,-3.94063
12/28/2024,3:00,-3.45801
12/28/2024,9:00,-1.99899
12/28/2024,15:00,-1.56244
12/28/2024,21:00,-1.07797
12/29/2024,3:00,-2.56587
12/29/2024,9:00,-1.94452
12/29/2024,15:00,-1.71552
12/29/2024,21:00,-2.79765
12/30/2024,3:00,-2.99989
12/30/2024,9:00,-2.41865
12/30/2024,15:00,-1.53167
12/30/2024,21:00,-1.84732
12/31/2024,3:00,-2.79346
12/31/2024,9:00,-2.74098
12/31/2024,15:00,-2.08472
12/31/2024,21:00,-2.73306
