day,valid_time,v100
1/1/2024,0:00,0.148103
1/1/2024,6:00,-0.539941
1/1/2024,12:00,0.744763
1/1/2024,18:00,3.4635
1/2/2024,0:00,3.32806
1/2/2024,6:00,2.9633
1/2/2024,12:00,3.97234
1/2/2024,18:00,3.7784
1/3/2024,0:00,4.66547
1/3/2024,6:00,5.62958
1/3/2024,12:00,3.63631
1/3/2024,18:00,5.0431
1/4/2024,0:00,2.75152
1/4/2024,6:00,3.77744
1/4/2024,12:00,3.46309
1/4/2024,18:00,1.48913
1/5/2024,0:00,3.20175
1/5/2024,6:00,-4.53146
1/5/2024,12:00,-9.12406
1/5/2024,18:00,-5.98368
1/6/2024,0:00,-5.64858
1/6/2024,6:00,-6.02274
1/6/2024,12:00,-6.85592
1/6/2024,18:00,-4.12563
1/7/2024,0:00,-5.33877
1/7/2024,6:00,-3.75647
1/7/2024,12:00,-0.243059
1/7/2024,18:00,-0.476445
1/8/2024,0:00,-2.23007
1/8/2024,6:00,-1.19871
1/8/2024,12:00,0.53231
1/8/2024,18:00,1.62354
1/9/2024,0:00,2.30929
1/9/2024,6:00,0.635664
1/9/2024,12:00,-0.340205
1/9/2024,18:00,-0.3648
1/10/2024,0:00,-0.0473267
1/10/2024,6:00,1.38983
1/10/2024,12:00,3.81229
1/10/2024,18:00,1.61235
1/11/2024,0:00,-4.17689
1/11/2024,6:00,-1.05352
1/11/2024,12:00,-1.81237
1/11/2024,18:00,-0.941216
1/12/2024,0:00,-3.47984
1/12/2024,6:00,-3.1781
1/12/2024,12:00,-0.321111
1/12/2024,18:00,-3.13761
1/13/2024,0:00,-1.35957
1/13/2024,6:00,-1.04583
1/13/2024,12:00,-0.0619067
1/13/2024,18:00,0.69605
1/14/2024,0:00,-0.0323584
1/14/2024,6:00,-0.749897
1/14/2024,12:00,2.78162
1/14/2024,18:00,3.11855
1/15/2024,0:00,3.11216
1/15/2024,6:00,2.92382
1/15/2024,12:00,4.6659
1/15/2024,18:00,4.42154
1/16/2024,0:00,5.96169
1/16/2024,6:00,5.32999
1/16/2024,12:00,5.56082
1/16/2024,18:00,8.60129
1/17/2024,0:00,12.2204
1/17/2024,6:00,13.7478
1/17/2024,12:00,9.11277
1/17/2024,18:00,8.80251
1/18/2024,0:00,8.33889
1/18/2024,6:00,7.50728
1/18/2024,12:00,5.36056
1/18/2024,18:00,3.72964
1/19/2024,0:00,-0.18
1/19/2024,6:00,-5.40691
1/19/2024,12:00,-8.86422
1/19/2024,18:00,-11.7318
1/20/2024,0:00,-6.92639
1/20/2024,6:00,-4.7037
1/20/2024,12:00,-1.30709
1/20/2024,18:00,-0.223186
1/21/2024,0:00,-1.58948
1/21/2024,6:00,-1.06666
1/21/2024,12:00,0.400767
1/21/2024,18:00,0.795027
1/22/2024,0:00,1.36109
1/22/2024,6:00,1.0332
1/22/2024,12:00,1.59992
1/22/2024,18:00,1.76035
1/23/2024,0:00,-0.712939
1/23/2024,6:00,-0.642432
1/23/2024,12:00,-0.722883
1/23/2024,18:00,-0.832524
1/24/2024,0:00,-1.54016
1/24/2024,6:00,-1.65274
1/24/2024,12:00,-0.781033
1/24/2024,18:00,-0.671272
1/25/2024,0:00,-1.71153
1/25/2024,6:00,-1.45834
1/25/2024,12:00,-1.24995
1/25/2024,18:00,-0.342388
1/26/2024,0:00,-2.19508
1/26/2024,6:00,-2.36701
1/26/2024,12:00,-2.38946
1/26/2024,18:00,-1.57496
1/27/2024,0:00,-1.33689
1/27/2024,6:00,-1.47562
1/27/2024,12:00,-0.516738
1/27/2024,18:00,-0.729116
1/28/2024,0:00,0.138628
1/28/2024,6:00,-0.247461
1/28/2024,12:00,0.612295
1/28/2024,18:00,-0.610112
1/29/2024,0:00,0.776851
1/29/2024,6:00,0.0555859
1/29/2024,12:00,0.178057
1/29/2024,18:00,0.109106
1/30/2024,0:00,1.86147
1/30/2024,6:00,0.0280664
1/30/2024,12:00,-0.636553
1/30/2024,18:00,-0.733032
1/31/2024,0:00,1.66163
1/31/2024,6:00,-0.899231
1/31/2024,12:00,-1.07127
1/31/2024,18:00,-0.297283
2/1/2024,0:00,-3.94638
2/1/2024,6:00,-3.86719
2/1/2024,12:00,-2.5991
2/1/2024,18:00,-1.96075
2/2/2024,0:00,-2.44937
2/2/2024,6:00,-1.5538
2/2/2024,12:00,-3.11497
2/2/2024,18:00,-1.24832
2/3/2024,0:00,0.20645
2/3/2024,6:00,-1.24076
2/3/2024,12:00,-0.389153
2/3/2024,18:00,-2.60132
2/4/2024,0:00,-1.1659
2/4/2024,6:00,-2.22976
2/4/2024,12:00,-1.06449
2/4/2024,18:00,0.514675
2/5/2024,0:00,-0.972822
2/5/2024,6:00,-1.4656
2/5/2024,12:00,-0.0290625
2/5/2024,18:00,1.46183
2/6/2024,0:00,0.704746
2/6/2024,6:00,0.404854
2/6/2024,12:00,1.19828
2/6/2024,18:00,2.1634
2/7/2024,0:00,1.87143
2/7/2024,6:00,2.9882
2/7/2024,12:00,4.64861
2/7/2024,18:00,2.34332
2/8/2024,0:00,4.58612
2/8/2024,6:00,4.69462
2/8/2024,12:00,8.31779
2/8/2024,18:00,12.6762
2/9/2024,0:00,11.7486
2/9/2024,6:00,9.13895
2/9/2024,12:00,6.19856
2/9/2024,18:00,9.7674
2/10/2024,0:00,4.74145
2/10/2024,6:00,-7.0691
2/10/2024,12:00,-0.299163
2/10/2024,18:00,-6.10468
2/11/2024,0:00,-1.98411
2/11/2024,6:00,2.29373
2/11/2024,12:00,3.37562
2/11/2024,18:00,3.80343
2/12/2024,0:00,3.97293
2/12/2024,6:00,1.92632
2/12/2024,12:00,0.660239
2/12/2024,18:00,1.02849
2/13/2024,0:00,1.13294
2/13/2024,6:00,2.1911
2/13/2024,12:00,2.21983
2/13/2024,18:00,3.6541
2/14/2024,0:00,1.10551
2/14/2024,6:00,-1.96791
2/14/2024,12:00,-0.968318
2/14/2024,18:00,-3.57003
2/15/2024,0:00,-0.691548
2/15/2024,6:00,-2.41312
2/15/2024,12:00,3.95489
2/15/2024,18:00,8.13558
2/16/2024,0:00,-2.22921
2/16/2024,6:00,-5.41036
2/16/2024,12:00,-3.59512
2/16/2024,18:00,-3.53656
2/17/2024,0:00,-0.986863
2/17/2024,6:00,-1.6004
2/17/2024,12:00,-1.46534
2/17/2024,18:00,0.470081
2/18/2024,0:00,-1.27183
2/18/2024,6:00,-2.41936
2/18/2024,12:00,-0.486462
2/18/2024,18:00,-0.105933
2/19/2024,0:00,-2.11957
2/19/2024,6:00,-2.96371
2/19/2024,12:00,-1.73305
2/19/2024,18:00,-0.853193
2/20/2024,0:00,-4.83997
2/20/2024,6:00,-2.85329
2/20/2024,12:00,-0.167903
2/20/2024,18:00,0.293564
2/21/2024,0:00,-0.560317
2/21/2024,6:00,0.825493
2/21/2024,12:00,1.77782
2/21/2024,18:00,3.19543
2/22/2024,0:00,3.03782
2/22/2024,6:00,5.40864
2/22/2024,12:00,7.11846
2/22/2024,18:00,7.35814
2/23/2024,0:00,-10.4005
2/23/2024,6:00,0.254529
2/23/2024,12:00,1.02203
2/23/2024,18:00,-0.471687
2/24/2024,0:00,0.795796
2/24/2024,6:00,-2.23746
2/24/2024,12:00,-7.27354
2/24/2024,18:00,-3.08581
2/25/2024,0:00,4.66744
2/25/2024,6:00,4.86173
2/25/2024,12:00,6.8088
2/25/2024,18:00,9.18405
2/26/2024,0:00,5.09008
2/26/2024,6:00,-2.7868
2/26/2024,12:00,-7.5278
2/26/2024,18:00,-8.63741
2/27/2024,0:00,-11.4981
2/27/2024,6:00,-10.991
2/27/2024,12:00,-11.8985
2/27/2024,18:00,-9.04506
2/28/2024,0:00,-1.56262
2/28/2024,6:00,-4.44195
2/28/2024,12:00,-4.67058
2/28/2024,18:00,-5.66568
2/29/2024,0:00,-0.994727
2/29/2024,6:00,0.182803
2/29/2024,12:00,0.351755
2/29/2024,18:00,-8.16252
3/1/2024,0:00,-10.3442
3/1/2024,6:00,-7.0533
3/1/2024,12:00,-1.85085
3/1/2024,18:00,3.35639
3/2/2024,0:00,5.18375
3/2/2024,6:00,7.49682
3/2/2024,12:00,13.4119
3/2/2024,18:00,-8.41708
3/3/2024,0:00,-0.858193
3/3/2024,6:00,-0.666099
3/3/2024,12:00,-6.71396
3/3/2024,18:00,-2.08644
3/4/2024,0:00,0.673318
3/4/2024,6:00,3.203
3/4/2024,12:00,6.43216
3/4/2024,18:00,3.58932
3/5/2024,0:00,-3.63706
3/5/2024,6:00,-3.23286
3/5/2024,12:00,-1.93379
3/5/2024,18:00,3.42743
3/6/2024,0:00,-0.352817
3/6/2024,6:00,-1.32315
3/6/2024,12:00,1.64131
3/6/2024,18:00,0.462939
3/7/2024,0:00,5.2425
3/7/2024,6:00,4.80877
3/7/2024,12:00,12.7133
3/7/2024,18:00,0.347261
3/8/2024,0:00,7.81282
3/8/2024,6:00,11.2866
3/8/2024,12:00,7.95619
3/8/2024,18:00,11.6549
3/9/2024,0:00,14.957
3/9/2024,6:00,7.6262
3/9/2024,12:00,7.30539
3/9/2024,18:00,7.49681
3/10/2024,0:00,9.49979
3/10/2024,6:00,4.16729
3/10/2024,12:00,2.05709
3/10/2024,18:00,-2.95092
3/11/2024,0:00,-6.03293
3/11/2024,6:00,-6.10761
3/11/2024,12:00,-7.68711
3/11/2024,18:00,-4.57605
3/12/2024,0:00,-3.5028
3/12/2024,6:00,-2.34425
3/12/2024,12:00,-0.334629
3/12/2024,18:00,1.3979
3/13/2024,0:00,-1.34895
3/13/2024,6:00,-0.876655
3/13/2024,12:00,0.911506
3/13/2024,18:00,1.33598
3/14/2024,0:00,1.07312
3/14/2024,6:00,2.95815
3/14/2024,12:00,4.60721
3/14/2024,18:00,4.19658
3/15/2024,0:00,1.53346
3/15/2024,6:00,0.635286
3/15/2024,12:00,1.5698
3/15/2024,18:00,0.86052
3/16/2024,0:00,-0.737036
3/16/2024,6:00,-0.0993335
3/16/2024,12:00,1.82773
3/16/2024,18:00,-0.625444
3/17/2024,0:00,0.125786
3/17/2024,6:00,-1.63731
3/17/2024,12:00,1.4162
3/17/2024,18:00,-0.479187
3/18/2024,0:00,0.0164307
3/18/2024,6:00,-0.86667
3/18/2024,12:00,0.812227
3/18/2024,18:00,0.654258
3/19/2024,0:00,0.428882
3/19/2024,6:00,-0.593071
3/19/2024,12:00,1.95292
3/19/2024,18:00,3.17348
3/20/2024,0:00,2.72241
3/20/2024,6:00,-0.298027
3/20/2024,12:00,2.60849
3/20/2024,18:00,4.68312
3/21/2024,0:00,-5.72175
3/21/2024,6:00,0.227957
3/21/2024,12:00,0.371724
3/21/2024,18:00,2.12503
3/22/2024,0:00,-4.86126
3/22/2024,6:00,-4.1769
3/22/2024,12:00,0.423293
3/22/2024,18:00,3.9624
3/23/2024,0:00,-0.883677
3/23/2024,6:00,-2.69328
3/23/2024,12:00,-3.1953
3/23/2024,18:00,4.69679
3/24/2024,0:00,-1.03434
3/24/2024,6:00,-3.39119
3/24/2024,12:00,0.284382
3/24/2024,18:00,3.05924
3/25/2024,0:00,2.31865
3/25/2024,6:00,1.01382
3/25/2024,12:00,4.40727
3/25/2024,18:00,6.46728
3/26/2024,0:00,4.48295
3/26/2024,6:00,0.460784
3/26/2024,12:00,2.90909
3/26/2024,18:00,5.37003
3/27/2024,0:00,-0.936313
3/27/2024,6:00,5.8034
3/27/2024,12:00,9.51084
3/27/2024,18:00,7.59623
3/28/2024,0:00,8.28555
3/28/2024,6:00,5.47551
3/28/2024,12:00,10.2535
3/28/2024,18:00,15.8914
3/29/2024,0:00,17.2472
3/29/2024,6:00,3.678
3/29/2024,12:00,4.25871
3/29/2024,18:00,0.45801
3/30/2024,0:00,3.39417
3/30/2024,6:00,7.81563
3/30/2024,12:00,6.78944
3/30/2024,18:00,7.20072
3/31/2024,0:00,8.2024
3/31/2024,6:00,11.2781
3/31/2024,12:00,7.42308
3/31/2024,18:00,5.22886
4/1/2024,0:00,5.71335
4/1/2024,6:00,4.9964
4/1/2024,12:00,5.20925
4/1/2024,18:00,4.13062
4/2/2024,0:00,3.70267
4/2/2024,6:00,2.91977
4/2/2024,12:00,5.27326
4/2/2024,18:00,3.21718
4/3/2024,0:00,4.8384
4/3/2024,6:00,2.27967
4/3/2024,12:00,3.03405
4/3/2024,18:00,2.6584
4/4/2024,0:00,2.89535
4/4/2024,6:00,0.956621
4/4/2024,12:00,2.24124
4/4/2024,18:00,0.889421
4/5/2024,0:00,3.29764
4/5/2024,6:00,1.57135
4/5/2024,12:00,6.17574
4/5/2024,18:00,5.37396
4/6/2024,0:00,8.75
4/6/2024,6:00,-4.16032
4/6/2024,12:00,6.67084
4/6/2024,18:00,-3.54815
4/7/2024,0:00,0.272654
4/7/2024,6:00,-1.09893
4/7/2024,12:00,-0.280718
4/7/2024,18:00,1.91991
4/8/2024,0:00,3.62973
4/8/2024,6:00,4.35188
4/8/2024,12:00,6.11154
4/8/2024,18:00,-2.5666
4/9/2024,0:00,-8.44983
4/9/2024,6:00,-6.35208
4/9/2024,12:00,0.412708
4/9/2024,18:00,1.36528
4/10/2024,0:00,-2.37323
4/10/2024,6:00,-3.80262
4/10/2024,12:00,-0.736238
4/10/2024,18:00,1.74454
4/11/2024,0:00,-3.38149
4/11/2024,6:00,-3.42895
4/11/2024,12:00,-5.08562
4/11/2024,18:00,-4.04388
4/12/2024,0:00,2.37348
4/12/2024,6:00,0.858152
4/12/2024,12:00,1.24157
4/12/2024,18:00,1.53687
4/13/2024,0:00,1.00486
4/13/2024,6:00,1.89588
4/13/2024,12:00,-0.754849
4/13/2024,18:00,1.86429
4/14/2024,0:00,7.17479
4/14/2024,6:00,0.397795
4/14/2024,12:00,1.35111
4/14/2024,18:00,1.82469
4/15/2024,0:00,2.27399
4/15/2024,6:00,-2.17741
4/15/2024,12:00,-2.68821
4/15/2024,18:00,-5.5801
4/16/2024,0:00,-1.86342
4/16/2024,6:00,-2.59047
4/16/2024,12:00,-0.588135
4/16/2024,18:00,-5.02168
4/17/2024,0:00,-2.88875
4/17/2024,6:00,-5.48678
4/17/2024,12:00,-2.03446
4/17/2024,18:00,1.89861
4/18/2024,0:00,-4.5614
4/18/2024,6:00,-5.77899
4/18/2024,12:00,-2.85868
4/18/2024,18:00,-0.895574
4/19/2024,0:00,-7.80906
4/19/2024,6:00,-2.70469
4/19/2024,12:00,1.39424
4/19/2024,18:00,0.20874
4/20/2024,0:00,1.08924
4/20/2024,6:00,-0.455869
4/20/2024,12:00,-3.47653
4/20/2024,18:00,-5.09987
4/21/2024,0:00,-8.00901
4/21/2024,6:00,-2.11266
4/21/2024,12:00,1.23917
4/21/2024,18:00,1.7225
4/22/2024,0:00,-7.37284
4/22/2024,6:00,-6.5865
4/22/2024,12:00,-2.14389
4/22/2024,18:00,-7.68994
4/23/2024,0:00,-3.39874
4/23/2024,6:00,-2.38597
4/23/2024,12:00,-1.55788
4/23/2024,18:00,-7.61318
4/24/2024,0:00,-4.84659
4/24/2024,6:00,-2.05181
4/24/2024,12:00,0.853718
4/24/2024,18:00,3.4349
4/25/2024,0:00,-2.4712
4/25/2024,6:00,-1.33033
4/25/2024,12:00,1.21928
4/25/2024,18:00,-8.19464
4/26/2024,0:00,-5.10218
4/26/2024,6:00,2.40962
4/26/2024,12:00,4.78172
4/26/2024,18:00,1.46014
4/27/2024,0:00,7.02992
4/27/2024,6:00,8.5442
4/27/2024,12:00,7.70095
4/27/2024,18:00,3.20286
4/28/2024,0:00,0.713269
4/28/2024,6:00,1.80338
4/28/2024,12:00,2.38279
4/28/2024,18:00,-1.01017
4/29/2024,0:00,-2.67422
4/29/2024,6:00,-7.03269
4/29/2024,12:00,-1.61777
4/29/2024,18:00,-2.28052
4/30/2024,0:00,0.939045
4/30/2024,6:00,-0.0702759
4/30/2024,12:00,3.99283
4/30/2024,18:00,4.61291
5/1/2024,0:00,6.9061
5/1/2024,6:00,-0.157444
5/1/2024,12:00,2.63698
5/1/2024,18:00,3.27865
5/2/2024,0:00,-5.10877
5/2/2024,6:00,2.0508
5/2/2024,12:00,2.24573
5/2/2024,18:00,2.36982
5/3/2024,0:00,2.16187
5/3/2024,6:00,2.63307
5/3/2024,12:00,1.90877
5/3/2024,18:00,3.02914
5/4/2024,0:00,3.65878
5/4/2024,6:00,3.93578
5/4/2024,12:00,4.95723
5/4/2024,18:00,2.402
5/5/2024,0:00,4.45269
5/5/2024,6:00,3.99201
5/5/2024,12:00,4.83031
5/5/2024,18:00,4.2972
5/6/2024,0:00,3.51737
5/6/2024,6:00,2.52123
5/6/2024,12:00,1.41018
5/6/2024,18:00,-5.13776
5/7/2024,0:00,-3.77046
5/7/2024,6:00,-3.72261
5/7/2024,12:00,-1.3067
5/7/2024,18:00,0.751064
5/8/2024,0:00,-3.25857
5/8/2024,6:00,-4.5478
5/8/2024,12:00,-2.65274
5/8/2024,18:00,-1.36148
5/9/2024,0:00,-4.10563
5/9/2024,6:00,-0.964639
5/9/2024,12:00,0.770894
5/9/2024,18:00,-0.0744434
5/10/2024,0:00,2.25889
5/10/2024,6:00,-1.36079
5/10/2024,12:00,1.93054
5/10/2024,18:00,3.20015
5/11/2024,0:00,4.45641
5/11/2024,6:00,0.186846
5/11/2024,12:00,3.66704
5/11/2024,18:00,-0.397183
5/12/2024,0:00,-0.543779
5/12/2024,6:00,-3.44212
5/12/2024,12:00,0.301299
5/12/2024,18:00,-0.51324
5/13/2024,0:00,-0.0886011
5/13/2024,6:00,0.767393
5/13/2024,12:00,4.5989
5/13/2024,18:00,3.31915
5/14/2024,0:00,1.11012
5/14/2024,6:00,-6.54287
5/14/2024,12:00,0.177781
5/14/2024,18:00,-5.55389
5/15/2024,0:00,-4.18168
5/15/2024,6:00,-5.52754
5/15/2024,12:00,0.886345
5/15/2024,18:00,-5.15715
5/16/2024,0:00,1.11189
5/16/2024,6:00,-0.673728
5/16/2024,12:00,2.36837
5/16/2024,18:00,2.829
5/17/2024,0:00,4.02528
5/17/2024,6:00,5.49632
5/17/2024,12:00,3.67954
5/17/2024,18:00,0.826929
5/18/2024,0:00,-2.95445
5/18/2024,6:00,-2.52794
5/18/2024,12:00,2.64935
5/18/2024,18:00,2.33545
5/19/2024,0:00,-2.63912
5/19/2024,6:00,-2.06276
5/19/2024,12:00,3.90738
5/19/2024,18:00,-0.920706
5/20/2024,6:00,-1.29535
5/20/2024,12:00,2.73135
5/20/2024,18:00,-5.49763
5/21/2024,0:00,-1.81698
5/21/2024,6:00,1.05438
5/21/2024,12:00,3.22425
5/21/2024,18:00,-2.24635
5/22/2024,0:00,-5.845
5/22/2024,6:00,-1.2033
5/22/2024,12:00,2.30219
5/22/2024,18:00,0.0992432
5/23/2024,0:00,-2.89117
5/23/2024,6:00,-4.78328
5/23/2024,12:00,-1.48661
5/23/2024,18:00,-0.699834
5/24/2024,0:00,-6.60535
5/24/2024,6:00,-2.29149
5/24/2024,12:00,-0.534136
5/24/2024,18:00,2.14543
5/25/2024,0:00,-4.41968
5/25/2024,6:00,0.999907
5/25/2024,12:00,4.27974
5/25/2024,18:00,3.37687
5/26/2024,0:00,-1.32854
5/26/2024,6:00,0.311826
5/26/2024,12:00,4.00073
5/26/2024,18:00,2.2693
5/27/2024,0:00,-2.67762
5/27/2024,6:00,-2.72208
5/27/2024,12:00,-0.892683
5/27/2024,18:00,0.0915039
5/28/2024,0:00,-7.81033
5/28/2024,6:00,-1.1898
5/28/2024,12:00,0.426548
5/28/2024,18:00,0.867231
5/29/2024,0:00,-4.70951
5/29/2024,6:00,-1.65158
5/29/2024,12:00,0.604683
5/29/2024,18:00,1.88356
5/30/2024,0:00,-5.01999
5/30/2024,6:00,-3.81153
5/30/2024,12:00,-0.498792
5/30/2024,18:00,-5.41596
5/31/2024,0:00,-6.50432
5/31/2024,6:00,-7.96987
5/31/2024,12:00,-3.92051
5/31/2024,18:00,-2.37699
6/1/2024,0:00,-7.94729
6/1/2024,6:00,-6.57013
6/1/2024,12:00,-4.15147
6/1/2024,18:00,-3.94403
6/2/2024,0:00,-7.23897
6/2/2024,6:00,-7.49088
6/2/2024,12:00,-0.939141
6/2/2024,18:00,-0.991975
6/3/2024,0:00,-5.23716
6/3/2024,6:00,-3.73262
6/3/2024,12:00,1.69909
6/3/2024,18:00,-7.35643
6/4/2024,0:00,2.9267
6/4/2024,6:00,-0.797913
6/4/2024,12:00,1.86172
6/4/2024,18:00,-2.44541
6/5/2024,0:00,-2.51747
6/5/2024,6:00,-2.45847
6/5/2024,12:00,2.70531
6/5/2024,18:00,1.69226
6/6/2024,0:00,0.672034
6/6/2024,6:00,0.925525
6/6/2024,12:00,3.46274
6/6/2024,18:00,5.04896
6/7/2024,0:00,4.77233
6/7/2024,6:00,-1.9389
6/7/2024,12:00,6.52038
6/7/2024,18:00,8.14604
6/8/2024,0:00,2.19485
6/8/2024,6:00,1.84813
6/8/2024,12:00,4.71149
6/8/2024,18:00,1.68606
6/9/2024,0:00,-1.25487
6/9/2024,6:00,-5.1115
6/9/2024,12:00,2.56099
6/9/2024,18:00,0.500181
6/10/2024,0:00,-4.00535
6/10/2024,6:00,-4.4853
6/10/2024,12:00,-2.76334
6/10/2024,18:00,-2.26935
6/11/2024,0:00,-2.42083
6/11/2024,6:00,-2.63262
6/11/2024,12:00,-0.965859
6/11/2024,18:00,-1.49461
6/12/2024,0:00,-7.48193
6/12/2024,6:00,-5.16488
6/12/2024,12:00,-1.63449
6/12/2024,18:00,-8.18132
6/13/2024,0:00,-6.68086
6/13/2024,6:00,-3.16508
6/13/2024,12:00,3.0435
6/13/2024,18:00,1.59898
6/14/2024,0:00,2.74783
6/14/2024,6:00,2.15128
6/14/2024,12:00,4.02507
6/14/2024,18:00,1.41177
6/15/2024,0:00,-3.12191
6/15/2024,6:00,-1.89102
6/15/2024,12:00,2.28626
6/15/2024,18:00,-3.28203
6/16/2024,0:00,-2.00579
6/16/2024,6:00,-2.93243
6/16/2024,12:00,2.83385
6/16/2024,18:00,4.2367
6/17/2024,0:00,-0.871931
6/17/2024,6:00,3.06757
6/17/2024,12:00,4.64956
6/17/2024,18:00,6.76193
6/18/2024,0:00,2.41299
6/18/2024,6:00,2.52399
6/18/2024,12:00,5.22732
6/18/2024,18:00,2.97803
6/19/2024,0:00,3.52861
6/19/2024,6:00,1.71347
6/19/2024,12:00,2.69994
6/19/2024,18:00,2.72025
6/20/2024,0:00,0.898027
6/20/2024,6:00,4.09441
6/20/2024,12:00,3.20277
6/20/2024,18:00,1.81596
6/21/2024,0:00,-3.50071
6/21/2024,6:00,-1.58469
6/21/2024,12:00,0.0900293
6/21/2024,18:00,2.74221
6/22/2024,0:00,-4.66522
6/22/2024,6:00,-2.28552
6/22/2024,12:00,0.54324
6/22/2024,18:00,-7.65545
6/23/2024,0:00,-4.58047
6/23/2024,6:00,-2.51819
6/23/2024,12:00,-2.62048
6/23/2024,18:00,0.880061
6/24/2024,0:00,-4.51902
6/24/2024,6:00,-3.83463
6/24/2024,12:00,-0.942781
6/24/2024,18:00,1.23868
6/25/2024,0:00,-2.90281
6/25/2024,6:00,-0.269031
6/25/2024,12:00,1.51536
6/25/2024,18:00,-6.66458
6/26/2024,0:00,-0.329817
6/26/2024,6:00,2.92939
6/26/2024,12:00,3.47499
6/26/2024,18:00,2.34812
6/27/2024,0:00,3.04688
6/27/2024,6:00,0.805686
6/27/2024,12:00,0.424248
6/27/2024,18:00,7.14902
6/28/2024,0:00,1.95128
6/28/2024,6:00,1.29316
6/28/2024,12:00,3.77358
6/28/2024,18:00,3.05805
6/29/2024,0:00,5.47033
6/29/2024,6:00,4.25417
6/29/2024,12:00,2.67783
6/29/2024,18:00,4.9809
6/30/2024,0:00,4.72344
6/30/2024,6:00,2.30919
6/30/2024,12:00,2.88373
6/30/2024,18:00,1.02435
7/1/2024,0:00,-1.32284
7/1/2024,6:00,-3.9292
7/1/2024,12:00,-1.50471
7/1/2024,18:00,-5.31668
7/2/2024,0:00,-5.37154
7/2/2024,6:00,-3.88067
7/2/2024,12:00,-1.63548
7/2/2024,18:00,-0.404673
7/3/2024,0:00,-3.38565
7/3/2024,6:00,-2.75726
7/3/2024,12:00,0.324761
7/3/2024,18:00,1.63101
7/4/2024,0:00,-4.45072
7/4/2024,6:00,-3.37835
7/4/2024,12:00,-0.477725
7/4/2024,18:00,0.90614
7/5/2024,0:00,4.04998
7/5/2024,6:00,0.156758
7/5/2024,12:00,1.60857
7/5/2024,18:00,7.5913
7/6/2024,0:00,-1.93655
7/6/2024,6:00,1.25754
7/6/2024,12:00,2.74647
7/6/2024,18:00,-5.34499
7/7/2024,0:00,-6.63235
7/7/2024,6:00,-3.19372
7/7/2024,12:00,2.13152
7/7/2024,18:00,2.45428
7/8/2024,0:00,2.3825
7/8/2024,6:00,2.80406
7/8/2024,12:00,3.11448
7/8/2024,18:00,4.04219
7/9/2024,0:00,3.02868
7/9/2024,6:00,3.21244
7/9/2024,12:00,4.42345
7/9/2024,18:00,4.05142
7/10/2024,0:00,2.31243
7/10/2024,6:00,2.67751
7/10/2024,12:00,3.43209
7/10/2024,18:00,3.16571
7/11/2024,0:00,2.81622
7/11/2024,6:00,2.43066
7/11/2024,12:00,4.77595
7/11/2024,18:00,4.66165
7/12/2024,0:00,-2.40494
7/12/2024,6:00,-2.86365
7/12/2024,12:00,-0.858203
7/12/2024,18:00,1.69693
7/13/2024,0:00,-6.86289
7/13/2024,6:00,1.30495
7/13/2024,12:00,3.63515
7/13/2024,18:00,5.02476
7/14/2024,0:00,4.03319
7/14/2024,6:00,4.62994
7/14/2024,12:00,4.99135
7/14/2024,18:00,3.90599
7/15/2024,0:00,3.88282
7/15/2024,6:00,5.15679
7/15/2024,12:00,5.79244
7/15/2024,18:00,4.71542
7/16/2024,0:00,-0.64429
7/16/2024,6:00,-0.078042
7/16/2024,12:00,2.27979
7/16/2024,18:00,1.18288
7/17/2024,0:00,1.82585
7/17/2024,6:00,0.832271
7/17/2024,12:00,2.3439
7/17/2024,18:00,-0.0787329
7/18/2024,0:00,0.94967
7/18/2024,6:00,-0.332468
7/18/2024,12:00,2.29074
7/18/2024,18:00,3.32485
7/19/2024,0:00,0.81939
7/19/2024,6:00,0.649146
7/19/2024,12:00,2.99038
7/19/2024,18:00,1.35601
7/20/2024,0:00,3.55775
7/20/2024,6:00,3.54485
7/20/2024,12:00,4.75445
7/20/2024,18:00,5.18243
7/21/2024,0:00,-7.09202
7/21/2024,6:00,-3.27215
7/21/2024,12:00,-1.11582
7/21/2024,18:00,0.55801
7/22/2024,0:00,-6.07625
7/22/2024,6:00,-4.05774
7/22/2024,12:00,-1.31219
7/22/2024,18:00,-0.336843
7/23/2024,0:00,-4.23852
7/23/2024,6:00,-1.37072
7/23/2024,12:00,-0.0295288
7/23/2024,18:00,3.17625
7/24/2024,0:00,-0.106238
7/24/2024,6:00,-2.30217
7/24/2024,12:00,0.471711
7/24/2024,18:00,2.65236
7/25/2024,0:00,-7.28013
7/25/2024,6:00,-3.96561
7/25/2024,12:00,1.45925
7/25/2024,18:00,0.663984
7/26/2024,0:00,-3.4819
7/26/2024,6:00,0.127219
7/26/2024,12:00,1.86273
7/26/2024,18:00,-1.7691
7/27/2024,0:00,2.65977
7/27/2024,6:00,0.868196
7/27/2024,12:00,2.23251
7/27/2024,18:00,-0.592393
7/28/2024,0:00,7.96793
7/28/2024,6:00,0.4397
7/28/2024,12:00,1.61959
7/28/2024,18:00,6.76651
7/29/2024,0:00,1.69274
7/29/2024,6:00,-0.70895
7/29/2024,12:00,0.450298
7/29/2024,18:00,-2.45545
7/30/2024,0:00,1.41643
7/30/2024,6:00,2.91093
7/30/2024,12:00,4.52891
7/30/2024,18:00,3.0189
7/31/2024,0:00,4.12144
7/31/2024,6:00,1.89787
7/31/2024,12:00,3.68692
7/31/2024,18:00,2.10553
8/1/2024,0:00,0.51313
8/1/2024,6:00,-0.376736
8/1/2024,12:00,3.06067
8/1/2024,18:00,2.65338
8/2/2024,0:00,0.36512
8/2/2024,6:00,0.529592
8/2/2024,12:00,0.632053
8/2/2024,18:00,-8.04761
8/3/2024,0:00,-4.59072
8/3/2024,6:00,-3.71516
8/3/2024,12:00,-0.629722
8/3/2024,18:00,3.1805
8/4/2024,0:00,-6.34418
8/4/2024,6:00,-0.0107422
8/4/2024,12:00,0.321016
8/4/2024,18:00,1.21966
8/5/2024,0:00,-1.61488
8/5/2024,6:00,1.82603
8/5/2024,12:00,2.30426
8/5/2024,18:00,2.84642
8/6/2024,0:00,-3.52066
8/6/2024,6:00,-1.76755
8/6/2024,12:00,3.13376
8/6/2024,18:00,0.929897
8/7/2024,0:00,-1.75955
8/7/2024,6:00,-3.43573
8/7/2024,12:00,0.999243
8/7/2024,18:00,0.670754
8/8/2024,0:00,6.33136
8/8/2024,6:00,-1.58407
8/8/2024,12:00,0.985625
8/8/2024,18:00,2.49629
8/9/2024,0:00,4.59006
8/9/2024,6:00,-0.686511
8/9/2024,12:00,2.03921
8/9/2024,18:00,2.85216
8/10/2024,0:00,6.94401
8/10/2024,6:00,-1.75586
8/10/2024,12:00,2.04563
8/10/2024,18:00,4.49815
8/11/2024,0:00,10.1991
8/11/2024,6:00,1.45212
8/11/2024,12:00,3.23061
8/11/2024,18:00,1.81167
8/12/2024,0:00,6.61273
8/12/2024,6:00,-3.41628
8/12/2024,12:00,2.63469
8/12/2024,18:00,1.10895
8/13/2024,0:00,0.446169
8/13/2024,6:00,-2.89444
8/13/2024,12:00,2.15267
8/13/2024,18:00,-5.29408
8/14/2024,0:00,-3.38471
8/14/2024,6:00,-2.13177
8/14/2024,12:00,-3.07057
8/14/2024,18:00,-3.7116
8/15/2024,0:00,-4.67236
8/15/2024,6:00,-3.9257
8/15/2024,12:00,-3.27408
8/15/2024,18:00,-1.00801
8/16/2024,0:00,-3.68202
8/16/2024,6:00,-2.05342
8/16/2024,12:00,-1.28271
8/16/2024,18:00,0.837317
8/17/2024,0:00,-4.15302
8/17/2024,6:00,1.27244
8/17/2024,12:00,1.16785
8/17/2024,18:00,3.39141
8/18/2024,0:00,-6.29678
8/18/2024,6:00,-3.82529
8/18/2024,12:00,-2.50948
8/18/2024,18:00,-2.31075
8/19/2024,0:00,-6.36485
8/19/2024,6:00,-5.0498
8/19/2024,12:00,-0.914463
8/19/2024,18:00,1.89402
8/20/2024,0:00,-3.00828
8/20/2024,6:00,-3.36038
8/20/2024,12:00,-0.797041
8/20/2024,18:00,2.21438
8/21/2024,0:00,-9.23551
8/21/2024,6:00,-5.3798
8/21/2024,12:00,0.740251
8/21/2024,18:00,0.425706
8/22/2024,0:00,6.31992
8/22/2024,6:00,-1.58181
8/22/2024,12:00,1.24651
8/22/2024,18:00,2.43762
8/23/2024,0:00,-4.27213
8/23/2024,6:00,-1.5093
8/23/2024,12:00,0.270203
8/23/2024,18:00,-0.145356
8/24/2024,0:00,8.43272
8/24/2024,6:00,1.92699
8/24/2024,12:00,2.19591
8/24/2024,18:00,0.186343
8/25/2024,0:00,-2.40963
8/25/2024,6:00,-8.28478
8/25/2024,12:00,-0.762734
8/25/2024,18:00,-0.354897
8/26/2024,0:00,-0.17032
8/26/2024,6:00,-0.326914
8/26/2024,12:00,-0.082749
8/26/2024,18:00,1.59805
8/27/2024,0:00,1.23641
8/27/2024,6:00,2.48249
8/27/2024,12:00,2.16238
8/27/2024,18:00,3.26738
8/28/2024,0:00,-0.969292
8/28/2024,6:00,2.63569
8/28/2024,12:00,3.66592
8/28/2024,18:00,5.17349
8/29/2024,0:00,7.00601
8/29/2024,6:00,-2.13007
8/29/2024,12:00,1.89294
8/29/2024,18:00,1.96812
8/30/2024,0:00,3.18154
8/30/2024,6:00,-2.15395
8/30/2024,12:00,1.47501
8/30/2024,18:00,-9.70932
8/31/2024,0:00,-1.18737
8/31/2024,6:00,0.226372
8/31/2024,12:00,0.925313
8/31/2024,18:00,1.47825
9/1/2024,0:00,1.14518
9/1/2024,6:00,-0.491267
9/1/2024,12:00,0.831704
9/1/2024,18:00,1.24785
9/2/2024,0:00,-0.921282
9/2/2024,6:00,-2.59884
9/2/2024,12:00,1.17922
9/2/2024,18:00,0.33218
9/3/2024,0:00,0.220671
9/3/2024,6:00,1.12059
9/3/2024,12:00,2.60074
9/3/2024,18:00,-1.51666
9/4/2024,0:00,-10.4101
9/4/2024,6:00,-8.47221
9/4/2024,12:00,-4.71844
9/4/2024,18:00,-1.68661
9/5/2024,0:00,-3.11504
9/5/2024,6:00,-3.33559
9/5/2024,12:00,1.97063
9/5/2024,18:00,1.11689
9/6/2024,0:00,0.0595581
9/6/2024,6:00,1.34955
9/6/2024,12:00,4.78212
9/6/2024,18:00,2.18732
9/7/2024,0:00,1.63092
9/7/2024,6:00,1.87807
9/7/2024,12:00,3.98625
9/7/2024,18:00,0.655137
9/8/2024,0:00,1.8142
9/8/2024,6:00,2.6472
9/8/2024,12:00,1.89527
9/8/2024,18:00,-6.89703
9/9/2024,0:00,-1.71253
9/9/2024,6:00,-1.85412
9/9/2024,12:00,-0.421248
9/9/2024,18:00,2.33238
9/10/2024,0:00,0.402903
9/10/2024,6:00,-4.50958
9/10/2024,12:00,-0.68114
9/10/2024,18:00,2.11907
9/11/2024,0:00,-4.31954
9/11/2024,6:00,-3.93522
9/11/2024,12:00,-1.25507
9/11/2024,18:00,-7.42422
9/12/2024,0:00,-1.2854
9/12/2024,6:00,-2.06975
9/12/2024,12:00,-5.33738
9/12/2024,18:00,-10.1354
9/13/2024,0:00,-6.1737
9/13/2024,6:00,-4.88474
9/13/2024,12:00,-5.36391
9/13/2024,18:00,-3.96956
9/14/2024,0:00,-5.77945
9/14/2024,6:00,-3.90978
9/14/2024,12:00,-1.10042
9/14/2024,18:00,-1.09512
9/15/2024,0:00,-1.55681
9/15/2024,6:00,-1.38403
9/15/2024,12:00,-0.666885
9/15/2024,18:00,0.657659
9/16/2024,0:00,-4.34771
9/16/2024,6:00,-4.67614
9/16/2024,12:00,-6.37432
9/16/2024,18:00,-1.90902
9/17/2024,0:00,-5.14866
9/17/2024,6:00,-8.15811
9/17/2024,12:00,-1.29747
9/17/2024,18:00,0.711655
9/18/2024,0:00,-1.74238
9/18/2024,6:00,-2.40325
9/18/2024,12:00,1.26977
9/18/2024,18:00,3.35125
9/19/2024,0:00,6.05445
9/19/2024,6:00,-1.20299
9/19/2024,12:00,1.84165
9/19/2024,18:00,6.90025
9/20/2024,0:00,0.532324
9/20/2024,6:00,-0.251113
9/20/2024,12:00,3.21577
9/20/2024,18:00,-0.0825635
9/21/2024,0:00,-2.57154
9/21/2024,6:00,-0.419824
9/21/2024,12:00,2.10446
9/21/2024,18:00,2.13005
9/22/2024,0:00,1.3527
9/22/2024,6:00,3.09406
9/22/2024,12:00,3.83613
9/22/2024,18:00,5.03768
9/23/2024,0:00,-0.406001
9/23/2024,6:00,-0.762109
9/23/2024,12:00,2.00132
9/23/2024,18:00,3.50222
9/24/2024,0:00,2.83547
9/24/2024,6:00,1.72635
9/24/2024,12:00,2.93675
9/24/2024,18:00,6.28147
9/25/2024,0:00,3.32659
9/25/2024,6:00,4.21838
9/25/2024,12:00,4.01508
9/25/2024,18:00,4.92631
9/26/2024,0:00,7.38337
9/26/2024,6:00,7.15972
9/26/2024,12:00,6.31789
9/26/2024,18:00,6.19373
9/27/2024,0:00,5.68699
9/27/2024,6:00,0.688633
9/27/2024,12:00,-3.28655
9/27/2024,18:00,-9.92217
9/28/2024,0:00,-3.72642
9/28/2024,6:00,-3.46144
9/28/2024,12:00,-3.13895
9/28/2024,18:00,-1.92292
9/29/2024,0:00,-1.27806
9/29/2024,6:00,1.1423
9/29/2024,12:00,0.324258
9/29/2024,18:00,1.24531
9/30/2024,0:00,0.709404
9/30/2024,6:00,-0.926533
9/30/2024,12:00,0.192404
9/30/2024,18:00,2.48894
10/1/2024,0:00,1.45286
10/1/2024,6:00,1.15645
10/1/2024,12:00,1.66978
10/1/2024,18:00,-4.04008
10/2/2024,0:00,-2.08669
10/2/2024,6:00,1.00064
10/2/2024,12:00,3.29458
10/2/2024,18:00,3.57523
10/3/2024,0:00,-4.99252
10/3/2024,6:00,-5.23965
10/3/2024,12:00,-5.70227
10/3/2024,18:00,-4.90356
10/4/2024,0:00,-0.58913
10/4/2024,6:00,-0.0830627
10/4/2024,12:00,-0.352277
10/4/2024,18:00,2.78247
10/5/2024,0:00,-1.81636
10/5/2024,6:00,0.53293
10/5/2024,12:00,2.08683
10/5/2024,18:00,4.3773
10/6/2024,0:00,4.69323
10/6/2024,6:00,4.09373
10/6/2024,12:00,5.83191
10/6/2024,18:00,2.70053
10/7/2024,0:00,5.4528
10/7/2024,6:00,4.51049
10/7/2024,12:00,9.56462
10/7/2024,18:00,4.57085
10/8/2024,0:00,4.95907
10/8/2024,6:00,4.71255
10/8/2024,12:00,5.8263
10/8/2024,18:00,4.41099
10/9/2024,0:00,8.12786
10/9/2024,6:00,12.0226
10/9/2024,12:00,17.4373
10/9/2024,18:00,6.93136
10/10/2024,0:00,-2.36956
10/10/2024,6:00,-3.45868
10/10/2024,12:00,2.62206
10/10/2024,18:00,2.93254
10/11/2024,0:00,2.00178
10/11/2024,6:00,1.93428
10/11/2024,12:00,4.14893
10/11/2024,18:00,-0.0335059
10/12/2024,0:00,7.29755
10/12/2024,6:00,5.80305
10/12/2024,12:00,6.10942
10/12/2024,18:00,5.85718
10/13/2024,0:00,0.560901
10/13/2024,6:00,-1.78853
10/13/2024,12:00,0.670835
10/13/2024,18:00,-3.42952
10/14/2024,0:00,-1.0866
10/14/2024,6:00,-0.2274
10/14/2024,12:00,0.161946
10/14/2024,18:00,-3.87328
10/15/2024,0:00,4.36419
10/15/2024,6:00,8.36284
10/15/2024,12:00,8.86701
10/15/2024,18:00,4.47344
10/16/2024,0:00,9.49454
10/16/2024,6:00,16.6529
10/16/2024,12:00,6.34271
10/16/2024,18:00,4.29268
10/17/2024,0:00,6.91017
10/17/2024,6:00,0.985061
10/17/2024,12:00,-1.24928
10/17/2024,18:00,-6.09981
10/18/2024,0:00,-7.41305
10/18/2024,6:00,-2.47947
10/18/2024,12:00,-0.318008
10/18/2024,18:00,0.489211
10/19/2024,0:00,-0.708972
10/19/2024,6:00,-0.392886
10/19/2024,12:00,1.18829
10/19/2024,18:00,4.01674
10/20/2024,0:00,0.858616
10/20/2024,6:00,0.808064
10/20/2024,12:00,0.228647
10/20/2024,18:00,2.62038
10/21/2024,0:00,0.132275
10/21/2024,6:00,-0.000549316
10/21/2024,12:00,0.274617
10/22/2024,0:00,-4.16076
10/22/2024,6:00,-4.49087
10/22/2024,12:00,-0.720293
10/22/2024,18:00,-1.81338
10/23/2024,0:00,2.20134
10/23/2024,6:00,0.0415796
10/23/2024,12:00,2.69365
10/23/2024,18:00,2.6829
10/24/2024,0:00,4.37009
10/24/2024,6:00,1.28521
10/24/2024,12:00,2.25188
10/24/2024,18:00,0.085553
10/25/2024,0:00,6.02346
10/25/2024,6:00,6.12557
10/25/2024,12:00,3.528
10/25/2024,18:00,-1.96027
10/26/2024,0:00,-0.67157
10/26/2024,6:00,-3.97555
10/26/2024,12:00,0.71498
10/26/2024,18:00,-2.0055
10/27/2024,0:00,0.105376
10/27/2024,6:00,-3.55459
10/27/2024,12:00,-5.01511
10/27/2024,18:00,-6.4076
10/28/2024,0:00,1.70441
10/28/2024,6:00,-6.79752
10/28/2024,12:00,-1.57784
10/28/2024,18:00,-7.32868
10/29/2024,0:00,-8.37461
10/29/2024,6:00,-7.33029
10/29/2024,12:00,-6.20886
10/29/2024,18:00,-1.76686
10/30/2024,0:00,-1.05951
10/30/2024,6:00,-3.49975
10/30/2024,12:00,7.53357
10/30/2024,18:00,5.20113
10/31/2024,0:00,2.91056
10/31/2024,6:00,-0.0957104
10/31/2024,12:00,3.29774
10/31/2024,18:00,2.37807
11/1/2024,0:00,2.52152
11/1/2024,6:00,-1.3791
11/1/2024,12:00,0.791082
11/1/2024,18:00,-3.76312
11/2/2024,0:00,-0.0919849
11/2/2024,6:00,-2.34696
11/2/2024,12:00,-3.08016
11/2/2024,18:00,-5.68726
11/3/2024,0:00,-0.809216
11/3/2024,6:00,-2.22153
11/3/2024,12:00,0.858813
11/3/2024,18:00,4.08869
11/4/2024,0:00,0.00409668
11/4/2024,6:00,0.680867
11/4/2024,12:00,2.46696
11/4/2024,18:00,2.47877
11/5/2024,0:00,2.61353
11/5/2024,6:00,0.747449
11/5/2024,12:00,0.881252
11/5/2024,18:00,0.422866
11/6/2024,0:00,-0.882764
11/6/2024,6:00,-3.46976
11/6/2024,12:00,-0.852959
11/7/2024,0:00,2.50903
11/7/2024,6:00,0.120746
11/7/2024,12:00,1.40976
11/7/2024,18:00,1.36528
11/8/2024,0:00,2.76922
11/8/2024,6:00,-0.480005
11/8/2024,12:00,2.22723
11/8/2024,18:00,0.805002
11/9/2024,0:00,0.132041
11/9/2024,6:00,-0.203354
11/9/2024,12:00,-1.9917
11/9/2024,18:00,0.747397
11/10/2024,0:00,-1.57446
11/10/2024,6:00,-0.242344
11/10/2024,12:00,-0.403271
11/10/2024,18:00,-1.8539
11/11/2024,0:00,-1.8208
11/11/2024,6:00,-3.53565
11/11/2024,12:00,-5.46931
11/11/2024,18:00,-4.51053
11/12/2024,0:00,-5.5134
11/12/2024,6:00,-4.0785
11/12/2024,12:00,-1.68942
11/12/2024,18:00,-8.50755
11/13/2024,0:00,-6.13024
11/13/2024,6:00,-8.144
11/13/2024,12:00,-6.77442
11/13/2024,18:00,-0.482036
11/14/2024,0:00,3.039
11/14/2024,6:00,-5.46455
11/14/2024,12:00,1.69251
11/14/2024,18:00,3.93874
11/15/2024,0:00,4.10169
11/15/2024,6:00,-0.930757
11/15/2024,12:00,2.91544
11/15/2024,18:00,1.29329
11/16/2024,0:00,-0.203168
11/16/2024,6:00,-2.60006
11/16/2024,12:00,1.76637
11/16/2024,18:00,-3.05383
11/17/2024,0:00,-0.532953
11/17/2024,6:00,-1.94885
11/17/2024,12:00,-2.21697
11/17/2024,18:00,-0.960193
11/18/2024,0:00,-0.46562
11/18/2024,6:00,0.311819
11/18/2024,12:00,1.12202
11/18/2024,18:00,2.2348
11/19/2024,0:00,1.33427
11/19/2024,6:00,0.507834
11/19/2024,12:00,2.2934
11/19/2024,18:00,1.9784
11/20/2024,0:00,0.281934
11/20/2024,6:00,-1.63543
11/20/2024,12:00,-3.70911
11/20/2024,18:00,-3.80499
11/21/2024,0:00,1.34598
11/21/2024,6:00,2.75912
11/21/2024,12:00,4.66967
11/21/2024,18:00,4.21778
11/22/2024,0:00,4.91637
11/22/2024,6:00,1.13536
11/22/2024,12:00,-1.83854
11/22/2024,18:00,4.07374
11/23/2024,0:00,1.72854
11/23/2024,6:00,1.00256
11/23/2024,12:00,3.07528
11/23/2024,18:00,4.03774
11/24/2024,0:00,2.86167
11/24/2024,6:00,0.608413
11/24/2024,12:00,3.39222
11/24/2024,18:00,3.42751
11/25/2024,0:00,13.4536
11/25/2024,6:00,11.2995
11/25/2024,12:00,5.0895
11/25/2024,18:00,0.305391
11/26/2024,0:00,0.277212
11/26/2024,6:00,-1.18783
11/26/2024,12:00,-0.480891
11/26/2024,18:00,0.720933
11/27/2024,0:00,-0.898818
11/27/2024,6:00,-1.99829
11/27/2024,12:00,-0.500479
11/27/2024,18:00,0.502256
11/28/2024,0:00,-0.998113
11/28/2024,6:00,-1.12539
11/28/2024,12:00,-0.239739
11/28/2024,18:00,-0.18489
11/29/2024,0:00,-0.624355
11/29/2024,6:00,-1.15733
11/29/2024,12:00,0.77573
11/29/2024,18:00,1.10062
11/30/2024,0:00,-0.457983
11/30/2024,6:00,-0.846768
11/30/2024,12:00,-0.103474
11/30/2024,18:00,0.772373
12/1/2024,0:00,0.0435229
12/1/2024,6:00,-1.24784
12/1/2024,12:00,-1.25086
12/1/2024,18:00,1.77074
12/2/2024,0:00,-0.080957
12/2/2024,6:00,-1.31502
12/2/2024,12:00,-0.0596533
12/2/2024,18:00,1.157
12/3/2024,0:00,-0.289604
12/3/2024,6:00,-0.937078
12/3/2024,12:00,0.769963
12/3/2024,18:00,0.068855
12/4/2024,0:00,-2.70046
12/4/2024,6:00,-6.63433
12/4/2024,12:00,-2.01919
12/4/2024,18:00,1.73236
12/5/2024,0:00,-2.57389
12/5/2024,6:00,1.30635
12/5/2024,12:00,-0.146985
12/5/2024,18:00,1.40339
12/6/2024,0:00,0.13355
12/6/2024,6:00,0.179863
12/6/2024,12:00,0.0564819
12/6/2024,18:00,1.02557
12/7/2024,0:00,1.23154
12/7/2024,6:00,-2.59263
12/7/2024,12:00,-9.12479
12/7/2024,18:00,-7.96083
12/8/2024,0:00,-10.0562
12/8/2024,6:00,-12.198
12/8/2024,12:00,-5.41392
12/8/2024,18:00,-10.4831
12/9/2024,0:00,-8.29499
12/9/2024,6:00,-7.10442
12/9/2024,12:00,-7.15407
12/9/2024,18:00,-6.4373
12/10/2024,0:00,-2.6871
12/10/2024,6:00,-2.74517
12/10/2024,12:00,-0.856929
12/10/2024,18:00,2.45416
12/11/2024,0:00,-2.41073
12/11/2024,6:00,-3.64566
12/11/2024,12:00,0.677471
12/11/2024,18:00,-3.59218
12/12/2024,0:00,0.735303
12/12/2024,6:00,-2.91664
12/12/2024,12:00,-1.5577
12/12/2024,18:00,-1.59644
12/13/2024,0:00,0.600363
12/13/2024,6:00,4.19647
12/13/2024,12:00,1.9973
12/13/2024,18:00,0.710146
12/14/2024,0:00,1.53049
12/14/2024,6:00,-1.20407
12/14/2024,12:00,-1.55359
12/14/2024,18:00,0.344714
12/15/2024,0:00,-2.22342
12/15/2024,6:00,-4.0458
12/15/2024,12:00,-0.930349
12/15/2024,18:00,-1.52049
12/16/2024,0:00,-2.92664
12/16/2024,6:00,-2.10338
12/16/2024,12:00,-1.36791
12/16/2024,18:00,-3.38287
12/17/2024,0:00,-0.824661
12/17/2024,6:00,-0.647869
12/17/2024,12:00,0.186638
12/17/2024,18:00,0.338389
12/18/2024,0:00,-0.136768
12/18/2024,6:00,0.483416
12/18/2024,12:00,0.838066
12/18/2024,18:00,4.13829
12/19/2024,0:00,5.89756
12/19/2024,6:00,4.87986
12/19/2024,12:00,1.59156
12/19/2024,18:00,-3.4559
12/20/2024,0:00,-4.69731
12/20/2024,6:00,-1.31737
12/20/2024,12:00,-1.49232
12/20/2024,18:00,-0.345913
12/21/2024,0:00,-2.79599
12/21/2024,6:00,-3.66568
12/21/2024,12:00,-2.32532
12/21/2024,18:00,-1.55531
12/22/2024,0:00,-0.819243
12/22/2024,6:00,1.30519
12/22/2024,12:00,-0.0402344
12/22/2024,18:00,-4.11327
12/23/2024,0:00,-9.01531
12/23/2024,6:00,-4.87777
12/23/2024,12:00,-7.50588
12/23/2024,18:00,-4.98001
12/24/2024,0:00,-4.7507
12/24/2024,6:00,-3.64886
12/24/2024,12:00,-1.98031
12/24/2024,18:00,-4.02589
12/25/2024,0:00,-4.04416
12/25/2024,6:00,-5.09585
12/25/2024,12:00,-0.922725
12/25/2024,18:00,-1.65411
12/26/2024,0:00,1.21939
12/26/2024,6:00,0.704265
12/26/2024,12:00,-0.237441
12/26/2024,18:00,-1.07527
12/27/2024,0:00,2.02206
12/27/2024,6:00,0.810925
12/27/2024,12:00,0.456711
12/27/2024,18:00,0.181216
12/28/2024,0:00,0.51123
12/28/2024,6:00,-0.54656
12/28/2024,12:00,-0.991846
12/28/2024,18:00,-1.01656
12/29/2024,0:00,-1.51421
12/29/2024,6:00,-1.7754
12/29/2024,12:00,-0.48926
12/29/2024,18:00,-1.84737
12/30/2024,0:00,0.23698
12/30/2024,6:00,-0.949805
12/30/2024,12:00,-0.61946
12/30/2024,18:00,-2.05564
12/31/2024,0:00,-2.12294
12/31/2024,6:00,-2.07336
12/31/2024,12:00,-1.1483
12/31/2024,18:00,-2.13489
1/1/2025,0:00,-0.845034
