date,RMSE_MW,MAE_MW,MAPE_percent,nMAE_mean,mean_true_MW
2024-01-01,601.0604949621354,513.5716357299434,8.17795306549188,0.07514766038114314,6834.166666666667
2024-01-02,1264.9993403655712,1160.9244979619978,8.811585350314163,0.0906258349506994,12810.083333333334
2024-01-03,953.0744980357457,844.184039148191,7.7080466824182805,0.07266147456654237,11618.041666666666
2024-01-04,1706.39656823843,1432.7449436585111,28.86701348712547,0.24914595255461192,5750.625
2024-01-05,911.7842193537814,645.3422562045355,4.9228792311418,0.04950636288519113,13035.541666666666
2024-01-06,1504.7560911436854,1232.5163896307351,10.283224680705667,0.0979152516328514,12587.583333333334
2024-01-07,648.3800071607494,567.5372624074421,5.297169274733706,0.052076995089059434,10898.041666666666
2024-01-08,1532.4633072261834,1288.686519192532,21.309426992303568,0.16784507595780324,7677.833333333333
2024-01-09,758.577300099351,646.0264500056711,79.98123184891797,0.6109237868109046,1057.4583333333323
2024-01-10,1641.4132673072334,1368.7770569684608,32.77915744387377,0.34916297520155554,3920.166666666666
2024-01-11,2059.7784722931915,1850.7050068999336,34.700858763290114,0.3106708364503452,5957.125
2024-01-12,421.3023653324278,363.09894271319075,7.443929120414679,0.07135794224958639,5088.416666666665
2024-01-13,924.973987638267,703.4287799056614,10.72932772738712,0.10864673824147678,6474.458333333333
2024-01-14,1066.2501967269834,755.7128490842879,6.790516602100201,0.06910269664019128,10936.083333333334
2024-01-15,1661.8569919378194,1428.9877979954088,13.154873153244845,0.13086168572761003,10919.833333333334
2024-01-16,1192.5868494639026,871.5710116227469,5.9611972759687815,0.0662888262463952,13148.083333333334
2024-01-17,818.4070136559991,617.0849288503324,3.443179757411538,0.03585635774807021,17209.916666666668
2024-01-18,1307.9340951021052,1091.5381641685963,9.551915330280776,0.08540179735874172,12781.208333333334
2024-01-19,1375.1006442907808,1165.615970292439,9.703455222460374,0.09786457077323155,11910.5
2024-01-20,911.4228135805147,787.0285803992305,20.76037840432249,0.15176023529646554,5185.999999999999
2024-01-21,1252.6758425137753,997.4468281703697,19.023744573236183,0.1895190825294342,5263.041666666665
2024-01-22,793.1389968828453,676.7573791258037,8.003588162517989,0.07847372206021914,8624.0
2024-01-23,490.7916975041463,361.87779526164167,6.832507153688121,0.06910405777023498,5236.708333333333
2024-01-24,406.24126109750733,341.1914236461738,9.719254064170483,0.09452704313019641,3609.458333333332
2024-01-25,479.2410727102285,423.96114177846704,14.033040955375387,0.12441543352160281,3407.6249999999986
2024-01-26,778.8893978304063,660.2445786548783,36.45161260235473,0.32595280947657496,2025.5833333333328
2024-01-27,235.56226371588107,207.00195911930211,5.685825930871344,0.05511417687334856,3755.8749999999986
2024-01-28,511.76793887948617,426.07742945353175,6.351383303504416,0.06304436042547024,6758.375
2024-01-29,820.7586018137592,718.5535393562171,16.152873718533517,0.1306114662128567,5501.458333333333
2024-01-30,314.1258155938208,268.6702184624349,10.926221554427231,0.10083168213230043,2664.5416666666656
2024-01-31,339.60339061924407,278.88683766312937,10.743529982176465,0.10040779618525555,2777.5416666666656
2024-02-01,693.2454185459055,582.0464235891901,8.422793279567763,0.08900699717099345,6539.333333333333
2024-02-02,838.8226389205164,694.836451523006,9.893290595772914,0.08608605900702106,8071.416666666667
2024-02-03,600.2755257918145,426.6280115970105,20.78636739939832,0.14295388865476247,2984.3749999999995
2024-02-04,876.795323538949,747.7834416409027,100.64397130493401,0.6296019149016394,1187.7083333333323
2024-02-05,945.2907257788743,769.3312724581925,175.84777031393625,1.0407502685315733,739.2083333333322
2024-02-06,746.9394840870283,584.9686110140755,11.494382829189805,0.12181770322620944,4802.0
2024-02-07,962.2466657325699,776.0658724531535,6.508898247174912,0.06500939225466643,11937.75
2024-02-08,1127.2110624138345,857.0752376119294,6.331913302398023,0.06226481929165743,13765.0
2024-02-09,1380.3532532219622,1054.913847088814,9.714410897360105,0.07938397870450042,13288.75
2024-02-10,842.304669380808,749.6685938462615,4.66114864956333,0.04599464245394388,16299.041666666666
2024-02-11,1130.1996236219866,912.8995975094537,7.307174632064075,0.07202884606545573,12674.083333333334
2024-02-12,1386.9199189191654,1174.7700474287076,9.002888252737462,0.08782807602098663,13375.791666666666
2024-02-13,872.0489531727136,724.8667890243233,11.012165547727486,0.10640311521189784,6812.458333333333
2024-02-14,624.420840503715,517.9773867304131,8.201874533636785,0.07799640668606204,6641.041666666667
2024-02-15,746.8232937265178,564.2349436643229,6.245519583179257,0.055968285637649245,10081.333333333334
2024-02-16,1090.8011228624166,771.8210699260238,7.647262524316205,0.08046962651792305,9591.458333333334
2024-02-17,708.6368449531094,549.6543436187009,13.381999672290835,0.09694008895086204,5670.041666666667
2024-02-18,548.1073259060175,479.4880896092704,15.342410369903133,0.11908432915366554,4026.458333333332
2024-02-19,871.9796026335669,699.9716859546801,8.39829871620927,0.08022904629110389,8724.666666666666
2024-02-20,477.9898984168468,387.0479228415836,7.436663308223091,0.06620070230910638,5846.583333333333
2024-02-21,989.4146673457049,785.6175010055305,12.892418263464176,0.1308680896824008,6003.125
2024-02-22,756.2040030527422,542.8184359669685,3.504956464849517,0.0348282399396113,15585.583333333334
2024-02-23,1736.8540452342759,1326.17034081618,8.997445349399724,0.08355100823112992,15872.583333333334
2024-02-24,1144.7789165917202,843.2120848322908,6.452770572862737,0.0593188201201535,14214.916666666666
2024-02-25,1360.1286302067224,1229.0390451873343,8.666618775483649,0.08326822798808035,14760.0
2024-02-26,2042.2775755869686,1822.8544339636967,13.238411157197175,0.12091001061896121,15076.125
2024-02-27,1641.0199246591746,1387.9063080772758,10.913737018082493,0.10144617888715941,13681.208333333334
2024-02-28,1598.1438352057528,1243.3555477994187,13.492510073845724,0.11703225445580297,10624.041666666666
2024-02-29,2266.75690506101,1545.8974593107903,16.62415993285209,0.13438642652059973,11503.375
2024-03-01,2160.042334808833,1925.9861230129998,17.37184823883314,0.15810963136396317,12181.333333333334
2024-03-02,2168.106128458032,1825.7843972543876,15.121507688499342,0.1461889615721465,12489.208333333334
2024-03-03,2881.156785907923,2613.9976990744476,25.367829123154156,0.24145740072815916,10825.916666666666
2024-03-04,843.7966054203821,680.4914730365077,5.458616915928235,0.054450570956562264,12497.416666666666
2024-03-05,1281.7773639723105,1020.9103280653566,26.386059644072535,0.186591181901947,5471.375
2024-03-06,849.8010827363352,738.7580007833127,25.257129856834858,0.22524254298228685,3279.833333333332
2024-03-07,1406.6593746026515,1188.895099598915,10.380330458924336,0.10133564316286982,11732.25
2024-03-08,1584.3315262182336,1390.7119318867724,11.869975676785431,0.11434895015395687,12162.0
2024-03-09,1310.5755002150145,1198.478430484732,10.607885813790181,0.10242420539754149,11701.125
2024-03-10,4166.972324694651,3750.7427862261734,42.863589247019334,0.38101332376876157,9844.125
2024-03-11,2075.7463153576946,1872.0359208894279,21.46033442112345,0.2030664676318075,9218.833333333334
2024-03-12,493.8636459349306,385.0563345178962,10.353994096032142,0.10223978610202296,3766.2083333333335
2024-03-13,925.7857248525345,800.5815487398462,29.148945541523368,0.24721069907007265,3238.4583333333326
2024-03-14,854.9257538996923,742.0279442283017,11.898124561546702,0.11441705049717137,6485.291666666667
2024-03-15,1056.9245205723232,864.9884472880517,20.64396645926291,0.17360530800089238,4982.5
2024-03-16,520.8344327514683,447.7942240728693,11.301987506078486,0.11230653306428315,3987.2499999999986
2024-03-17,733.8205584106217,548.2658029816427,30.018911868671445,0.16275856897871535,3368.5833333333326
2024-03-18,795.641016024264,691.3583481547736,62.4718630983343,0.46862485792265873,1475.2916666666658
2024-03-19,725.2543695857321,657.5667844212927,46.051600432207465,0.3537444874279058,1858.8749999999993
2024-03-20,761.1648824408556,632.2271072355414,12.867119809448452,0.11960124043906267,5286.125
2024-03-21,892.8430999926728,641.4062763974072,9.683865841533374,0.08487203726789015,7557.333333333333
2024-03-22,996.4628887829288,773.0294576231396,14.821174113553418,0.13737454446922934,5627.166666666667
2024-03-23,1678.4782675769827,1329.9151523001494,17.00011104287487,0.13624202281061398,9761.416666666666
2024-03-24,770.8960091607446,669.4491463663676,9.263874820383492,0.0892628615990006,7499.75
2024-03-25,760.2466020438308,647.9974989655121,8.854826559839273,0.08110952317318067,7989.166666666667
2024-03-26,1925.2912516035367,1610.6691949690382,14.921553074331161,0.14984188897414405,10749.125
2024-03-27,1210.2864593081028,964.4143693124255,7.421753105061914,0.07112965339128502,13558.541666666666
2024-03-28,1346.410962206649,1166.6370786204936,10.821574517521466,0.09878034886054372,11810.416666666666
2024-03-29,975.2620155818187,812.951704281072,10.900295647877133,0.0981845493085071,8279.833333333334
2024-03-30,981.9181069406217,800.3587194606665,10.85572412776483,0.1050546327171506,7618.5
2024-03-31,1662.2238307268544,1409.6587835599983,16.552076762793664,0.14974465897333725,9413.75
2024-04-01,3470.7199956132613,2612.291271723807,40.360769426850624,0.3043135918865933,8584.208333333334
2024-04-02,859.1215595702581,783.2513832462333,9.634450906885057,0.09435200592093253,8301.375
2024-04-03,890.9996156642359,733.4441502826917,12.312338313771326,0.10242798889945144,7160.583333333333
2024-04-04,991.0225045411867,874.9412585583832,22.072382860149865,0.15228508377508415,5745.416666666667
2024-04-05,2456.0905796733746,2065.5293723978107,35.44705189988107,0.271281937948596,7613.958333333333
2024-04-06,3582.6674305267074,3166.2577760952213,50.01023003397659,0.44153643503746826,7171.0
2024-04-07,676.3153509291589,544.2682972249269,22.03786201600958,0.15135907034409374,3595.8749999999986
2024-04-08,2044.184938758681,1837.8433913849296,24.688454131091728,0.22785418707295554,8065.875
2024-04-09,1816.999215598291,1548.5288774631924,37.98904835297845,0.2733964487413662,5664.041666666667
2024-04-10,1418.9287539871964,1234.4924129943056,26.484842673107007,0.21216829992746714,5818.458333333333
2024-04-11,565.145569905445,404.82418373102956,8.735939751257998,0.07912839848227085,5116.041666666667
2024-04-12,455.8454951553807,382.31363341926317,18.596639741627115,0.1652593061866665,2313.4166666666656
2024-04-13,630.1094214332395,537.7389408405878,38.16863745691436,0.2926072319673409,1837.7499999999993
2024-04-14,655.5020725059143,520.1954705263494,39.4498468560946,0.2596001681444312,2003.8333333333323
2024-04-15,911.3433399230506,811.6222828663889,15.026220977013734,0.13996906417827684,5798.583333333333
2024-04-16,1054.330591160854,913.1150553748017,12.169618039038802,0.11471174572210383,7960.083333333333
2024-04-17,860.1690567586778,767.4227261605369,9.7571572782655,0.09239748678430061,8305.666666666666
2024-04-18,1182.9812805174881,868.5685325426363,8.800898513834763,0.09836980986670062,8829.625
2024-04-19,728.5531619935108,624.5618716248615,14.219848476329252,0.12156724883683202,5137.583333333333
2024-04-20,765.0633337485956,647.5345270944141,8.373860920785187,0.08074835627313716,8019.166666666667
2024-04-21,1168.5436739888669,1007.3517581441753,14.233640376135085,0.12993057629488516,7753.0
2024-04-22,1187.5393570203348,956.4900426641111,9.636138664821926,0.09371917034109874,10205.916666666666
2024-04-23,1494.7811958812442,1157.5821999783313,11.117402883526841,0.12239131954087819,9458.041666666666
2024-04-24,1108.4629298570037,892.2339741252359,11.152635278508987,0.11604094278169821,7688.958333333333
2024-04-25,709.3786756331214,599.4202689037974,19.000984611830273,0.15791879569146514,3795.7499999999986
2024-04-26,932.2214447959577,811.0268990146,23.11573911896769,0.17326086691820708,4680.958333333333
2024-04-27,884.1140693278338,693.137481487046,10.791064549434413,0.08413138903388434,8238.75
2024-04-28,827.2171113191948,750.0913293878551,61.82735602146917,0.34144207376363556,2196.8333333333326
2024-04-29,535.8937814301061,463.83813723518233,15.844026495976413,0.1406582425516923,3297.6249999999986
2024-04-30,997.3529147100965,830.6416757553816,11.348421269359726,0.10815001391807974,7680.458333333333
2024-05-01,1918.9949954203516,1489.1783634920914,18.43216723761931,0.15552235222480354,9575.333333333334
2024-05-02,909.1601491140751,737.9108650137986,8.631741359669297,0.08085549880332298,9126.291666666666
2024-05-03,646.5300885796629,554.3941217611232,7.9234700359542,0.07720649730998747,7180.666666666667
2024-05-04,996.0826200281526,757.5343008910617,9.016921097933366,0.09728816551644172,7786.5
2024-05-05,667.7624683213168,527.466081383328,8.817481593234044,0.08145512892258014,6475.541666666667
2024-05-06,890.0266017455336,779.3071450746305,14.296965862757972,0.1374166756926031,5671.125
2024-05-07,1160.9490147448755,842.3513641605776,14.076515372349888,0.11544397088313209,7296.625
2024-05-08,456.8147608404294,353.96109896463645,5.232300481840419,0.05084947818446267,6960.958333333333
2024-05-09,300.91815532798125,218.4818278631816,5.631254209934325,0.05713001173796061,3824.291666666666
2024-05-10,700.3990620006465,569.7559717396897,16.139266092714863,0.12653042767387643,4502.916666666665
2024-05-11,645.4957985988619,500.2452717631436,12.379305031262449,0.11471322873650228,4360.833333333333
2024-05-12,1112.9367725486857,963.9818709779844,133.03526680767354,0.5358679967251309,1798.916666666666
2024-05-13,615.2705574757748,516.2526339689892,7.969478974950832,0.07760960633772916,6651.916666666667
2024-05-14,1132.3982696784901,1012.6146316938097,11.318015213318143,0.11324990986669448,8941.416666666666
2024-05-15,893.3085830890103,667.4385481495411,10.292861753062992,0.10220393638231169,6530.458333333333
2024-05-16,1036.8705952388116,792.5485557988283,16.93460642960232,0.13167901458634124,6018.791666666667
2024-05-17,552.250816817433,456.0243710086991,13.946395075687198,0.11507291453524374,3962.9166666666656
2024-05-18,504.8072935932586,396.61707705693925,15.031733877350753,0.1459872988338397,2716.7916666666656
2024-05-19,1029.9134492045741,886.0478227934809,42.16278820101568,0.35897209166981586,2468.2916666666656
2024-05-20,758.6244385674565,619.2579135609174,21.629101195045607,0.1720101144790549,3600.1249999999986
2024-05-21,654.6036967245358,549.9861737949159,16.3551065393616,0.12011600739091646,4578.791666666665
2024-05-22,724.7518582801838,518.0268663931639,12.30310431668284,0.11570524974787587,4477.124999999999
2024-05-23,627.5151626324855,510.54820550574595,11.857300669781734,0.1138705734755033,4483.583333333333
2024-05-24,751.1788183922674,617.0516956597572,28.129390849754476,0.19334474432004575,3191.4583333333326
2024-05-25,537.4641889154265,416.1707094488664,10.83570081897226,0.10742777116638375,3873.9583333333326
2024-05-26,1221.095181321501,1122.9233380037674,71.84853176860112,0.3346931286363701,3355.0833333333326
2024-05-27,668.8361221139511,585.7975295707585,11.366860868271594,0.11156985610116914,5250.5
2024-05-28,453.27167314740484,363.656760250529,11.973894625206517,0.09133853364401881,3981.4166666666656
2024-05-29,547.5575884903683,483.7781182524447,13.098317520918238,0.11409300678347607,4240.208333333332
2024-05-30,916.0556239346593,681.1637202395748,10.264909484874597,0.08786469425470037,7752.416666666667
2024-05-31,1343.6110384677675,1088.8057616576555,11.763152624374932,0.09672111942563413,11257.166666666666
2024-06-01,1570.462447374964,1296.8991095808644,14.421411683175874,0.12158239178693601,10666.833333333334
2024-06-02,2877.74674928186,2411.525901077936,38.54044949563782,0.2625290151392545,9185.75
2024-06-03,664.4502394990121,602.097573508819,8.870767402282665,0.0812300682556024,7412.25
2024-06-04,1007.6985420386751,867.0652075714128,64.77059442700573,0.35637088303668274,2433.0416666666656
2024-06-05,535.7365084551011,437.4010163471107,17.11732171145688,0.13859530767205386,3155.958333333332
2024-06-06,683.6017744135378,588.999807388832,8.55158633106663,0.08642327226920961,6815.291666666667
2024-06-07,930.9850525602819,710.4882034733895,7.941720684830337,0.08498578005263946,8360.083333333334
2024-06-08,1403.5407194862305,1011.3529523089528,16.174079535207234,0.14506876678360964,6971.541666666667
2024-06-09,1175.8269655548652,1057.6499250009658,11.52970319019903,0.1084847967477105,9749.291666666666
2024-06-10,538.9823610540008,475.6630164235828,5.352802654849281,0.053108135585382084,8956.5
2024-06-11,731.5093092550186,623.0131567145385,9.063729152276167,0.08606590510089357,7238.791666666667
2024-06-12,565.9312007850664,433.1134666937092,6.2877913317625005,0.059748029608768266,7249.0
2024-06-13,621.8364140442671,553.7392000081018,16.08675380203654,0.13536787162664235,4090.625
2024-06-14,966.0983734550395,624.5606944343698,10.126272475025788,0.09497818187901026,6575.833333333333
2024-06-15,990.0765323479878,824.7243853149317,19.456305201548464,0.15927341613814586,5178.041666666666
2024-06-16,966.9183076739379,723.8302612765696,25.148421230432312,0.18730243526698595,3864.4999999999995
2024-06-17,993.0604931563328,684.602237634982,11.312279190382423,0.1200573870180716,5702.291666666667
2024-06-18,479.43404477252125,398.6236538197849,7.766985098373243,0.07243751658138241,5503.0
2024-06-19,674.4850386485107,598.2285424477114,15.677168622186114,0.14615447666552014,4093.1249999999986
2024-06-20,832.644998521776,640.3058555033059,11.346953266549754,0.11604473841461849,5517.75
2024-06-21,560.6807677454478,471.6973183422042,17.383009427427407,0.16197238115870785,2912.208333333332
2024-06-22,609.4505822423329,532.432765633799,12.829379718281755,0.11626544598998068,4579.458333333333
2024-06-23,1396.8979695399028,1243.9571015710635,27.639320188504442,0.20104898739952826,6187.333333333333
2024-06-24,879.0643312182696,716.5927951155855,15.833821047212687,0.14803087518696256,4840.833333333333
2024-06-25,311.9664413847743,262.40671851672266,6.700480493923576,0.06387246567275942,4108.291666666665
2024-06-26,788.5024588063654,698.7766244684659,14.684784328844072,0.14022859637842466,4983.124999999999
2024-06-27,860.1711309860895,723.4966754621519,19.45894134014199,0.1287723425045691,5618.416666666667
2024-06-28,906.7200145856361,655.6116659492255,7.482936358630335,0.0845900510225269,7750.458333333333
2024-06-29,1026.8103353044457,895.8267602889487,18.476385492206884,0.1463300975547234,6121.958333333333
2024-06-30,989.0912940753118,925.6696083564317,59.36219673959076,0.33812870938068706,2737.6249999999986
2024-07-01,1390.4530670459483,1308.0544977958004,17.234340240516456,0.17091769670884543,7653.125
2024-07-02,960.6533078130126,869.5900457700103,12.819317577560307,0.12144546980800217,7160.333333333333
2024-07-03,536.173145197991,436.14564279715256,8.038244841715407,0.07610731317840481,5730.666666666667
2024-07-04,910.8679710384033,687.3283229631687,12.387216164436314,0.11537678003236257,5957.25
2024-07-05,614.1403768925055,510.2882522425304,8.736604078567769,0.08330896733345111,6125.25
2024-07-06,1191.287683061429,935.5207048455877,16.238814729371732,0.14086073536129393,6641.458333333333
2024-07-07,942.8172535464637,814.0418850220744,46.38666448655124,0.23481130770398081,3466.7916666666665
2024-07-08,379.84060847044753,330.088151018446,6.56054646957067,0.05749329150504286,5741.333333333333
2024-07-09,835.644529166882,692.4082918856301,14.322603232118228,0.1305435242159837,5304.041666666666
2024-07-10,1422.231575856837,957.4531104623657,43.22015400160531,0.3451421587132893,2774.083333333332
2024-07-11,753.9793286160275,666.416002263315,13.306956987293784,0.11878190903430222,5610.416666666667
2024-07-12,662.1567011126834,562.3085468759145,8.009799216763087,0.07307532636950877,7694.916666666667
2024-07-13,1138.7590586206536,939.418037642415,22.530891936903938,0.17931960215948567,5238.791666666666
2024-07-14,805.4630707893846,612.4596759167811,15.342968826558154,0.13811115596959547,4434.541666666667
2024-07-15,790.993393468752,606.4720311524969,7.9584092635111725,0.07565296963473385,8016.5
2024-07-16,780.3472138556868,696.1204091254631,31.681633896001564,0.1720036838381467,4047.1249999999995
2024-07-17,839.2263746163694,718.1615580419702,19.1345549242003,0.17189294401055,4177.958333333332
2024-07-18,619.3054661351161,483.0831961967053,16.96674853344411,0.15538009709572626,3109.041666666666
2024-07-19,919.6276192318419,759.0152301518252,50.646584195839104,0.30625519941315194,2478.3749999999986
2024-07-20,752.4934897974579,627.249367294833,10.372192568838102,0.09059060762626261,6924.0
2024-07-21,1238.1939128961585,1039.3214223720136,17.393650120562597,0.14108914405207293,7366.416666666667
2024-07-22,444.1133855629418,339.08744461275666,5.097453056882106,0.05171775254496132,6556.5
2024-07-23,725.7295598737239,631.8815201961753,16.104119878608998,0.11892468166982187,5313.291666666666
2024-07-24,488.52384842350955,348.09214065410225,12.296650310527902,0.06333218135089932,5496.291666666667
2024-07-25,320.7417060920796,254.6584151176114,4.060243764504796,0.042245629535634,6028.041666666667
2024-07-26,620.021131386099,551.2114617420989,17.011459446698666,0.1319240020607132,4178.249999999999
2024-07-27,596.2495399693449,537.4725883913544,16.247571181375804,0.11315609423731324,4749.833333333333
2024-07-28,755.2953209009739,603.7839091823747,9.800377892603558,0.09347042732184983,6459.625
2024-07-29,1193.6719684695558,892.739655847351,15.886821052181935,0.16443022598397652,5429.291666666667
2024-07-30,1072.5559847574086,960.0305754176037,14.942592711460453,0.14720444286738976,6521.75
2024-07-31,1027.6040425727758,858.1716314277928,33.56456750811912,0.27227697038406734,3151.833333333332
2024-08-01,609.8570569386986,505.97431764472276,17.175124617701222,0.10711473802927277,4723.666666666665
2024-08-02,1186.011551933142,1079.5549204039075,14.574526954377431,0.1389873029871957,7767.291666666667
2024-08-03,352.1110710242255,262.0574523061516,6.790104268992274,0.05091460117645949,5147.0
2024-08-04,550.9585821220883,482.34210519834136,23.052715206123374,0.13856257731084676,3481.041666666666
2024-08-05,862.5445440397115,748.3633015787542,61.73968696326663,0.2430309897034946,3079.291666666666
2024-08-06,830.5009587907789,685.5918007927635,31.331446484040853,0.15469565378943853,4431.874999999999
2024-08-07,534.680344614432,440.5627187409752,10.907006238532306,0.07389357295713887,5962.125
2024-08-08,627.6434598826506,592.7950965585195,14.884298563186215,0.12436913050002281,4766.416666666666
2024-08-09,826.4612387382473,734.1537900005166,21.57700455741625,0.16956195043876043,4329.708333333332
2024-08-10,517.4182085341654,432.91570780860906,7.828219257257962,0.0777663783955707,5566.875
2024-08-11,781.9830310492039,616.444296608369,12.764950704466557,0.1115332542965145,5527.0
2024-08-12,1085.7904197665491,971.2990376787885,51.35394387351448,0.26217667519174365,3704.7499999999986
2024-08-13,1437.4369181957843,1170.6131151656928,27.956687642958087,0.27485633127279563,4258.999999999999
2024-08-14,864.9280014519022,818.1416984380539,14.203685574358682,0.12235495460201506,6686.625
2024-08-15,885.2621706656107,787.7788476267211,16.966528075664545,0.12972090607776385,6072.875
2024-08-16,426.47933613364415,378.46502180832186,8.960009916439077,0.08383166148027471,4514.583333333333
2024-08-17,539.5188785071451,474.9811884568384,14.105040712857011,0.1076221041934744,4413.416666666665
2024-08-18,861.3788962445824,768.5960378758615,14.737377054952717,0.12917580466330852,5950.0
2024-08-19,534.5497269324471,471.31539542662625,12.152359547282664,0.09209350947290733,5117.791666666665
2024-08-20,767.7492393276381,600.0913896374409,20.790381438527287,0.11178442357217731,5368.291666666667
2024-08-21,1039.7509103168054,883.2220538134376,20.113583985563466,0.138845922447338,6361.166666666667
2024-08-22,680.5156094240193,539.6349641704,34.86044778825721,0.2088673719914976,2583.6249999999986
2024-08-23,747.5375641945949,595.4242030309207,25.946427925579258,0.18903355823330992,3149.833333333332
2024-08-24,1171.8941802923205,976.0212629412613,15.093924566688594,0.13847792469284037,7048.208333333333
2024-08-25,890.5172779534926,754.7627982230238,12.727234453814082,0.09513467023307619,7933.625
2024-08-26,1036.3335764824292,900.1439391101406,27.32438729713287,0.19487677398780717,4619.041666666665
2024-08-27,832.0983171773115,648.8192638896102,32.92951569285358,0.3161566265153979,2052.2083333333326
2024-08-28,516.9473757756059,414.9246269147846,15.257891527076495,0.09150898755544482,4534.249999999999
2024-08-29,912.491447503818,739.2852935890355,13.743741341130514,0.12559529300716757,5886.25
2024-08-30,809.9489390929127,612.5970478182031,10.635164170445293,0.10847465374793216,5647.375
2024-08-31,482.6378290988595,396.8881293808419,9.37855371992103,0.08761972094191381,4529.666666666666
2024-09-01,820.220873293406,726.9303968735048,83.91528119924985,0.4642944835485699,1565.6666666666654
2024-09-02,855.8639262869975,667.3432744580015,21.848201229016425,0.17626023289821163,3786.1249999999986
2024-09-03,493.2005915064103,433.59058899184123,8.016089011811852,0.07113678962905653,6095.166666666667
2024-09-04,1080.0896293330406,842.1408668334288,11.177165234543248,0.11479369104515465,7336.125
2024-09-05,647.332739399282,532.1697465969875,12.271213032665788,0.12162026658231904,4375.666666666665
2024-09-06,1070.847030712829,742.7214938464268,15.370437560410455,0.13431274421949843,5529.791666666667
2024-09-07,418.9173814110294,337.6484707829857,10.835825174062037,0.0973751898156051,3467.4999999999986
2024-09-08,803.0483723519859,673.2597408620644,17.823734831106762,0.16476392924099578,4086.2083333333326
2024-09-09,651.0595334563366,489.94803168376285,8.750537452072866,0.09103738470646164,5381.833333333333
2024-09-10,768.9249074418601,602.0610063622398,9.352231500513986,0.09698733513465334,6207.625
2024-09-11,1052.4756736959068,657.7132965121422,10.562963429890491,0.10206467892926237,6444.083333333333
2024-09-12,1088.077285710861,923.7712381867071,11.141491965954302,0.11665251143705703,7919.0
2024-09-13,1246.341613822787,1072.683296994617,11.322715718076026,0.10328621571412155,10385.541666666666
2024-09-14,479.9954590583025,395.22971533611445,6.635509136233614,0.06205156946702979,6369.375
2024-09-15,1120.193236536506,948.9214055047684,13.284673377384912,0.12435832825940622,7630.541666666667
2024-09-16,859.5739531849597,667.7271196208895,6.883957671763648,0.062498833398598255,10683.833333333334
2024-09-17,1081.180401177952,929.2827118026713,9.264536006562036,0.08566396678807221,10848.0
2024-09-18,1063.1929693255845,820.039116980508,13.387957593963876,0.12223654129695301,6708.625
2024-09-19,724.0211268330625,620.6058161004138,16.463562065549656,0.15857400969470398,3913.6666666666665
2024-09-20,441.9989749593975,372.37523558673774,11.334481030818418,0.10220261712214497,3643.4999999999995
2024-09-21,667.1544206479964,523.6399368469916,15.698545643766401,0.13022899505919366,4020.9166666666656
2024-09-22,969.7321410122374,818.599925093043,48.84399501490228,0.38576810777911175,2121.9999999999995
2024-09-23,603.8089605092177,527.9184193974368,19.463269262152348,0.15226951809782738,3466.9999999999986
2024-09-24,705.7208795796779,624.960140690208,13.84924151902747,0.12874494320676996,4854.25
2024-09-25,571.2481088992744,444.72987683117384,3.848800683042381,0.03868057201935145,11497.5
2024-09-26,1695.571244169547,1349.3709820906322,9.65833142637638,0.09348396917035164,14434.25
2024-09-27,1349.2618870987137,1143.6074004595482,13.300003297451694,0.11582300547853908,9873.75
2024-09-28,464.65989880187084,386.98363869451015,9.570254582850032,0.07837444897418003,4937.625
2024-09-29,913.25912511857,789.3392699516065,13.64366991258569,0.14046328270742303,5619.541666666667
2024-09-30,486.82548045530484,415.1303159675255,15.420970110539608,0.14007321420339192,2963.6666666666656
2024-10-01,541.6191112226451,415.1846271430454,8.13913876724393,0.07550527430189409,5498.75
2024-10-02,2119.907391346632,1811.8466092124575,17.226311783131766,0.18199682171997142,9955.375
2024-10-03,805.5380307759325,632.0673648056887,7.366612535681583,0.07234271739655161,8737.125
2024-10-04,993.137940053247,808.6981017595773,15.734291837437894,0.16324556061594847,4953.875
2024-10-05,781.695179022915,523.3179727308453,8.512789551497386,0.0777955906919625,6726.833333333333
2024-10-06,1111.2627289043648,803.7800162037212,10.003023854567276,0.0885785279099803,9074.208333333334
2024-10-07,567.0005661446243,436.47140049437667,3.5040971117067663,0.03604520608294091,12109.0
2024-10-08,1171.9918300389515,959.8276398554444,7.400520760083201,0.07095205981133902,13527.833333333334
2024-10-09,1066.788471972304,895.9073691070079,7.00231913665641,0.06498125326997521,13787.166666666666
2024-10-10,939.8254946143475,735.6029013643665,23.606760722694727,0.1297026016943903,5671.458333333333
2024-10-11,817.812171781937,705.2361294903485,18.80168216593939,0.11471917517293685,6147.5
2024-10-12,1182.8164779476583,1016.754318124304,17.874990710715196,0.1597351742609589,6365.25
2024-10-13,960.9585412721024,801.782352192638,31.331840589328646,0.26315987591022516,3046.7499999999986
2024-10-14,496.1171116795643,406.4911009479935,10.486191595193887,0.10501384736524774,3870.833333333332
2024-10-15,1067.824355155143,913.9136820870141,10.70307810655384,0.10953163198100183,8343.833333333334
2024-10-16,1263.9379352127955,1080.6795874287689,13.854374372890172,0.11477970179379084,9415.25
2024-10-17,1223.6402366890577,965.5538741685453,9.524326110868152,0.09195203848119453,10500.625
2024-10-18,570.3295209960047,417.9421426020562,4.255783748401548,0.04183465442196338,9990.333333333334
2024-10-19,723.8185616148925,615.3598090714465,8.913695633698755,0.0885914364631446,6946.041666666667
2024-10-20,924.4947084914468,734.4652290564651,16.925710836146646,0.1597155418654476,4598.583333333333
2024-10-21,795.7103609925558,654.3935206057507,25.71649928455264,0.18532809980753973,3530.9999999999995
2024-10-22,829.7473261029198,705.6340737740203,10.637388417837464,0.10255998648366418,6880.208333333333
2024-10-23,760.3585293826002,656.4122998192912,14.051379583584717,0.13692847749171425,4793.833333333332
2024-10-24,594.0127692026098,486.0769302460058,6.757712967215493,0.06614566483515329,7348.583333333333
2024-10-25,1046.4153996781479,727.1150902075075,14.43793797177423,0.12239020193180684,5940.958333333333
2024-10-26,1887.7146463353793,1649.6858517751105,34.52516407675592,0.2906722005405368,5675.416666666667
2024-10-27,729.9576429824125,629.1168844740223,19.77237377556319,0.15839292130684615,3971.8749999999986
2024-10-28,444.87529477959833,328.4753260413807,3.8586761837931256,0.03943912503024993,8328.666666666666
2024-10-29,507.28394720873,411.38375476251,3.584981968928614,0.03715686280293875,11071.541666666666
2024-10-30,1204.4202749744127,954.5187117084864,9.588630946947092,0.09575549587945754,9968.291666666666
2024-10-31,582.8274546199167,483.37403814184154,10.747588609425407,0.09278851529423697,5209.416666666667
2024-11-01,721.7897624625522,580.3832748945182,18.798272583408725,0.18010109247547892,3222.5416666666656
2024-11-02,397.74636564693475,328.4330360582099,14.802108247903014,0.13654603326207732,2405.2916666666656
2024-11-03,850.5419502023798,716.3157854384432,13.542133706303671,0.1390938198110341,5149.875
2024-11-04,629.1647379677552,577.7867800754813,13.01455873748059,0.12396973563421401,4660.708333333333
2024-11-05,739.9238675979345,630.6094148036406,83.23992967509639,0.40347167352520746,1562.9583333333328
2024-11-06,392.2504988883017,296.22933997081935,12.19489901682362,0.12833039993176423,2308.333333333332
2024-11-07,588.4772541498252,504.29017871618345,15.720759742259299,0.14479135156196887,3482.8749999999986
2024-11-08,699.0242013480586,546.5783228334044,17.42954389094232,0.14738859513791133,3708.4166666666656
2024-11-09,632.5007536828452,569.1981399133796,10.392863602528317,0.10077424685745236,5648.25
2024-11-10,529.2709609134914,405.4338531562439,6.232247293029406,0.0596383389883274,6798.208333333333
2024-11-11,650.11225390023,551.4734615435203,5.768364127407766,0.05420663516779034,10173.541666666666
2024-11-12,1089.0795118928759,978.3157088644799,8.278051140006067,0.08055296078912531,12145.0
2024-11-13,614.5480057301597,503.00507991512626,5.023519680908097,0.048209039170670785,10433.833333333334
2024-11-14,1378.447860620759,1282.956670089315,17.583921799278766,0.1684434650355362,7616.541666666667
2024-11-15,1118.0356473708678,921.7281887543703,17.716182247610433,0.1591702153279954,5790.833333333333
2024-11-16,423.5519131506086,361.60132779336203,9.09692561745045,0.08109471354838918,4458.999999999999
2024-11-17,630.3830742573775,520.2434489994006,22.22127915732804,0.21783078509320955,2388.291666666666
2024-11-18,902.6213075760832,754.6038209721451,58.98539061238183,0.4495257072215764,1678.666666666666
2024-11-19,617.7667896281961,543.7104819547388,12.981990838779806,0.08566866836172324,6346.666666666667
2024-11-20,725.2046907772723,570.1309282978374,4.1700386219988514,0.04060725444091346,14040.125
2024-11-21,1148.0294503234575,978.2287254159651,5.3423530809404225,0.05375683059221953,18197.291666666668
2024-11-22,657.6876868690504,560.9237047974019,6.464445016406149,0.05387388863525999,10411.791666666666
2024-11-23,649.5678658010927,524.754594718417,4.978839064787479,0.05227767559395015,10037.833333333334
2024-11-24,1433.046497671477,1135.330116050939,7.681238864756866,0.08294523000633734,13687.708333333334
2024-11-25,1393.472759085996,1050.5836757197976,8.351141528094848,0.08820157630500197,11911.166666666666
2024-11-26,255.45089837512748,216.21964843074497,6.097022410489982,0.05309043584326107,4072.6666666666656
2024-11-27,470.24258102933794,393.10049569234224,12.423343305574825,0.11920263681999534,3297.75
2024-11-28,449.9894371408804,378.77119780828474,9.209424773819396,0.09645920868703779,3926.7499999999986
2024-11-29,675.1627252365578,556.3952175291876,8.848640147628158,0.09327665003116696,5965.0
2024-11-30,464.36261010660223,378.01784803532064,9.026496553111755,0.08721392310266342,4334.374999999999
2024-12-01,680.9729882833944,546.5071719664464,15.179711972567574,0.15584990462641332,3506.6249999999995
2024-12-02,1323.432352729709,1061.6078319707888,37.465132112044984,0.3583687965384563,2962.333333333332
2024-12-03,1164.7046647565119,1004.0410810721415,27.064449313535782,0.18042608300189564,5564.833333333332
2024-12-04,1349.449448688272,1181.1161279628675,13.37980942921216,0.12139119832557696,9729.833333333334
2024-12-05,415.4097100141671,312.47114581366367,3.8078146756056106,0.03916189717009866,7978.958333333333
2024-12-06,959.2984657859456,783.8087783654533,7.6124361053306275,0.08042398207308459,9745.958333333334
2024-12-07,1798.586754941434,1281.547487637649,9.554220344926689,0.0928209189433724,13806.666666666666
2024-12-08,3370.2167707879235,2452.574873417616,20.01991571506352,0.16660948155640137,14720.5
2024-12-09,2084.683211729517,1622.996757959326,11.450362935936052,0.11357271994931926,14290.375
2024-12-10,1225.365545951341,1054.7441319779807,21.00094464999783,0.15551632742370752,6782.208333333333
2024-12-11,1617.3883041074107,1368.1255362362917,86.87850450934359,0.7304298456641536,1873.041666666666
2024-12-12,672.9879955635902,610.2766521144663,26.121681639254852,0.24052286140035548,2537.291666666666
2024-12-13,519.5866137121621,471.0175037079808,46.11424056619305,0.3782640147202011,1245.2083333333323
2024-12-14,970.2647832349563,782.7167161333681,16.3434541854434,0.16907610983432797,4629.374999999999
2024-12-15,842.5012303844292,638.7448664183418,6.888006298419653,0.07128484309456531,8960.458333333334
2024-12-16,626.248663525242,535.5234252338604,8.778095705300164,0.0885461498955401,6047.958333333333
2024-12-17,674.6285561319534,644.8554748930032,9.795362131891794,0.09732626948751547,6625.708333333333
2024-12-18,599.973348568234,466.83733892068284,5.587876680883491,0.05414411631315235,8622.125
2024-12-19,607.5945581903268,525.2546623945237,3.591854337242592,0.03602209397380817,14581.458333333334
2024-12-20,637.6747356924404,576.3395097516474,6.119376066726864,0.060884953815517305,9466.041666666666
2024-12-21,698.9526269208795,580.050707797209,7.969784267501801,0.08190589285602576,7081.916666666667
2024-12-22,834.4827246495311,626.8700443084039,5.4851567146881886,0.05667518425529269,11060.75
2024-12-23,758.7681739027507,625.4013002365828,4.612412014469877,0.044244222330811434,14135.208333333334
2024-12-24,1015.4187056047549,886.7486728206277,7.512651663046581,0.07685684622053311,11537.666666666666
2024-12-25,595.3795437579356,467.3016777109974,14.031257205764488,0.10655506505759094,4385.541666666665
2024-12-26,207.25385211719833,183.02882638201154,7.779432993175315,0.07339379177301678,2493.791666666666
2024-12-27,379.83813512433454,320.3440618390834,7.87053812247564,0.08116997278436965,3946.583333333332
2024-12-28,558.3763139379992,514.4159746160727,25.3910917317236,0.23736341655142043,2167.208333333332
2024-12-29,557.9763675308033,508.1074671812825,39.609060221530406,0.38338088541089177,1325.3333333333326
2024-12-30,648.3588191373964,548.0612418629854,48.94725592615926,0.3948805102141856,1387.916666666666
2024-12-31,554.7429103214982,479.8833692111466,41.87550812808777,0.3627693351505941,1322.8333333333323
