run_id,day_of_year,date_utc,SOC_end,S_H2_g_end,S_H2_ng_end,S_NH3_g_end,S_NH3_ng_end,S_MEOH_g_end,S_MEOH_ng_end,y_elz_prev_mod_end,y_nh3_end,y_meoh_end,y_crk_end,Q_nh3_end,Q_meoh_end,Q_crk_end
M2__S1__D1__start001__ndays366__20260325T173641Z,1,2024-01-01,0.15,2314.903749531595,4268.715842947309,14812.820800978137,9436.851200420391,2486.993117676304,7986.9476849501525,"[1, 1, 1, 1]",0,0,0,0.0,0.0,0.0
M2__S1__D1__start001__ndays366__20260325T173641Z,2,2024-01-02,0.15,2424.09169593555,4159.527907418514,8757.531875689114,15492.140126512613,3606.741409145858,6867.199393349692,"[1, 1, 1, 1]",0,0,0,0.0,0.0,0.0
M2__S1__D1__start001__ndays366__20260325T173641Z,3,2024-01-03,0.15,4029.9867341259865,2553.6330411802696,12258.567795241426,11991.104234057248,5118.617212598563,5355.323616058879,"[1, 1, 0, 0]",0,0,0,0.0,0.0,0.0
M2__S1__D1__start001__ndays366__20260325T173641Z,4,2024-01-04,0.15,3934.776160153101,2648.8434318675418,10089.380442727821,14160.291557297958,1347.079569105114,9126.861230911043,"[1, 1, 1, 1]",0,0,0,0.0,0.0,0.0
M2__S1__D1__start001__ndays366__20260325T173641Z,5,2024-01-05,0.26596485777570056,5229.9030885453085,1353.7169378104966,20448.020887679515,3801.6686457130604,7746.170653882259,2727.7701601573654,"[1, 1, 0, 0]",0,0,0,0.0,0.0,0.0
M2__S1__D1__start001__ndays366__20260325T173641Z,6,2024-01-06,0.18716999705683257,6130.921463928087,452.69813012208806,17581.81731097084,6667.854697396137,8025.157866683053,2448.7829333448026,"[1, 1, 1, 0]",1,0,0,8656.061291304648,0.0,0.0
M2__S1__D1__start001__ndays366__20260325T173641Z,7,2024-01-07,0.15,1213.4863359507312,5370.133256111525,15225.724266109066,9023.947734066614,3729.028964802438,6744.91183635246,"[0, 0, 0, 0]",0,0,0,0.0,0.0,0.0
M2__S1__D1__start001__ndays366__20260325T173641Z,8,2024-01-08,0.15,1002.9213617771331,5580.6982302714,6175.664739705309,18074.007260480055,6798.466098448719,3675.4747024065164,"[1, 1, 0, 0]",0,1,0,0.0,5818.855792172683,0.0
M2__S1__D1__start001__ndays366__20260325T173641Z,9,2024-01-09,0.15,4.087614098064829e-06,6583.619587908489,1017.8531645585183,23231.81883545583,6689.932433023506,3784.0083669773467,"[1, 1, 1, 1]",0,0,0,0.0,0.0,0.0
M2__S1__D1__start001__ndays366__20260325T173641Z,10,2024-01-10,0.15,1300.3243588960358,5283.295233175855,1087.6018532664234,23162.07014692756,1951.5199744142824,8522.42082571923,"[1, 1, 1, 1]",0,0,0,0.0,0.0,0.0
M2__S1__D1__start001__ndays366__20260325T173641Z,11,2024-01-11,0.15,1540.5134000234925,5043.106191988507,286.963052803248,23962.708947225317,4751.750406809287,5722.190393317413,"[1, 1, 1, 1]",0,0,0,0.0,0.0,0.0
M2__S1__D1__start001__ndays366__20260325T173641Z,12,2024-01-12,0.15,173.4874391590886,6410.132154420013,14600.826208418197,9648.845792034756,9256.736862145304,1217.2040199672215,"[1, 1, 1, 1]",0,1,0,0.0,5818.855905833081,0.0
M2__S1__D1__start001__ndays366__20260325T173641Z,13,2024-01-13,0.15,160.18975995288093,6423.429832106183,5622.063639462366,18627.60836083976,3930.539488692886,6543.401311649241,"[1, 0, 0, 0]",0,0,0,0.0,0.0,0.0
M2__S1__D1__start001__ndays366__20260325T173641Z,14,2024-01-14,0.15,4803.985278886209,1779.6343132578836,5539.504715340032,18710.167285075204,2746.1157435126793,7727.825056808306,"[1, 1, 1, 1]",0,0,0,0.0,0.0,0.0
M2__S1__D1__start001__ndays366__20260325T173641Z,15,2024-01-15,0.15,6583.617317037405,0.0022752178898257057,1806.7561391326662,22442.915861226953,5880.708619688594,4593.2321807805265,"[1, 1, 1, 1]",0,0,0,0.0,0.0,0.0
M2__S1__D1__start001__ndays366__20260325T173641Z,16,2024-01-16,0.15,4206.013825969359,2377.6057662724966,15059.127049511852,9190.544950749701,5818.8578785179725,4655.082921969891,"[1, 1, 1, 1]",0,1,0,0.0,5818.855970435889,0.0
M2__S1__D1__start001__ndays366__20260325T173641Z,17,2024-01-17,0.15020712493380015,6071.280623414862,512.338968886843,19603.245561552852,4646.426438460572,6379.585442740518,4094.3553567426475,"[1, 1, 1, 0]",0,1,0,0.0,1091.9941794326157,0.0
M2__S1__D1__start001__ndays366__20260325T173641Z,18,2024-01-18,0.15,5838.407569493412,745.212022548328,22171.075256623644,2078.5967435551775,3254.008292841417,7219.932507282192,"[0, 0, 0, 0]",0,0,0,0.0,0.0,0.0
M2__S1__D1__start001__ndays366__20260325T173641Z,19,2024-01-19,0.15,5164.821472429414,1418.798119570607,4075.817957466369,20173.85404253563,6575.358789353371,3898.58201069443,"[1, 1, 1, 1]",0,0,0,0.0,0.0,0.0
M2__S1__D1__start001__ndays366__20260325T173641Z,20,2024-01-20,0.15,701.7265193462085,5881.893072659907,584.8816211759058,23664.790378857033,8619.122450420446,1854.818349626363,"[1, 0, 0, 0]",0,0,0,0.0,0.0,0.0
M2__S1__D1__start001__ndays366__20260325T173641Z,21,2024-01-21,0.15,1033.5947842972896,5550.0248077125425,86.03233371505452,24163.639666307838,9999.978753115027,473.96204698160733,"[1, 0, 0, 0]",0,1,0,0.0,5569.686322568496,0.0
M2__S1__D1__start001__ndays366__20260325T173641Z,22,2024-01-22,0.15455268230799207,1073.3362498985678,5510.283342292164,5049.8214314110355,19199.850569653492,365.74701562379624,10108.193787628334,"[0, 0, 0, 0]",0,0,0,0.0,0.0,0.0
M2__S1__D1__start001__ndays366__20260325T173641Z,23,2024-01-23,0.15,1204.0668362680804,5379.5527558647955,0.0,24249.67200030333,4110.554124111759,6363.386676288118,"[0, 0, 0, 0]",0,0,0,0.0,0.0,0.0
M2__S1__D1__start001__ndays366__20260325T173641Z,24,2024-01-24,0.15,568.5678666744329,6015.05172558089,6641.9533122166085,17607.718688016565,1847.504612846206,8626.436187314996,"[1, 1, 1, 1]",0,0,0,0.0,0.0,0.0
M2__S1__D1__start001__ndays366__20260325T173641Z,25,2024-01-25,0.15,916.0823841115852,5667.537208118669,1156.359854103883,23093.312146120785,583.1875446721156,9890.753255446201,"[1, 1, 1, 0]",0,0,0,0.0,0.0,0.0
M2__S1__D1__start001__ndays366__20260325T173641Z,26,2024-01-26,0.15,491.6215425025945,6091.998049603405,153.02291826641394,24096.649082414362,7159.431058140325,3314.509745235504,"[1, 1, 1, 1]",0,1,0,0.0,5818.851560194678,0.0
M2__S1__D1__start001__ndays366__20260325T173641Z,27,2024-01-27,0.15,398.1594532646733,6185.460138875864,5094.089805257343,19921.604680527424,3907.2446675186916,6566.69613420625,"[0, 0, 0, 0]",0,0,0,0.0,0.0,0.0
M2__S1__D1__start001__ndays366__20260325T173641Z,28,2024-01-28,0.15,289.14613124850973,6294.473460775537,13741.523308151563,11808.690127670192,9060.500115079589,1413.4406849993431,"[1, 0, 0, 0]",0,1,0,0.0,5818.855969693025,0.0
M2__S1__D1__start001__ndays366__20260325T173641Z,29,2024-01-29,0.15,431.2855101613728,6152.33408185806,5242.919108786818,19006.752891318694,8926.121800294237,1547.8189998105722,"[1, 0, 0, 0]",0,1,0,0.0,5818.855911697561,0.0
M2__S1__D1__start001__ndays366__20260325T173641Z,30,2024-01-30,0.15,757.9451762256897,5825.674415833243,828.7999433804887,23420.872056942873,4062.658072627962,6411.282727582113,"[1, 1, 1, 0]",0,0,0,0.0,0.0,0.0
M2__S1__D1__start001__ndays366__20260325T173641Z,31,2024-01-31,0.15,574.0175928089674,6009.601999233665,4259.010167311354,19990.661832975147,8170.302263182828,2303.6385379398857,"[1, 1, 1, 1]",0,1,0,0.0,5818.8559424022715,0.0
M2__S1__D1__start001__ndays366__20260325T173641Z,32,2024-02-01,0.15,516.1515226658382,6067.468069572858,2294.46582929804,21955.206171070415,4523.910353880461,5950.030448464206,"[1, 1, 1, 1]",0,0,0,0.0,0.0,0.0
M2__S1__D1__start001__ndays366__20260325T173641Z,33,2024-02-02,0.15,860.418514675832,5723.201077376704,12613.929195713037,11635.742804641375,10473.8520341365,0.08876961275715711,"[1, 1, 1, 1]",0,1,0,0.0,4104.390543116625,0.0
M2__S1__D1__start001__ndays366__20260325T173641Z,34,2024-02-03,0.16226132534772447,1520.5920961366494,5063.02749623042,7557.214788288738,16692.45721241673,7596.837304070943,2877.1034999245885,"[0, 0, 0, 0]",0,0,0,0.0,0.0,0.0
M2__S1__D1__start001__ndays366__20260325T173641Z,35,2024-02-04,0.15,1809.9108007097925,4773.70879145941,6404.690617352702,17844.981383464583,3929.8389504558186,6544.101856137044,"[0, 0, 0, 0]",0,0,0,0.0,0.0,0.0
M2__S1__D1__start001__ndays366__20260325T173641Z,36,2024-02-05,0.15,554.8032858631683,6028.816306708575,911.9368587454552,23337.735142421992,3137.634258369801,7336.3065488078455,"[1, 0, 0, 0]",0,0,0,0.0,0.0,0.0
M2__S1__D1__start001__ndays366__20260325T173641Z,37,2024-02-06,0.15,3176.920185642671,3406.6994063712873,849.3290786750225,23400.342921244104,6464.430019002091,4009.5107814906805,"[1, 1, 1, 1]",0,1,0,0.0,3491.313565405072,0.0
M2__S1__D1__start001__ndays366__20260325T173641Z,38,2024-02-07,0.15,4105.256640158524,2478.3629520068253,12967.79487031473,11281.877130066858,5050.614089625827,5423.32671075324,"[1, 1, 1, 1]",0,0,0,0.0,0.0,0.0
M2__S1__D1__start001__ndays366__20260325T173641Z,39,2024-02-08,0.15,5717.3411776515795,866.2784144850282,6644.523347566976,17605.14865306018,4989.197844144368,5484.742956672937,"[1, 1, 1, 1]",0,1,0,0.0,5270.555853512665,0.0
M2__S1__D1__start001__ndays366__20260325T173641Z,40,2024-02-09,0.15,6583.429193823922,0.19039861606327002,12190.09316177426,12059.57883931988,6648.056778419957,3825.8840223844154,"[1, 1, 1, 1]",0,0,0,0.0,0.0,0.0
M2__S1__D1__start001__ndays366__20260325T173641Z,41,2024-02-10,0.1501915870974896,5071.889147769336,1511.7304476362035,23534.367237738486,715.3047619047619,8892.726157799118,1581.2146424088987,"[1, 0, 0, 0]",1,0,0,9084.75252263146,0.0,0.0
M2__S1__D1__start001__ndays366__20260325T173641Z,42,2024-02-11,0.15,3607.4655623649387,2976.1540315317848,9705.118885475775,14544.553114883107,4599.604503872698,5874.336296103977,"[1, 1, 0, 0]",0,0,0,0.0,0.0,0.0
M2__S1__D1__start001__ndays366__20260325T173641Z,43,2024-02-12,0.15000000037011446,4195.61312957984,2388.0064626714156,17694.192684290814,6555.479316988468,1181.833135429169,9292.10766527368,"[1, 1, 0, 0]",0,0,0,0.0,0.0,0.0
M2__S1__D1__start001__ndays366__20260325T173641Z,44,2024-02-13,0.15,2655.320533116652,3928.299059010927,12035.072153250583,12214.59984692626,8816.894065521428,1657.046744223481,"[1, 1, 0, 0]",0,1,0,0.0,5818.855653606819,0.0
M2__S1__D1__start001__ndays366__20260325T173641Z,45,2024-02-14,0.15,0.0003316882055514423,6583.6192604083435,23130.916274705975,1118.755725773774,8163.669709239808,2310.2710914240824,"[1, 1, 1, 1]",0,1,0,0.0,5818.852870881045,0.0
M2__S1__D1__start001__ndays366__20260325T173641Z,46,2024-02-15,0.15,3833.1276213286483,2750.491970976869,9510.30973380963,14739.362267690365,2501.953555338411,7971.987247346313,"[1, 1, 1, 1]",0,0,0,0.0,0.0,0.0
M2__S1__D1__start001__ndays366__20260325T173641Z,47,2024-02-16,0.15,1250.7778406567404,5332.841751410299,19331.202445432267,5271.629334276342,8526.07846389128,1947.8623374089425,"[1, 1, 0, 0]",0,0,0,0.0,0.0,0.0
M2__S1__D1__start001__ndays366__20260325T173641Z,48,2024-02-17,0.15,1851.1534979854614,4732.466094083172,15395.445853892503,8854.226146473877,4062.204807348129,6411.735992850745,"[0, 0, 0, 0]",0,0,0,0.0,0.0,0.0
M2__S1__D1__start001__ndays366__20260325T173641Z,49,2024-02-18,0.15,1052.2196684834546,5531.399923858408,9182.833542474295,15066.838459226998,109.16966231745965,10364.77113989868,"[1, 0, 0, 0]",0,0,0,0.0,0.0,0.0
M2__S1__D1__start001__ndays366__20260325T173641Z,50,2024-02-19,0.15,2087.0150379244633,4496.604554094322,5370.668524380608,18879.00347573313,7218.208124919502,3255.732676038462,"[1, 1, 0, 0]",0,0,0,0.0,0.0,0.0
M2__S1__D1__start001__ndays366__20260325T173641Z,51,2024-02-20,0.15,425.2534171060305,6158.366174998645,9072.220859983772,15177.451140737134,8435.864277351657,2038.0765262562809,"[0, 0, 0, 0]",0,0,0,0.0,0.0,0.0
M2__S1__D1__start001__ndays366__20260325T173641Z,52,2024-02-21,0.15,4132.317261118743,2451.302330896517,14738.60466464724,9511.067335497502,2256.1900870877275,8217.750713685089,"[1, 1, 1, 1]",0,1,0,0.0,5055.647851074896,0.0
M2__S1__D1__start001__ndays366__20260325T173641Z,53,2024-02-22,0.36183717397225595,5885.181005210898,698.4385987697299,18829.028170044865,5420.643844490461,6136.806285829767,4337.134514972408,"[1, 1, 0, 0]",0,1,0,0.0,1518.9758086061975,0.0
M2__S1__D1__start001__ndays366__20260325T173641Z,54,2024-02-23,0.15,4325.185869794296,2258.4337226497364,22668.480542913796,1581.191460235264,9046.940834176412,1426.9999660927285,"[1, 1, 0, 0]",0,0,0,0.0,0.0,0.0
M2__S1__D1__start001__ndays366__20260325T173641Z,55,2024-02-24,0.15179969062317414,5033.563124535092,1550.0564753432216,21922.29098880224,2327.3810138178883,8027.326952493691,2446.6138475191333,"[1, 1, 1, 0]",0,0,0,0.0,0.0,0.0
M2__S1__D1__start001__ndays366__20260325T173641Z,56,2024-02-25,0.4590828589069874,5868.097301266575,715.5222910985705,20077.60504845271,4172.0669523184315,7507.1051513791,2966.8356485126474,"[1, 0, 0, 0]",0,0,0,0.0,0.0,0.0
M2__S1__D1__start001__ndays366__20260325T173641Z,57,2024-02-26,0.15,6212.451769300354,371.167829262223,8411.236851737482,15838.435174209382,9720.395482051043,753.5453201690297,"[1, 1, 1, 0]",0,0,0,0.0,0.0,0.0
M2__S1__D1__start001__ndays366__20260325T173641Z,58,2024-02-27,0.15,3127.05646994791,3456.563124973736,18967.627957271583,5282.044047766589,5769.378330356074,4704.562470890007,"[1, 1, 0, 0]",0,0,0,0.0,0.0,0.0
M2__S1__D1__start001__ndays366__20260325T173641Z,59,2024-02-28,0.16320346654883974,2600.9080975325414,3982.711495509305,19463.362550584123,4786.309467804069,8539.241167963535,1934.6996361803467,"[0, 0, 0, 0]",0,0,0,0.0,0.0,0.0
M2__S1__D1__start001__ndays366__20260325T173641Z,60,2024-02-29,0.15,5427.40451713103,1156.2150753394692,23009.037166724636,1240.634835067978,8946.628086272332,1527.3127382389907,"[1, 1, 1, 0]",0,1,0,0.0,3491.3136424950926,0.0
M2__S1__D1__start001__ndays366__20260325T173641Z,61,2024-03-01,0.15,6089.257012585832,494.3625804009837,23204.551634029413,1100.7144765136422,7589.943737657284,2883.9970626642007,"[1, 1, 1, 0]",0,0,0,0.0,0.0,0.0
M2__S1__D1__start001__ndays366__20260325T173641Z,62,2024-03-02,0.15,4817.686889720654,1765.9327025012803,19559.511936162806,4690.160064493758,8425.427374164066,2048.5134291042277,"[1, 1, 1, 0]",0,0,0,0.0,0.0,0.0
M2__S1__D1__start001__ndays366__20260325T173641Z,63,2024-03-03,0.15000000861014662,3807.569361786416,2776.0502367837234,20546.391778851226,3703.2802435052895,8209.752662852945,2264.188137464504,"[1, 1, 0, 0]",0,0,0,0.0,0.0,0.0
M2__S1__D1__start001__ndays366__20260325T173641Z,64,2024-03-04,0.150000000186251,4035.044986665976,2548.574610767406,22871.2032103584,1378.468793109014,7741.45965943382,2732.48114194435,"[1, 1, 0, 0]",0,0,0,0.0,0.0,0.0
M2__S1__D1__start001__ndays366__20260325T173641Z,65,2024-03-05,0.15,745.324693632705,5838.294898569162,13993.468729540173,10256.203271236105,9720.144642858122,753.7961588186812,"[1, 0, 0, 0]",0,0,0,0.0,0.0,0.0
M2__S1__D1__start001__ndays366__20260325T173641Z,66,2024-03-06,0.15,412.4753463245482,6171.144246078546,5251.794995397454,18997.877004982714,9084.655453713931,1389.2853489224747,"[1, 1, 1, 1]",0,1,0,0.0,5818.855975962695,0.0
M2__S1__D1__start001__ndays366__20260325T173641Z,67,2024-03-07,0.15,4364.4639778262845,2219.1556168488382,13223.644705212717,11026.02729614934,1200.2718715950064,9273.668930681577,"[1, 1, 1, 1]",0,0,0,0.0,0.0,0.0
M2__S1__D1__start001__ndays366__20260325T173641Z,68,2024-03-08,0.41200562933479123,6583.619592,0.0,21704.755744335238,2544.9162556647634,10473.940799999998,0.0,"[1, 1, 0, 0]",0,0,0,0.0,0.0,0.0
M2__S1__D1__start001__ndays366__20260325T173641Z,69,2024-03-09,0.3375904691650788,6050.13869077216,533.4809092477806,21433.420797351882,2851.6725328922703,6188.047989166318,4285.89281083368,"[1, 1, 0, 0]",0,1,0,0.0,607.6709381879091,0.0
M2__S1__D1__start001__ndays366__20260325T173641Z,70,2024-03-10,0.5117852410514949,3414.47267468422,3169.1469173157802,21945.326204897327,2448.659898957328,4004.944252696252,6468.996547303746,"[1, 0, 0, 0]",0,0,0,0.0,0.0,0.0
M2__S1__D1__start001__ndays366__20260325T173641Z,71,2024-03-11,0.15080953203035147,4582.863273955515,2000.756318077917,14911.67456719795,9337.997433122577,9508.215504662836,965.7252953193228,"[1, 1, 1, 0]",0,0,0,0.0,0.0,0.0
M2__S1__D1__start001__ndays366__20260325T173641Z,72,2024-03-12,0.15,1388.1873610413033,5195.432231028217,11402.806607756722,12846.865392347987,0.012493172561241925,10473.928307567294,"[1, 1, 0, 0]",0,0,0,0.0,0.0,0.0
M2__S1__D1__start001__ndays366__20260325T173641Z,73,2024-03-13,0.15,558.0004607809373,6025.619131578122,17995.08154944971,6254.590452214427,8885.161824367045,1588.7789980071198,"[1, 0, 0, 0]",0,1,0,0.0007148490606863092,5818.855485155192,0.0
M2__S1__D1__start001__ndays366__20260325T173641Z,74,2024-03-14,0.15,4535.782489849737,2047.8371021568878,10391.92009285908,13857.751907173266,2432.0626389514573,8041.878161078166,"[1, 1, 1, 0]",0,0,0,0.0,0.0,0.0
M2__S1__D1__start001__ndays366__20260325T173641Z,75,2024-03-15,0.15,2324.405973657825,4259.213618375411,11686.746295229903,12562.925704922798,6872.674936401823,3601.2658640551845,"[1, 1, 0, 0]",0,1,0,0.0,5818.855931492538,0.0
M2__S1__D1__start001__ndays366__20260325T173641Z,76,2024-03-16,0.15,903.3299887321741,5680.289603737518,7044.359491123185,17205.312509882733,6064.993247621461,4408.947560096664,"[1, 1, 0, 0]",0,0,0,0.0,0.0,0.0
M2__S1__D1__start001__ndays366__20260325T173641Z,77,2024-03-17,0.15004634127898217,193.73654222532159,6389.883049915427,20379.911593703902,5822.020999809266,3129.575852633849,7344.364948248834,"[0, 0, 0, 0]",0,0,0,0.0,0.0,0.0
M2__S1__D1__start001__ndays366__20260325T173641Z,78,2024-03-18,0.15,752.3436161552297,5831.275976016469,16167.450023806796,9101.529015835838,5976.362979041522,4497.57783671916,"[0, 0, 0, 0]",0,0,0,0.0,0.0,0.0
M2__S1__D1__start001__ndays366__20260325T173641Z,79,2024-03-19,0.15,2536.7757247287223,4046.843867354206,8058.623262773612,16191.048738346548,8839.37540362201,1634.5653970136934,"[1, 0, 0, 0]",0,1,0,0.0,5818.855038784579,0.0
M2__S1__D1__start001__ndays366__20260325T173641Z,80,2024-03-20,0.15,4948.192282697035,1635.4273102126085,3339.4216356259003,21154.071967482654,5570.417529753168,4903.523271391019,"[1, 1, 1, 1]",0,0,0,0.0,0.0,0.0
M2__S1__D1__start001__ndays366__20260325T173641Z,81,2024-03-21,0.15,2945.568504100159,3638.051088039242,12785.656266916025,13219.421319414681,10473.93938135284,0.0014209224952250956,"[1, 1, 0, 0]",0,0,0,0.0,0.0,0.0
M2__S1__D1__start001__ndays366__20260325T173641Z,82,2024-03-22,0.15,509.1312539964368,6074.488338413298,18763.844634824232,5485.827367938128,9469.412539011675,1004.5282670828204,"[1, 1, 1, 1]",0,1,0,0.0,3491.312736158432,0.0
M2__S1__D1__start001__ndays366__20260325T173641Z,83,2024-03-23,0.15000000032614694,2743.262126301263,3840.3574670576304,26450.211092608584,2330.251394997162,7442.757462405032,3031.1833380380854,"[1, 1, 1, 0]",0,0,0,0.0,0.0,0.0
M2__S1__D1__start001__ndays366__20260325T173641Z,84,2024-03-24,0.15,1213.127986226747,5370.4916057732535,24249.672000000002,0.0,10473.940799999998,0.0,"[1, 0, 0, 0]",0,0,0,0.0,0.0,0.0
M2__S1__D1__start001__ndays366__20260325T173641Z,85,2024-03-25,0.15,5110.3550299799945,1473.2645621889342,16992.28673202759,7257.38526900433,593.6127974815922,9880.328003178543,"[1, 1, 1, 1]",0,0,0,0.0,0.0,0.0
M2__S1__D1__start001__ndays366__20260325T173641Z,86,2024-03-26,0.1500000135052116,4165.7458800685545,2417.8737154733894,23023.754645327615,1225.9173700765791,5372.18760909335,5101.753191407012,"[1, 1, 1, 1]",0,0,0,0.0,0.0,0.0
M2__S1__D1__start001__ndays366__20260325T173641Z,87,2024-03-27,0.1534601817075532,5360.939342324787,1222.680341548926,13604.05337372006,10645.618774953393,6866.004872191601,3607.935931037581,"[1, 1, 0, 0]",0,0,0,0.0,0.0,0.0
M2__S1__D1__start001__ndays366__20260325T173641Z,88,2024-03-28,0.45494983147070617,5800.67840039939,782.9411916245997,13502.064486714566,10747.607513449777,6634.2013422327245,3839.7394578084063,"[1, 1, 0, 0]",0,0,0,0.0,0.0,0.0
M2__S1__D1__start001__ndays366__20260325T173641Z,89,2024-03-29,0.1946450883681648,1824.852129496607,4758.767467026372,14272.473810521818,9977.1982115037,7069.402179953926,3404.5386280756034,"[0, 0, 0, 0]",0,1,0,0.0,5818.831901733675,0.0
M2__S1__D1__start001__ndays366__20260325T173641Z,90,2024-03-30,0.15,3977.9376629832223,2605.6819290745257,18992.17148259772,5257.500517583573,6401.586951040985,4072.353849268779,"[1, 1, 1, 1]",0,0,0,0.0,0.0,0.0
M2__S1__D1__start001__ndays366__20260325T173641Z,91,2024-03-31,0.23448714433960555,5275.358703835445,1308.2608899853392,22453.70139346408,1795.9706097444978,7262.7633012987235,3211.177498734724,"[1, 0, 0, 0]",0,0,0,0.0,0.0,0.0
M2__S1__D1__start001__ndays366__20260325T173641Z,92,2024-04-01,0.17476314140134416,5311.206212833139,1272.4135998772592,2220.7254108753314,22028.946646300654,1139.936222793744,9334.004582973916,"[1, 1, 1, 0]",0,0,0,0.0,0.0,0.0
M2__S1__D1__start001__ndays366__20260325T173641Z,93,2024-04-02,0.15,3528.9131215999,3054.7064721952365,9746.051262201076,14503.620744526721,4681.435614866475,5792.505191058645,"[1, 0, 0, 0]",0,0,0,0.0,0.0,0.0
M2__S1__D1__start001__ndays366__20260325T173641Z,94,2024-04-03,0.15,3688.8249410863286,2894.7946511562013,23323.67063343688,926.0013678886946,6015.281470942362,4458.6593290576175,"[1, 1, 1, 0]",0,0,0,0.0,0.0,0.0
M2__S1__D1__start001__ndays366__20260325T173641Z,95,2024-04-04,0.15,354.14093867651303,6229.478655925919,16229.35233400213,8020.319677837332,6221.309424288725,4252.631397895129,"[1, 1, 1, 0]",0,0,0,0.0,0.0,0.0
M2__S1__D1__start001__ndays366__20260325T173641Z,96,2024-04-05,0.15,2113.2352919473483,4470.384301683759,6111.130052209273,18138.541969244383,8102.603668979089,2371.337135440273,"[1, 1, 1, 0]",0,0,0,0.0,0.0,0.0
M2__S1__D1__start001__ndays366__20260325T173641Z,97,2024-04-06,0.15007072259338416,2615.5363622311393,3968.0832325306114,3833.168853882729,20416.50317034432,1203.5215205940904,9270.419279684495,"[0, 0, 0, 0]",0,0,0,0.0,0.0,0.0
M2__S1__D1__start001__ndays366__20260325T173641Z,98,2024-04-07,0.15000022166503982,2743.3424676255363,3840.2771259029314,1175.7333640420675,23073.93864077513,2266.12969521999,8207.811104864231,"[1, 1, 1, 0]",0,0,0,0.0,0.0,0.0
M2__S1__D1__start001__ndays366__20260325T173641Z,99,2024-04-08,0.16524098657797964,5010.889826498148,1572.7297755481916,10868.494674125688,19543.814012885236,4919.437857151066,5554.5029442656205,"[1, 1, 0, 0]",0,0,0,0.0,0.0,0.0
M2__S1__D1__start001__ndays366__20260325T173641Z,100,2024-04-09,0.21464113833009235,2513.563130688751,4070.0564811432887,6491.409083751181,17758.262946213134,3.460525774147129,10470.480275159389,"[0, 0, 0, 0]",0,0,0,0.0,0.0,0.0
M2__S1__D1__start001__ndays366__20260325T173641Z,101,2024-04-10,0.15,700.7124172052646,5882.90717627315,11777.278624120168,12472.393388803024,7348.202558818541,3125.738247598629,"[1, 1, 1, 0]",0,0,0,0.0,0.0,0.0
M2__S1__D1__start001__ndays366__20260325T173641Z,102,2024-04-11,0.15,3725.9695704638957,2857.650021641724,5198.344987839312,19051.32701291292,1693.331485265271,8780.609314832125,"[1, 1, 1, 0]",0,0,0,0.0,0.0,0.0
M2__S1__D1__start001__ndays366__20260325T173641Z,103,2024-04-12,0.15,2141.209925332454,4442.40966800085,17397.586656574014,6852.085356505948,4497.569724842343,5976.371086114969,"[1, 0, 0, 0]",0,0,0,0.0,0.0,0.0
M2__S1__D1__start001__ndays366__20260325T173641Z,104,2024-04-13,0.15000000223233562,2495.6789601444,4087.940632155344,4588.7905208909815,19660.88148085914,331.2937356617264,10142.64706437563,"[1, 0, 0, 0]",0,0,0,0.0,0.0,0.0
M2__S1__D1__start001__ndays366__20260325T173641Z,105,2024-04-14,0.15000000277781106,748.9241977390653,5834.695394940204,8566.06831211508,15683.603691644677,1377.0596447297833,9096.881155621575,"[0, 0, 0, 0]",0,0,0,0.0,0.0,0.0
M2__S1__D1__start001__ndays366__20260325T173641Z,106,2024-04-15,0.15,343.9039732923415,6239.7156232984,21771.59750785237,2478.074502661955,9289.689417131458,1184.2515501131602,"[1, 1, 1, 0]",0,0,0,0.0,0.0,0.0
M2__S1__D1__start001__ndays366__20260325T173641Z,107,2024-04-16,0.15,820.1574777347321,5763.4621148929655,19439.770109839214,4809.901894470906,10473.090068706804,0.8507351576963478,"[1, 1, 1, 0]",0,0,0,0.0,0.0,0.0
M2__S1__D1__start001__ndays366__20260325T173641Z,108,2024-04-17,0.1500000007545244,1198.335901508774,5385.2836908894715,22983.59901569478,1266.0729863810993,9854.595660003046,619.345140129186,"[1, 0, 0, 0]",0,0,0,0.0,0.0,0.0
M2__S1__D1__start001__ndays366__20260325T173641Z,109,2024-04-18,0.15,4723.006623608311,1860.61296968106,23905.02449890024,344.6475078044713,10448.46072264195,25.480079397876285,"[1, 1, 1, 0]",0,0,0,0.0,0.0,0.0
M2__S1__D1__start001__ndays366__20260325T173641Z,110,2024-04-19,0.15,1320.8009068738775,5262.818685455971,21804.020672702078,2445.6513289571462,9974.24379416169,499.6970082951874,"[1, 1, 0, 0]",0,0,0,0.0,0.0,0.0
M2__S1__D1__start001__ndays366__20260325T173641Z,111,2024-04-20,0.15,3227.934294315492,3355.6853023087597,23700.828207807255,548.8437986934069,8938.676555174952,1535.2642553505402,"[1, 1, 1, 0]",0,0,0,0.0,0.0,0.0
M2__S1__D1__start001__ndays366__20260325T173641Z,112,2024-04-21,0.15,1317.3546144649608,5266.264979215412,12004.845618374653,12244.826386892535,5085.244370942782,5388.69643203657,"[1, 0, 0, 0]",0,0,0,0.0,0.0,0.0
M2__S1__D1__start001__ndays366__20260325T173641Z,113,2024-04-22,0.15,4602.512515915902,1981.1070771456823,19535.223180873218,4714.4488232503145,9663.459940831532,810.4808614260094,"[1, 1, 0, 0]",0,0,0,0.0,0.0,0.0
M2__S1__D1__start001__ndays366__20260325T173641Z,114,2024-04-23,0.1500000409526445,2102.544839715487,4481.074810260362,7065.732223987672,17183.93990580657,1751.8217405576315,8722.119083936375,"[1, 1, 0, 0]",0,0,0,0.0,0.0,0.0
M2__S1__D1__start001__ndays366__20260325T173641Z,115,2024-04-24,0.15,1981.3468727075895,4602.27272037429,10749.810645613929,13499.86136081115,5421.321708346124,5052.619121707181,"[1, 0, 0, 0]",0,0,0,0.0,0.0,0.0
M2__S1__D1__start001__ndays366__20260325T173641Z,116,2024-04-25,0.14999999999456776,4446.845594560595,2136.77399750007,21989.308093154268,2260.363906925693,5668.610791803972,4805.330008228232,"[1, 1, 1, 1]",0,0,0,0.0,0.0,0.0
M2__S1__D1__start001__ndays366__20260325T173641Z,117,2024-04-26,0.15,2763.1529871035527,3820.4666055017237,16618.606477017955,7631.065523973736,5781.195637726012,4692.745168888688,"[1, 1, 1, 1]",0,0,0,0.0,0.0,0.0
M2__S1__D1__start001__ndays366__20260325T173641Z,118,2024-04-27,0.15131723380823775,4861.090823864949,1722.52892625434,36930.73389796727,6685.896556702552,7149.115822245575,3324.824981061396,"[1, 1, 1, 1]",0,0,0,0.0,0.0,0.0
M2__S1__D1__start001__ndays366__20260325T173641Z,119,2024-04-28,0.15,2719.0111644752988,3864.608428362444,15561.04520854584,13192.384583026167,4315.796864959361,6158.143936599083,"[1, 0, 0, 0]",0,0,0,0.0,0.0,0.0
M2__S1__D1__start001__ndays366__20260325T173641Z,120,2024-04-29,0.15,1529.236231893243,5054.38336110185,10601.475758319511,13648.196244395696,1936.8659386415181,8537.074888322299,"[1, 1, 0, 0]",0,0,0,0.0,0.0,0.0
M2__S1__D1__start001__ndays366__20260325T173641Z,121,2024-04-30,0.15,5896.71116617297,686.9084259232523,17183.09959226103,7066.572408059691,8169.777140514331,2304.163660617271,"[1, 1, 1, 1]",0,1,0,0.0,2944.368779977685,0.0
M2__S1__D1__start001__ndays366__20260325T173641Z,122,2024-05-01,0.15,3503.344755584444,3080.2748479680477,12411.785479796841,11837.886560626786,679.821715391471,9794.11909393287,"[1, 1, 1, 1]",0,0,0,0.0,0.0,0.0
M2__S1__D1__start001__ndays366__20260325T173641Z,123,2024-05-02,0.15,4935.487672121535,1648.131922999955,2700.8273188167195,21548.844688522146,4952.822767646707,5521.118032853378,"[1, 1, 1, 1]",0,0,0,0.0,0.0,0.0
M2__S1__D1__start001__ndays366__20260325T173641Z,124,2024-05-03,0.15,3613.331346562379,2970.288245455567,5156.420296050416,19093.25170404886,6117.941025016443,4355.999775112717,"[1, 1, 1, 1]",0,0,0,0.0,0.0,0.0
M2__S1__D1__start001__ndays366__20260325T173641Z,125,2024-05-04,0.3881540757549336,5977.974841582614,605.6447507658639,12465.76831948186,11783.903697657914,5959.513834787363,4514.426965227886,"[1, 0, 0, 0]",0,0,0,0.0,0.0,0.0
M2__S1__D1__start001__ndays366__20260325T173641Z,126,2024-05-05,0.15,5547.092283316451,1036.527308968216,13011.441758533532,11238.230256065866,6934.697718503166,3539.2430825433844,"[1, 1, 0, 0]",0,0,0,0.0,0.0,0.0
M2__S1__D1__start001__ndays366__20260325T173641Z,127,2024-05-06,0.15,1533.7757429532678,5049.843849703253,1025.9776504781803,23223.694352000384,6398.931894508507,4075.0089137506225,"[1, 0, 0, 0]",0,1,0,0.0,5818.8515533653845,0.0
M2__S1__D1__start001__ndays366__20260325T173641Z,128,2024-05-07,0.15,3181.7929374061255,3401.8266554573556,22412.512981080163,1837.1590224343422,7882.201159327518,2591.739642712852,"[1, 1, 1, 0]",0,0,0,0.0,0.0,0.0
M2__S1__D1__start001__ndays366__20260325T173641Z,129,2024-05-08,0.15,1925.8551026627572,4657.764489425275,8446.114062787436,15803.55793766647,9379.223218687515,1094.717581846726,"[1, 1, 0, 0]",0,0,0,0.0,0.0,0.0
M2__S1__D1__start001__ndays366__20260325T173641Z,130,2024-05-09,0.15,1048.575512504993,5535.044079502427,12641.426439593888,11608.245563743705,10313.67919648189,160.2616088011302,"[1, 0, 0, 0]",0,0,0,0.0,0.0,0.0
M2__S1__D1__start001__ndays366__20260325T173641Z,131,2024-05-10,0.15,4637.178620585715,1946.4409755911445,8380.291291338739,15869.380711691603,1688.5716249325278,8785.36917676245,"[1, 1, 1, 1]",0,0,0,0.0,0.0,0.0
M2__S1__D1__start001__ndays366__20260325T173641Z,132,2024-05-11,0.1588563722276337,3661.2841982100576,2922.335395759463,2539.6663176969128,21710.005687357774,1312.1503963255248,9161.790403788787,"[0, 0, 0, 0]",0,0,0,0.0,0.0,0.0
M2__S1__D1__start001__ndays366__20260325T173641Z,133,2024-05-12,0.17661113511077026,1932.2384621790707,4651.381130032016,6534.926124169877,17714.745877002195,3751.3392331025807,6722.601567064279,"[0, 0, 0, 0]",0,0,0,0.0,0.0,0.0
M2__S1__D1__start001__ndays366__20260325T173641Z,134,2024-05-13,0.23986691422685513,6386.715653206127,196.9039395360885,20848.501300492233,3401.17070988399,8364.55519743082,2109.385602569043,"[1, 1, 1, 0]",0,1,0,0.0,2047.536793766558,0.0
M2__S1__D1__start001__ndays366__20260325T173641Z,135,2024-05-14,0.18139868282135818,3834.34317141213,2749.2764213433916,6101.261220017921,18148.41078396094,1892.1007238107395,8581.840076268392,"[1, 0, 0, 0]",0,0,0,0.0,0.0,0.0
M2__S1__D1__start001__ndays366__20260325T173641Z,136,2024-05-15,0.15,1486.6458158430305,5096.973789838885,11868.768530378811,12380.903682994676,6276.2691589875185,4197.671679855916,"[1, 0, 0, 0]",0,0,0,0.0,0.0,0.0
M2__S1__D1__start001__ndays366__20260325T173641Z,137,2024-05-16,0.15,4627.74616240991,1955.8734299179112,11169.694953889551,13079.977047921295,10212.268692761705,261.6721084599706,"[1, 1, 1, 1]",0,0,0,0.0,0.0,0.0
M2__S1__D1__start001__ndays366__20260325T173641Z,138,2024-05-17,0.15,2063.0146605179784,4520.604931629221,16007.328336216791,8242.343665018712,7229.506585180986,3244.4342169326105,"[1, 0, 0, 0]",0,0,0,0.0,0.0,0.0
M2__S1__D1__start001__ndays366__20260325T173641Z,139,2024-05-18,0.15,3848.847879886638,2734.77171241371,5829.475885661724,18420.196115788127,2238.490064606418,8235.450735675255,"[1, 0, 0, 0]",0,0,0,0.0,0.0,0.0
M2__S1__D1__start001__ndays366__20260325T173641Z,140,2024-05-19,0.1500869857281472,2573.4206251835967,4010.19896761319,7746.527497752181,16503.144509826227,3125.9656088826046,7347.9751911589965,"[1, 0, 0, 0]",0,0,0,0.0,0.0,0.0
M2__S1__D1__start001__ndays366__20260325T173641Z,141,2024-05-20,0.15,3878.782687575504,2704.8369045428267,6038.75321246333,18210.918788109306,2167.048172073346,8306.892628238867,"[1, 1, 1, 0]",0,0,0,0.0,0.0,0.0
M2__S1__D1__start001__ndays366__20260325T173641Z,142,2024-05-21,0.15,3585.1799303168023,2998.439661654646,1403.7866159160671,22845.885384697674,2405.2002082492204,8068.740613249738,"[1, 1, 0, 0]",0,0,0,0.0,0.0,0.0
M2__S1__D1__start001__ndays366__20260325T173641Z,143,2024-05-22,0.15,1484.7805153726424,5098.839077484605,20313.05124900702,3936.6207519766513,9173.526683268305,1300.414117900245,"[0, 0, 0, 0]",0,0,0,0.0,0.0,0.0
M2__S1__D1__start001__ndays366__20260325T173641Z,144,2024-05-23,0.15,1424.924992680568,5158.694599421898,17845.69375791741,6403.97824243621,8929.685042302883,1544.2557586574892,"[1, 1, 0, 0]",0,0,0,0.0,0.0,0.0
M2__S1__D1__start001__ndays366__20260325T173641Z,145,2024-05-24,0.15,2680.271306586492,3903.348286648519,4893.163142776872,19356.50885814351,2467.029182229388,8006.911630621392,"[1, 0, 0, 0]",0,0,0,0.0,0.0,0.0
M2__S1__D1__start001__ndays366__20260325T173641Z,146,2024-05-25,0.15,5672.382635396619,911.2369615088342,19218.205747723805,5031.466282756472,8016.018415255005,2457.922389896177,"[1, 1, 0, 0]",0,0,0,0.0,0.0,0.0
M2__S1__D1__start001__ndays366__20260325T173641Z,147,2024-05-26,0.15,3994.9271921789523,2588.692400511652,18910.031345795775,5339.6406533992285,6731.152117487765,3742.7886866950334,"[1, 1, 1, 0]",0,0,0,0.0,0.0,0.0
M2__S1__D1__start001__ndays366__20260325T173641Z,148,2024-05-27,0.15,4232.456045316567,2351.163549941761,4256.942169051892,19992.72983171537,5527.12423824069,4946.816567496945,"[1, 1, 1, 1]",0,0,0,0.0,0.0,0.0
M2__S1__D1__start001__ndays366__20260325T173641Z,149,2024-05-28,0.15,281.88185123102005,6301.737740780494,17266.707705265995,6982.964295673348,10049.75387111692,424.1869340852938,"[0, 0, 0, 0]",0,0,0,0.0,0.0,0.0
M2__S1__D1__start001__ndays366__20260325T173641Z,150,2024-05-29,0.15,3282.217001905163,3301.402590267227,1980.353371118676,22269.318629335456,4055.172607776287,6418.768193068702,"[1, 0, 0, 0]",0,0,0,0.0,0.0,0.0
M2__S1__D1__start001__ndays366__20260325T173641Z,151,2024-05-30,0.15,5651.940517090238,931.6790807873542,11597.829903895237,12651.842112270315,838.7105781659283,9635.230227700093,"[1, 1, 1, 1]",0,0,0,0.0,0.0,0.0
M2__S1__D1__start001__ndays366__20260325T173641Z,152,2024-05-31,0.5611280906277671,4295.427273446109,2288.19247873521,11232.010709598071,13017.662386798082,2320.614997978871,8153.325804722395,"[1, 0, 0, 0]",0,0,0,0.0,0.0,0.0
M2__S1__D1__start001__ndays366__20260325T173641Z,153,2024-06-01,0.4207274114090328,5928.4697154593,655.1498774856374,2240.5548971400517,22009.117107846974,0.10639150934504382,10473.834409723511,"[1, 0, 0, 0]",0,0,0,0.0,0.0,0.0
M2__S1__D1__start001__ndays366__20260325T173641Z,154,2024-06-02,0.15000000158493512,4327.904961906873,2255.714630530871,2348.9804991936157,21900.691502553283,1335.1378791593324,9138.802920921873,"[1, 1, 0, 0]",0,0,0,0.0,0.0,0.0
M2__S1__D1__start001__ndays366__20260325T173641Z,155,2024-06-03,0.19002579063128863,1847.2827089740335,4736.336884034508,12775.639606492914,11474.032397203648,7885.759450066974,2588.181442892152,"[0, 0, 0, 0]",0,0,0,0.0,0.0,0.0
M2__S1__D1__start001__ndays366__20260325T173641Z,156,2024-06-04,0.15,926.0986995843822,5657.520892491795,8001.86873666219,16247.80326368504,2622.7977732546974,7851.143029067138,"[1, 0, 0, 0]",0,0,0,0.0,0.0,0.0
M2__S1__D1__start001__ndays366__20260325T173641Z,157,2024-06-05,0.15,1284.1928294570716,5299.4267626112905,15473.94071642195,8775.731283981211,7839.76974974091,2634.1710513850717,"[0, 0, 0, 0]",0,1,0,0.0,5818.847985401788,0.0
M2__S1__D1__start001__ndays366__20260325T173641Z,158,2024-06-06,0.15,3970.665927793915,2612.953664578494,10394.692987565924,13854.9790132528,208.6672171740148,10265.273584237624,"[1, 1, 1, 1]",0,0,0,0.0,0.0,0.0
M2__S1__D1__start001__ndays366__20260325T173641Z,159,2024-06-07,0.15,5289.953839269458,1293.6657527404745,21924.251840108693,2325.4201599271055,8109.697795513881,2364.2430045051824,"[1, 1, 1, 0]",0,1,0,0.0,5818.855986985807,0.0
M2__S1__D1__start001__ndays366__20260325T173641Z,160,2024-06-08,0.15,1403.3969676770362,5180.222624648619,17356.101490925565,6893.5705093712795,7352.044161548107,3121.8966400734225,"[1, 1, 1, 1]",0,0,0,0.0,0.0,0.0
M2__S1__D1__start001__ndays366__20260325T173641Z,161,2024-06-09,0.21553199369417764,1040.7763668437456,5542.843769707174,7310.902956516061,16938.769779415354,2717.5018305458525,7756.438970050555,"[0, 0, 0, 0]",0,0,0,0.0,0.0,0.0
M2__S1__D1__start001__ndays366__20260325T173641Z,162,2024-06-10,0.15,1141.6273420008397,5441.992250159077,2683.531466902966,21566.14053393753,10276.369281407126,197.57151994224535,"[0, 0, 0, 0]",0,0,0,0.0,0.0,0.0
M2__S1__D1__start001__ndays366__20260325T173641Z,163,2024-06-11,0.15,3879.081595361025,2704.5379967273584,6425.025919123065,17824.646081349038,2868.774560538572,7605.166240046249,"[1, 1, 1, 0]",0,0,0,0.0,0.0,0.0
M2__S1__D1__start001__ndays366__20260325T173641Z,164,2024-06-12,0.15,3504.250139928831,3079.3694526551135,13031.420477477464,11218.251523834093,3021.2347142445483,7452.706087039377,"[1, 1, 1, 0]",0,0,0,0.0,0.0,0.0
M2__S1__D1__start001__ndays366__20260325T173641Z,165,2024-06-13,0.15,4103.151946078096,2480.4676468415464,16254.1860853265,7995.48591900979,3336.3523596273203,7137.58844202616,"[1, 1, 1, 1]",0,0,0,0.0,0.0,0.0
M2__S1__D1__start001__ndays366__20260325T173641Z,166,2024-06-14,0.15,5172.3827793082955,1411.2368138107222,21236.398024813865,3013.273984650269,8639.10378902911,1834.83701169483,"[1, 1, 1, 0]",0,0,0,0.0,0.0,0.0
M2__S1__D1__start001__ndays366__20260325T173641Z,167,2024-06-15,0.21094127953192027,388.4196858698533,6195.19990680362,5947.1502117925575,19365.029019022873,0.0452361150237266,10473.895563899872,"[0, 0, 0, 0]",0,0,0,0.0,0.0,0.0
M2__S1__D1__start001__ndays366__20260325T173641Z,168,2024-06-16,0.15,5651.038429822314,932.5811621776854,0.0,24249.672000000002,6821.374491865112,3652.566308134886,"[1, 1, 1, 0]",0,0,0,0.0,0.0,0.0
M2__S1__D1__start001__ndays366__20260325T173641Z,169,2024-06-17,0.15,4697.3664746199565,1886.2531302950001,20456.653629919987,3793.018374181304,4238.032197476846,6235.908603116378,"[1, 1, 0, 0]",0,0,0,0.0,0.0,0.0
M2__S1__D1__start001__ndays366__20260325T173641Z,170,2024-06-18,0.15,4276.820219067329,2306.7993734214706,15449.16094282532,8800.511058710803,8350.274183929212,2123.666620560269,"[1, 1, 1, 0]",0,0,0,0.0,0.0,0.0
M2__S1__D1__start001__ndays366__20260325T173641Z,171,2024-06-19,0.15,3808.890752914151,2774.728839763604,5386.977498488746,18862.694503108727,4214.920164593656,6259.020637979335,"[1, 0, 0, 0]",0,0,0,0.0,0.0,0.0
M2__S1__D1__start001__ndays366__20260325T173641Z,172,2024-06-20,0.15,3759.6689936181915,2823.950598396948,1694.7456343369774,22554.926365752646,3701.2699241053333,6772.670875971811,"[1, 1, 0, 0]",0,0,0,0.0,0.0,0.0
M2__S1__D1__start001__ndays366__20260325T173641Z,173,2024-06-21,0.15,1011.4499442279007,5572.169647782395,1897.5808081702173,22352.09119188935,9980.896041967017,493.0447583253537,"[1, 1, 1, 1]",0,1,0,0.0,5818.855955736761,0.0
M2__S1__D1__start001__ndays366__20260325T173641Z,174,2024-06-22,0.15,3378.0808347627194,3205.5387607692737,6952.1866887794995,17297.48533081084,3934.2737548861705,6539.667051834034,"[1, 0, 0, 0]",0,0,0,0.0,0.0,0.0
M2__S1__D1__start001__ndays366__20260325T173641Z,175,2024-06-23,0.15,2971.771621797246,3611.8479708137647,2234.160916140833,22015.51108719962,2.668583732215339,10471.272216375235,"[1, 1, 1, 0]",0,0,0,0.0,0.0,0.0
M2__S1__D1__start001__ndays366__20260325T173641Z,176,2024-06-24,0.15,625.4424152688279,5958.177177420804,19034.5461599417,5215.12584180309,10284.03906686642,189.90173638035253,"[0, 0, 0, 0]",0,0,0,0.0,0.0,0.0
M2__S1__D1__start001__ndays366__20260325T173641Z,177,2024-06-25,0.15,3715.998539748098,2867.6210524184853,308.1245875177228,23941.547413454176,4106.547190020691,6367.393659407602,"[1, 1, 0, 0]",0,0,0,0.0,0.0,0.0
M2__S1__D1__start001__ndays366__20260325T173641Z,178,2024-06-26,0.15,1560.4206247491297,5023.198967261962,6496.398930682897,17753.273070027015,2091.730748590596,8382.210054002931,"[1, 1, 0, 0]",0,0,0,0.0,0.0,0.0
M2__S1__D1__start001__ndays366__20260325T173641Z,179,2024-06-27,0.15,4535.865105904325,2047.754486826576,7261.607747074933,16988.06425320568,1607.5836924604741,8866.35710972964,"[1, 1, 1, 1]",0,0,0,0.0,0.0,0.0
M2__S1__D1__start001__ndays366__20260325T173641Z,180,2024-06-28,0.15,1815.2148446980389,4768.404748015025,21845.109545262112,2404.5624554948836,8880.873610959014,1593.067231097747,"[1, 1, 1, 1]",0,1,0,0.0,581.8860282031322,0.0
M2__S1__D1__start001__ndays366__20260325T173641Z,181,2024-06-29,0.22165078629741292,5185.227672854281,1398.3919928309783,21230.38059633704,3019.293660825469,8062.767739332823,2411.1730820358175,"[1, 0, 0, 0]",0,1,0,0.0,807.1543404727436,0.0
M2__S1__D1__start001__ndays366__20260325T173641Z,182,2024-06-30,0.15,1489.681033266406,5093.938560211724,15363.928597552233,8885.743403172524,6028.997034152205,4444.943767473559,"[1, 0, 0, 0]",0,0,0,0.0,0.0,0.0
M2__S1__D1__start001__ndays366__20260325T173641Z,183,2024-07-01,0.15,2391.6195168128284,4192.00007553022,18695.531145010904,5554.140855955101,8047.277384654686,2426.663416816059,"[1, 1, 1, 0]",0,0,0,0.0,0.0,0.0
M2__S1__D1__start001__ndays366__20260325T173641Z,184,2024-07-02,0.15,1705.0148576857046,4878.604734438031,19201.031718730686,5048.640281504134,9713.851148474196,760.0896536142698,"[1, 1, 0, 0]",0,0,0,0.0,0.0,0.0
M2__S1__D1__start001__ndays366__20260325T173641Z,185,2024-07-03,0.15,602.5861505732412,5981.033441469096,20937.18964863936,3312.482351538022,10473.939694556682,0.0011070977783422895,"[1, 1, 0, 0]",0,0,0,0.0,0.0,0.0
M2__S1__D1__start001__ndays366__20260325T173641Z,186,2024-07-04,0.15,1679.852892164132,4903.766699966058,13288.140216754591,10961.531783747361,2617.4591986649352,7856.481601828787,"[1, 0, 0, 0]",0,0,0,0.0,0.0,0.0
M2__S1__D1__start001__ndays366__20260325T173641Z,187,2024-07-05,0.15,4934.263518203076,1649.3560771862508,14372.179803386189,9877.49219860376,5228.70554952726,5245.235251547569,"[1, 1, 1, 1]",0,0,0,0.0,0.0,0.0
M2__S1__D1__start001__ndays366__20260325T173641Z,188,2024-07-06,0.15000003322245742,3495.5020466825504,3088.117557375829,4354.380439167107,19895.29158766198,26.49325450422806,10447.447546238538,"[1, 1, 1, 0]",0,0,0,0.0,0.0,0.0
M2__S1__D1__start001__ndays366__20260325T173641Z,189,2024-07-07,0.15,4190.307879367392,2393.311712670885,10761.27454159257,16398.909218243454,4884.750380041738,5589.190420009445,"[1, 1, 1, 0]",1,0,0,8217.94440008313,0.0,0.0
M2__S1__D1__start001__ndays366__20260325T173641Z,190,2024-07-08,0.15,5457.859979555772,1125.7596129938245,4743.840626388595,19505.83137429026,2956.951911860734,7516.988888888889,"[1, 1, 1, 1]",0,0,0,0.0,0.0,0.0
M2__S1__D1__start001__ndays366__20260325T173641Z,191,2024-07-09,0.15,4966.68191183668,1616.9376810424924,20931.54965814616,3318.1223423006318,6909.078294186504,3564.8625059770993,"[1, 1, 1, 1]",0,0,0,0.0,0.0,0.0
M2__S1__D1__start001__ndays366__20260325T173641Z,192,2024-07-10,0.15,4983.651984681305,1599.9676079105905,8369.2414674648,15880.43053308645,3955.5689008812715,6518.371899735191,"[1, 1, 1, 1]",0,0,0,0.0,0.0,0.0
M2__S1__D1__start001__ndays366__20260325T173641Z,193,2024-07-11,0.15,5100.851953753537,1482.7676382969967,24063.43960141718,186.23239863030403,10473.939717318095,0.0010826817856468556,"[1, 1, 1, 1]",0,0,0,0.0,0.0,0.0
M2__S1__D1__start001__ndays366__20260325T173641Z,194,2024-07-12,0.15,1483.5525180542174,5100.067074060041,8282.949808349982,15966.722192026291,9650.146007040305,823.7947961901805,"[1, 0, 0, 0]",0,0,0,0.01856421556206943,0.0,0.0
M2__S1__D1__start001__ndays366__20260325T173641Z,195,2024-07-13,0.15,5557.29639168542,1026.3232004381648,24045.71891905411,203.9530815477723,10473.919990349748,0.020810061691008852,"[1, 1, 1, 1]",0,0,0,0.0,0.0,0.0
M2__S1__D1__start001__ndays366__20260325T173641Z,196,2024-07-14,0.20153248704334562,3719.3943454269966,2864.225349614822,4983.57683402212,26295.08954366147,91.4370306588148,10382.503771165144,"[0, 0, 0, 0]",0,0,0,0.0,0.0,0.0
M2__S1__D1__start001__ndays366__20260325T173641Z,197,2024-07-15,0.5577345595315374,5673.5253354430215,910.0942567088889,18547.82659323035,5701.845413029334,7250.050317471734,3223.8904825285053,"[1, 1, 0, 0]",0,0,0,0.0,0.0,0.0
M2__S1__D1__start001__ndays366__20260325T173641Z,198,2024-07-16,0.15,669.1421600027849,5914.477432078886,14243.619926231786,10006.052073959607,7944.088840126043,2529.851963245509,"[1, 0, 0, 0]",0,0,0,0.0,0.0,0.0
M2__S1__D1__start001__ndays366__20260325T173641Z,199,2024-07-17,0.15,1347.725103688212,5235.894488313047,7110.836133073294,17138.83586693215,9046.18024220685,1427.7605577998693,"[1, 1, 1, 1]",0,1,0,0.0,5818.855991898018,0.0
M2__S1__D1__start001__ndays366__20260325T173641Z,200,2024-07-18,0.15,2323.6725511382865,4259.947040979233,7956.883325032734,16292.788675476777,8027.2569814393855,2446.683819750412,"[1, 1, 1, 1]",0,0,0,0.0,0.0,0.0
M2__S1__D1__start001__ndays366__20260325T173641Z,201,2024-07-19,0.15,3156.1899145206803,3427.429680596351,14073.270313911748,10176.40168779939,4492.1447957908085,5981.796006757252,"[1, 1, 1, 1]",0,0,0,0.0,0.0,0.0
M2__S1__D1__start001__ndays366__20260325T173641Z,202,2024-07-20,0.18687585611597848,5201.793132556655,1381.826470213702,11130.511193337918,13119.160890072708,4746.333158848052,5727.607642232382,"[0, 0, 0, 0]",0,0,0,0.0,0.0,0.0
M2__S1__D1__start001__ndays366__20260325T173641Z,203,2024-07-21,0.15000218353274486,4622.4833172613035,1961.1366976048873,6843.017987678044,17406.654131687174,139.17508145247612,10334.765719751647,"[1, 1, 1, 0]",0,0,0,0.0,0.0,0.0
M2__S1__D1__start001__ndays366__20260325T173641Z,204,2024-07-22,0.14999999999797087,1744.7404136114649,4838.879178388442,6449.431750442918,17800.240249563656,8245.48655966935,2228.454240339864,"[1, 0, 0, 0]",0,1,0,0.0,5085.426645144154,0.0
M2__S1__D1__start001__ndays366__20260325T173641Z,205,2024-07-23,0.15,1457.9973595478277,5125.6222324718365,9598.998348716139,14650.673651383833,7618.9880326365455,2854.9527699882137,"[0, 0, 0, 0]",0,0,0,0.0,0.0,0.0
M2__S1__D1__start001__ndays366__20260325T173641Z,206,2024-07-24,0.15,2177.0219840434784,4406.597607968148,8575.822723813772,15673.849276222514,7323.017094319604,3150.923705867363,"[1, 1, 0, 0]",0,0,0,0.0,0.0,0.0
M2__S1__D1__start001__ndays366__20260325T173641Z,207,2024-07-25,0.15,2049.8775909157102,4533.742001134265,9730.465626455632,14519.20637382686,6822.60732758052,3651.3334729459493,"[1, 1, 0, 0]",0,1,0,0.0,5818.855896389222,0.0
M2__S1__D1__start001__ndays366__20260325T173641Z,208,2024-07-26,0.15,1644.3026371531528,4939.316954986663,1040.9320808137938,23208.739919949436,9120.018851579916,1353.9219488368717,"[1, 0, 0, 0]",0,1,0,0.0,3347.6984565041166,0.0
M2__S1__D1__start001__ndays366__20260325T173641Z,209,2024-07-27,0.15,1981.2937401167467,4602.325852124669,21828.29624737219,2421.3757540601923,8126.727203589137,2347.213597470371,"[1, 0, 0, 0]",0,0,0,0.0,0.00023114944358530552,2.024042874871208e-05
M2__S1__D1__start001__ndays366__20260325T173641Z,210,2024-07-28,0.1500000357549406,5592.585095200111,991.0345064308977,7317.555446281801,16932.116587335786,4106.311615545242,6367.629185496429,"[1, 1, 1, 0]",0,0,0,0.0,0.0,0.0
M2__S1__D1__start001__ndays366__20260325T173641Z,211,2024-07-29,0.15,2870.9563942436466,3712.663197868774,9876.014486158094,14373.657514074433,6929.64988407155,3544.2909168883243,"[1, 1, 1, 1]",0,1,0,0.0,581.8856353624726,0.0
M2__S1__D1__start001__ndays366__20260325T173641Z,212,2024-07-30,0.15,3613.7668891779113,2969.8527028405024,22614.69924954233,1634.972750490878,6714.8680930413475,3759.072707208456,"[1, 0, 0, 0]",0,1,0,0.0,5586.409791556638,0.0
M2__S1__D1__start001__ndays366__20260325T173641Z,213,2024-07-31,0.15,4561.665719800944,2021.953872222216,19827.6124101041,4422.059590015737,3455.0454433151936,7018.89535699189,"[1, 1, 1, 1]",0,0,0,0.0,0.0,0.0
M2__S1__D1__start001__ndays366__20260325T173641Z,214,2024-08-01,0.15,5866.496764571252,717.1228301734898,16069.565934965964,8180.106079227618,4598.047082861588,5875.893738536124,"[1, 1, 1, 1]",0,0,0,0.0,0.0,0.0
M2__S1__D1__start001__ndays366__20260325T173641Z,215,2024-08-02,0.15,4075.900007535643,2507.7195855996288,11619.037367776818,12630.634633865988,5454.042578072655,5019.898232033093,"[1, 1, 0, 0]",0,0,0,0.0,0.0,0.0
M2__S1__D1__start001__ndays366__20260325T173641Z,216,2024-08-03,0.15,2574.808912400149,4008.810679694523,2963.7050850873047,21285.96691529333,8194.993676718788,2278.9471236785926,"[1, 0, 0, 0]",0,0,0,0.0,0.0,0.0
M2__S1__D1__start001__ndays366__20260325T173641Z,217,2024-08-04,0.15,906.7241679515762,5676.895424101748,15243.608006987946,9006.063994137148,8657.300992458027,1816.6398115637362,"[1, 0, 0, 0]",0,0,0,0.0,0.0,0.0
M2__S1__D1__start001__ndays366__20260325T173641Z,218,2024-08-05,0.15,4529.936356252346,2053.6832357561766,6963.260023253726,17286.411976791765,7770.488915784877,2703.4518842470234,"[1, 1, 1, 1]",0,0,0,0.0,0.0,0.0
M2__S1__D1__start001__ndays366__20260325T173641Z,219,2024-08-06,0.15,1228.8904282088934,5354.7291638591205,18839.913157005656,5409.758843338034,7004.1915784732455,3469.7492224025577,"[1, 1, 1, 1]",0,1,0,0.0,5818.854230703834,0.0
M2__S1__D1__start001__ndays366__20260325T173641Z,220,2024-08-07,0.15000010355939183,2856.9115631050513,3726.7080289379337,11261.441771088306,12988.230229129642,7692.935212945798,2781.005587820798,"[1, 0, 0, 0]",0,0,0,0.0,0.0,0.0
M2__S1__D1__start001__ndays366__20260325T173641Z,221,2024-08-08,0.15,1677.9355194562595,4905.684072546675,10046.906927927723,14202.765072088068,7743.6731691926025,2730.2676308233385,"[0, 0, 0, 0]",0,1,0,0.0,4640.310881290221,0.0
M2__S1__D1__start001__ndays366__20260325T173641Z,222,2024-08-09,0.15,1079.23498583602,5504.384606171755,11627.242632087353,13136.785969050858,7384.628919196938,3089.31188208405,"[1, 1, 1, 1]",0,0,0,0.0,0.0,0.0
M2__S1__D1__start001__ndays366__20260325T173641Z,223,2024-08-10,0.15000000000065342,6191.413013498584,392.2065785020132,24224.06396081062,25.60803919240637,10197.972223936316,275.96857606553834,"[1, 1, 1, 1]",0,1,0,0.0,3293.8209991776844,0.0
M2__S1__D1__start001__ndays366__20260325T173641Z,224,2024-08-11,0.15,3153.5106518777893,3430.108940256996,6719.765009494741,17529.906991046963,5671.562745247525,4802.378056965266,"[1, 1, 0, 0]",0,0,0,0.0,0.0,0.0
M2__S1__D1__start001__ndays366__20260325T173641Z,225,2024-08-12,0.15000000339337555,3432.4826793932243,3151.136915425031,3231.5647867537123,21018.107215349683,2310.8702712677364,8163.07053091582,"[1, 1, 1, 1]",0,0,0,0.0,0.0,0.0
M2__S1__D1__start001__ndays366__20260325T173641Z,226,2024-08-13,0.15,1801.6185841687625,4782.001007868564,10060.751618528711,14188.92038166782,8398.538003789949,2075.4027972574154,"[1, 1, 1, 1]",0,1,0,0.0,5818.855923895997,0.0
M2__S1__D1__start001__ndays366__20260325T173641Z,227,2024-08-14,0.15,3252.040421073768,3331.5791709714103,8421.215856118486,15828.456144011725,3682.800085872344,6791.140714332792,"[1, 1, 1, 1]",0,0,0,0.0,0.0,0.0
M2__S1__D1__start001__ndays366__20260325T173641Z,228,2024-08-15,0.15,2496.7188763560916,4086.900715722981,6035.696805299351,18213.975194980998,7881.516575473553,2592.4242275175097,"[1, 1, 0, 0]",0,0,0,0.0,0.0,0.0
M2__S1__D1__start001__ndays366__20260325T173641Z,229,2024-08-16,0.15,1522.3315101697383,5061.288082118603,5416.1222305837055,18833.5497706733,6820.3273457771,3653.6134570758145,"[0, 0, 0, 0]",0,1,0,0.0,3491.3180952580747,0.0
M2__S1__D1__start001__ndays366__20260325T173641Z,230,2024-08-17,0.15,3162.966314850796,3420.6532774674574,13729.379365423349,10520.292635568027,8086.804672280429,2387.136129551631,"[1, 1, 1, 0]",0,0,0,0.0,0.0,0.0
M2__S1__D1__start001__ndays366__20260325T173641Z,231,2024-08-18,0.1500000626207428,4209.877616936552,2373.742008606855,8672.233641353996,15577.438742532733,4261.690638744592,6212.250162352388,"[1, 1, 1, 0]",0,0,0,0.0,0.0,0.0
M2__S1__D1__start001__ndays366__20260325T173641Z,232,2024-08-19,0.16702291760513197,4438.253586397625,2145.366005616517,255.60337076024206,23994.068629279467,1875.7471444601802,8598.193655668545,"[1, 0, 0, 0]",0,1,0,0.0,3344.246231630575,0.0
M2__S1__D1__start001__ndays366__20260325T173641Z,233,2024-08-20,0.14999999955296645,2927.62311486865,3655.9964773546512,73.15052573892476,24176.521475083264,3038.624782721202,7435.316020954749,"[1, 1, 0, 0]",0,0,0,0.0,0.0,0.0
M2__S1__D1__start001__ndays366__20260325T173641Z,234,2024-08-21,0.15,4032.3505645281,2551.2690283453967,13212.54212398654,11037.129877564541,7745.484997750218,2728.455804230073,"[1, 1, 1, 0]",0,0,0,0.0,0.0,0.0
M2__S1__D1__start001__ndays366__20260325T173641Z,235,2024-08-22,0.15,4219.929287068867,2363.690305520365,10580.939456437674,13668.73254486861,7683.335817189619,2790.6049851260163,"[1, 1, 1, 1]",0,0,0,0.0,0.0,0.0
M2__S1__D1__start001__ndays366__20260325T173641Z,236,2024-08-23,0.15,4966.469699539605,1617.1498928547865,371.5205688807021,23878.151435231477,7799.755609318555,2674.1851919438564,"[1, 1, 1, 1]",0,0,0,0.0,0.0,0.0
M2__S1__D1__start001__ndays366__20260325T173641Z,237,2024-08-24,0.15,3506.2067117149045,3077.4128806185945,6113.378344274652,18136.293657434053,5502.817445955253,4971.123354564097,"[1, 1, 0, 0]",0,0,0,0.0,0.0,0.0
M2__S1__D1__start001__ndays366__20260325T173641Z,238,2024-08-25,0.15,2821.6356356089727,3761.9839613890385,1757.4206406047774,22492.251408313663,576.6009536464703,9897.339846997627,"[1, 0, 0, 0]",0,0,0,0.0,0.0,0.0
M2__S1__D1__start001__ndays366__20260325T173641Z,239,2024-08-26,0.15000019022065902,2422.3191209838906,4161.300471634684,13213.169029172948,11036.502972497414,7305.467426569016,3168.4733796794603,"[0, 0, 0, 0]",0,0,0,0.0,0.0,0.0
M2__S1__D1__start001__ndays366__20260325T173641Z,240,2024-08-27,0.15,2696.4207884883035,3887.198803706788,1969.4735062291657,22280.198494061813,3580.2543671038766,6893.686432911343,"[1, 1, 1, 1]",0,0,0,0.0,0.0,0.0
M2__S1__D1__start001__ndays366__20260325T173641Z,241,2024-08-28,0.15,1435.146683666354,5148.472908388251,14943.495326936902,9306.17667324995,5082.1530680686965,5391.787732559272,"[1, 1, 1, 1]",0,0,0,0.0,0.0,0.0
M2__S1__D1__start001__ndays366__20260325T173641Z,242,2024-08-29,0.15,813.7709006963013,5769.848691380858,8514.301694689722,15735.370305662436,7255.166562152801,3218.7742383632403,"[1, 0, 0, 0]",0,1,0,0.0,5818.854680709466,0.0
M2__S1__D1__start001__ndays366__20260325T173641Z,243,2024-08-30,0.15,3548.6818754084925,3034.9377176430694,6611.213367793438,18643.944960392764,4086.9862516533026,6386.95455674353,"[1, 1, 0, 0]",0,0,0,0.0,0.0,0.0
M2__S1__D1__start001__ndays366__20260325T173641Z,244,2024-08-31,0.15,1398.4730311313087,5185.146561007484,1555.5024897254739,22694.16951106644,1782.806881399613,8691.133920055529,"[0, 0, 0, 0]",0,0,0,0.0,0.0,0.0
M2__S1__D1__start001__ndays366__20260325T173641Z,245,2024-09-01,0.15031783472761473,732.1690672977095,5851.450524892442,11463.442922220063,12786.229078405098,4476.007208464271,5997.933597568987,"[0, 0, 0, 0]",0,0,0,0.0,0.0,0.0
M2__S1__D1__start001__ndays366__20260325T173641Z,246,2024-09-02,0.15,1974.6974311928461,4608.922160898541,4067.890894523259,20181.781105612656,1854.254362109592,8619.68644391611,"[1, 1, 0, 0]",0,0,0,0.0,0.0,0.0
M2__S1__D1__start001__ndays366__20260325T173641Z,247,2024-09-03,0.15,1805.7796659108747,4777.839926188084,11703.75039087386,12545.921611481921,6204.539446609499,4269.40135497964,"[1, 1, 1, 1]",0,0,0,0.0,0.0,0.0
M2__S1__D1__start001__ndays366__20260325T173641Z,248,2024-09-04,0.15,2998.3984938967264,3585.221098168238,11128.746363991093,13120.925636146401,264.8222744620855,10209.11852569632,"[1, 1, 1, 1]",0,0,0,0.0,0.0,0.0
M2__S1__D1__start001__ndays366__20260325T173641Z,249,2024-09-05,0.15,1137.834552381132,5445.785039710772,7221.551285450001,17028.12071526925,8405.56590297748,2068.3749020596106,"[1, 1, 1, 0]",0,1,0,0.0,5818.855986538696,0.0
M2__S1__D1__start001__ndays366__20260325T173641Z,250,2024-09-06,0.15,4205.9522634426785,2377.6673289785736,14525.82471164896,9723.847296597816,7960.445855834009,2513.49494896201,"[1, 1, 1, 1]",0,0,0,0.0,0.0,0.0
M2__S1__D1__start001__ndays366__20260325T173641Z,251,2024-09-07,0.15,3336.9118107596337,3246.707781240225,20745.09171991439,3504.580282001175,9004.929464753695,1469.0113372989802,"[1, 0, 0, 0]",0,0,0,0.0,0.0,0.0
M2__S1__D1__start001__ndays366__20260325T173641Z,252,2024-09-08,0.15,1963.7594399701406,4619.860152350109,19323.90441007393,4925.767590700599,9455.554780207667,1018.3860205859585,"[1, 0, 0, 0]",0,0,0,0.0,0.0,0.0
M2__S1__D1__start001__ndays366__20260325T173641Z,253,2024-09-09,0.15007112061816272,853.8795836848916,5729.7400094546465,13293.763482862898,10955.90852109654,6057.381779558022,4416.55902101196,"[0, 0, 0, 0]",0,0,0,0.0,0.0,0.0
M2__S1__D1__start001__ndays366__20260325T173641Z,254,2024-09-10,0.15,843.4292658882673,5740.190326330143,9930.396159703296,14319.27584056533,2200.4662893729787,8273.474512382194,"[1, 1, 1, 1]",0,0,0,0.0,0.0,0.0
M2__S1__D1__start001__ndays366__20260325T173641Z,255,2024-09-11,0.15,2745.0035305691713,3838.6160691755235,6340.55800568798,17909.11400798213,2943.9613372646145,7529.979615395379,"[0, 0, 0, 0]",0,0,0,0.0,0.0,0.0
M2__S1__D1__start001__ndays366__20260325T173641Z,256,2024-09-12,0.15,3925.23232973525,2658.387262673625,20850.113745344082,3399.5582554096345,7601.777730197217,2872.1630714880944,"[1, 1, 1, 1]",0,0,0,0.0,0.0,0.0
M2__S1__D1__start001__ndays366__20260325T173641Z,257,2024-09-13,0.15,4311.334087929666,2272.2855045639085,13169.439222532941,11080.232778948914,4663.656833862798,5810.283966232876,"[1, 1, 1, 1]",0,0,0,0.0,0.0,0.0
M2__S1__D1__start001__ndays366__20260325T173641Z,258,2024-09-14,0.1674358928601827,2321.565114663034,4262.054477652121,18673.016573159108,5576.655429887448,3812.112853555096,6661.827960722146,"[0, 0, 0, 0]",0,0,0,0.0,0.0,0.0
M2__S1__D1__start001__ndays366__20260325T173641Z,259,2024-09-15,0.15,2112.4362305678465,4471.183361746714,11011.781808462352,13237.89019345133,3467.033688828756,7006.907113636796,"[1, 1, 0, 0]",0,0,0,0.0,0.0,0.0
M2__S1__D1__start001__ndays366__20260325T173641Z,260,2024-09-16,0.15000001729257523,5603.582790535353,980.0368112295461,13458.616034361059,10791.055967486209,7428.683915030941,3045.256885977987,"[1, 1, 1, 1]",0,0,0,0.0,0.0,0.0
M2__S1__D1__start001__ndays366__20260325T173641Z,261,2024-09-17,0.15,3384.8561240734225,3198.7634906003823,15985.837938202538,8263.83409023533,5280.901279608122,5193.039524927492,"[1, 1, 1, 1]",0,0,0,0.0,0.0,0.0
M2__S1__D1__start001__ndays366__20260325T173641Z,262,2024-09-18,0.15,3266.496736555572,3317.1228563509985,11793.15928271268,12456.512718118249,6205.060207297934,4268.880593205251,"[1, 1, 0, 0]",0,0,0,0.0,0.0,0.0
M2__S1__D1__start001__ndays366__20260325T173641Z,263,2024-09-19,0.15,3004.2124256658,3579.407166688207,9354.265380599401,14895.406620964837,2874.553571698544,7599.387263358651,"[1, 0, 0, 0]",0,0,0,0.0,0.0,0.0
M2__S1__D1__start001__ndays366__20260325T173641Z,264,2024-09-20,0.15,85.92930928357401,6497.690282587345,11304.360144976059,12945.311855117308,7731.243806442364,2742.696993621402,"[1, 1, 1, 1]",0,0,0,0.0,0.0,0.0
M2__S1__D1__start001__ndays366__20260325T173641Z,265,2024-09-21,0.15,5332.453778553648,1251.1658137122447,3626.5063684081065,20623.165632239874,0.009431182271989726,10473.931369323776,"[1, 1, 1, 0]",0,0,0,0.0,0.0,0.0
M2__S1__D1__start001__ndays366__20260325T173641Z,266,2024-09-22,0.15,3493.6933493248953,3089.926244652591,23053.612430033136,1196.0595724646798,2682.6855011329726,7791.255299858525,"[1, 0, 0, 0]",0,0,0,0.0,0.0,0.0
M2__S1__D1__start001__ndays366__20260325T173641Z,267,2024-09-23,0.15,4020.5602203316125,2563.059372101022,17784.04453829598,6465.627462266555,6737.16719483113,3736.7736090174726,"[1, 1, 1, 0]",0,0,0,0.0,0.0,0.0
M2__S1__D1__start001__ndays366__20260325T173641Z,268,2024-09-24,0.15,5494.189543436064,1089.4300488609176,6732.538627291811,17517.13337339715,9037.697651069308,1436.2431493849049,"[1, 1, 1, 1]",0,0,0,0.0,0.0,0.0
M2__S1__D1__start001__ndays366__20260325T173641Z,269,2024-09-25,0.16765690512260462,3709.07395092369,2874.545641377537,2835.351870743297,21414.320129929027,6736.531581701164,3737.409220436911,"[1, 1, 1, 1]",0,1,0,0.0,5818.855811717609,0.0
M2__S1__D1__start001__ndays366__20260325T173641Z,270,2024-09-26,0.15,6583.619592,0.0,24249.672000000002,0.0,10473.940799999998,0.0,"[1, 1, 0, 0]",0,0,0,0.0,0.0,0.0
M2__S1__D1__start001__ndays366__20260325T173641Z,271,2024-09-27,0.15000000840877586,4750.312327796958,1833.3072846635168,2155.1518671749277,22094.52015866579,708.6218413614283,9765.318959779152,"[1, 1, 1, 0]",0,0,0,0.0,0.0,8.086232225512496e-08
M2__S1__D1__start001__ndays366__20260325T173641Z,272,2024-09-28,0.19035565696703147,2245.9717991348684,4337.647793224403,12157.833048589386,12091.8389585667,5865.342587420024,4608.598220372038,"[0, 0, 0, 0]",0,0,0,0.0,0.0,0.0
M2__S1__D1__start001__ndays366__20260325T173641Z,273,2024-09-29,0.15,1836.1864690902407,4747.433123197693,3559.5500446899787,20690.12195903413,1744.100898361604,8729.83990201917,"[0, 0, 0, 0]",0,0,0,0.0,0.0,0.0
M2__S1__D1__start001__ndays366__20260325T173641Z,274,2024-09-30,0.15,266.30656491687404,6317.313027235808,13169.647997417862,11080.024002796137,5442.125408390361,5031.815392264612,"[1, 1, 1, 0]",0,0,0,0.0,0.0,0.0
M2__S1__D1__start001__ndays366__20260325T173641Z,275,2024-10-01,0.15,3185.796275108054,3397.823316915832,4603.865117541982,19645.806882604928,0.0011992192009943267,10473.939601049733,"[1, 0, 0, 0]",0,0,0,0.0,0.0,0.0
M2__S1__D1__start001__ndays366__20260325T173641Z,276,2024-10-02,0.15,4754.836359590865,1828.7832324533886,7604.958198096313,16644.713802110597,3666.2836028806632,6807.657197337416,"[1, 1, 1, 1]",0,1,0,0.0,4824.708229088766,0.0
M2__S1__D1__start001__ndays366__20260325T173641Z,277,2024-10-03,0.15,2832.776874756614,3750.842717931537,19004.90545589581,5244.766546795921,6675.187664052821,3798.7531552139326,"[1, 0, 0, 0]",0,0,0,0.0,0.0,0.0
M2__S1__D1__start001__ndays366__20260325T173641Z,278,2024-10-04,0.15,821.018903381165,5762.600688814561,10253.766388193675,13995.905612906738,4436.825509859454,6037.115295933564,"[1, 1, 1, 1]",0,0,0,0.0,0.0,0.0
M2__S1__D1__start001__ndays366__20260325T173641Z,279,2024-10-05,0.15020461976189348,6503.9503222045505,79.66927589207766,15106.05387700999,9143.618123015496,8854.274541418301,1619.6662586379891,"[1, 1, 1, 1]",0,1,0,0.0,1690.4988712724721,0.0
M2__S1__D1__start001__ndays366__20260325T173641Z,280,2024-10-06,0.15484931109189323,3630.393280011611,2953.2263194890397,11998.713697505893,12250.958326310296,8121.506828231599,2352.4339720260637,"[0, 0, 0, 0]",0,0,0,0.0,0.0,0.0
M2__S1__D1__start001__ndays366__20260325T173641Z,281,2024-10-07,0.15,4344.856075289661,2238.7635181014653,12659.019477576983,11590.652523598264,4651.8034029007695,5822.137397909157,"[1, 1, 1, 1]",0,0,0,0.0,0.0,0.0
M2__S1__D1__start001__ndays366__20260325T173641Z,282,2024-10-08,0.3651643313923012,5158.168973901545,1425.450618315548,17415.79380644998,6833.878201505947,6409.401512922798,4064.539287109914,"[1, 1, 1, 0]",0,0,0,0.0,0.0,0.0
M2__S1__D1__start001__ndays366__20260325T173641Z,283,2024-10-09,0.15,5358.13150712463,1225.4880862373327,23069.24496362605,1180.427045141387,6928.702372346877,3545.2384281830573,"[1, 1, 1, 1]",0,0,0,0.0,0.0,0.0
M2__S1__D1__start001__ndays366__20260325T173641Z,284,2024-10-10,0.15,3547.3756896096174,3036.2439026241736,9365.313312829123,14884.358687748067,5635.848074999717,4838.092729731596,"[1, 0, 0, 0]",0,0,0,0.0,0.0,0.0
M2__S1__D1__start001__ndays366__20260325T173641Z,285,2024-10-11,0.15,1883.66165686641,4699.957936507936,13833.785417986948,10415.886593477151,4684.2463041462115,5789.694684079509,"[1, 1, 1, 1]",0,0,0,0.0,0.0,0.0
M2__S1__D1__start001__ndays366__20260325T173641Z,286,2024-10-12,0.16977210985654162,230.5884401595303,6353.031151840173,21018.368994737422,3231.303005434956,1382.2586402453558,9091.68216393391,"[0, 0, 0, 0]",0,0,0,0.0,0.0,0.0
M2__S1__D1__start001__ndays366__20260325T173641Z,287,2024-10-13,0.20209888196773046,267.93606459043457,6315.683527526083,8899.478046156122,15350.19395437185,10473.94023955141,0.0005633740353558486,"[0, 0, 0, 0]",0,0,0,0.0,0.0,0.0
M2__S1__D1__start001__ndays366__20260325T173641Z,288,2024-10-14,0.15,3.330704124673519e-05,6583.6195587272005,1920.0357066877584,22428.3195707647,7951.297985616982,2522.642814694061,"[1, 1, 1, 0]",0,1,0,0.0,5086.027547975031,0.0
M2__S1__D1__start001__ndays366__20260325T173641Z,289,2024-10-15,0.15,2617.097306273755,3966.5222857298045,22978.885761133995,1270.7862388879398,8674.418836840847,1799.5219632298913,"[1, 1, 1, 1]",0,0,0,0.0,0.0,0.0
M2__S1__D1__start001__ndays366__20260325T173641Z,290,2024-10-16,0.15,4958.489276775254,1625.13031641097,23827.853319297916,421.81868519979935,8604.586331602399,1869.354469410319,"[1, 1, 1, 1]",0,0,0,0.0,0.0,0.0
M2__S1__D1__start001__ndays366__20260325T173641Z,291,2024-10-17,0.15,5914.839540577178,668.7800530327531,2484.1493922228483,21765.522611983735,10473.939007299297,0.0018189693430518258,"[1, 1, 1, 1]",0,0,0,0.0,0.0,0.0
M2__S1__D1__start001__ndays366__20260325T173641Z,292,2024-10-18,0.15,3651.3688239418084,2932.250773175529,13627.746155419267,10621.92585914776,4777.9182670973205,5696.022535000108,"[1, 1, 1, 0]",0,0,0,0.0,0.0,0.0
M2__S1__D1__start001__ndays366__20260325T173641Z,293,2024-10-19,0.15,3859.19984165125,2724.4197544545027,3319.701545572599,20929.970492130404,0.019815998724720077,10473.92104684064,"[1, 1, 0, 0]",0,0,0,0.0,0.0,0.0
M2__S1__D1__start001__ndays366__20260325T173641Z,294,2024-10-20,0.15,340.7458567728798,6242.873736137168,14983.74896113457,9265.92304275245,4328.894908247028,6145.045906628523,"[0, 0, 0, 0]",0,0,0,0.0,0.0,0.0
M2__S1__D1__start001__ndays366__20260325T173641Z,295,2024-10-21,0.15,160.33215257841857,6423.287439677373,4246.310942081634,20003.36105879263,9159.606251932515,1314.3345507335516,"[1, 1, 1, 0]",0,1,0,0.0,3081.987191981296,0.0
M2__S1__D1__start001__ndays366__20260325T173641Z,296,2024-10-22,0.15,779.5266100448063,5804.092983861182,11076.449064154052,13173.222938729758,6963.002441339234,3510.9383649098168,"[1, 1, 0, 0]",0,0,0,0.0,0.0,1.9785459603961566e-07
M2__S1__D1__start001__ndays366__20260325T173641Z,297,2024-10-23,0.15,1211.7746800984914,5371.8449122038855,3640.2219423665365,20609.45005859978,9031.293972660102,1442.6468389162294,"[1, 1, 1, 1]",0,0,0,0.0,0.0,0.0
M2__S1__D1__start001__ndays366__20260325T173641Z,298,2024-10-24,0.15,164.80266452928697,6418.816927540122,11065.84056739263,13183.831432837342,7740.945789024824,2732.995011222117,"[1, 1, 1, 1]",0,0,0,0.0,0.0,0.0
M2__S1__D1__start001__ndays366__20260325T173641Z,299,2024-10-25,0.15,1412.5437170802606,5171.075874948762,13383.263862774926,10866.408137401731,3422.8796169759153,7051.061183657409,"[1, 1, 0, 0]",0,0,0,0.0,0.0,0.0
M2__S1__D1__start001__ndays366__20260325T173641Z,300,2024-10-26,0.21222000762315896,1573.401470853305,5010.218121922496,21043.327194799513,3206.3448073536656,6711.344693588109,3762.596110105874,"[0, 0, 0, 0]",0,0,0,0.0,0.0,0.0
M2__S1__D1__start001__ndays366__20260325T173641Z,301,2024-10-27,0.15,2640.6897608947324,3942.9298318142464,9937.23036797615,14312.441633832183,7156.449656530923,3317.4911555211042,"[1, 1, 1, 1]",0,1,0,0.0,5818.852933123767,0.0
M2__S1__D1__start001__ndays366__20260325T173641Z,302,2024-10-28,0.15,5783.710650683003,799.9089416544471,18805.065112560525,5444.606887455254,6723.821134685518,3750.119665441514,"[1, 1, 1, 1]",0,0,0,0.0,0.0,0.0
M2__S1__D1__start001__ndays366__20260325T173641Z,303,2024-10-29,0.15,5060.352135055103,1523.2674571197801,22901.883277678462,1347.7887222772977,8243.49280814835,2230.447991925245,"[1, 1, 1, 0]",0,1,0,0.0,5818.8559979368365,0.0
M2__S1__D1__start001__ndays366__20260325T173641Z,304,2024-10-30,0.15,5521.948932634433,1061.6706617115328,12171.620351978725,12078.051648967381,4913.567643663819,5560.373157892092,"[1, 1, 1, 1]",0,0,0,0.0,0.0,0.0
M2__S1__D1__start001__ndays366__20260325T173641Z,305,2024-10-31,0.15,527.3453389892513,6056.274253045668,7005.149917773288,17244.522082378793,4898.840570747623,5575.100229378178,"[1, 1, 1, 1]",0,0,0,0.0,0.0,0.0
M2__S1__D1__start001__ndays366__20260325T173641Z,306,2024-11-01,0.15,2232.28669054981,4351.332901483665,9930.938385008589,14318.733615152418,482.5336600045928,9991.40714010707,"[1, 1, 1, 0]",0,0,0,5.852341226644228e-05,5.850873051276747e-06,1.9571656856152877e-06
M2__S1__D1__start001__ndays366__20260325T173641Z,307,2024-11-02,0.15,970.3502018026375,5613.269390277923,10567.383800123973,13682.288200210105,7340.164198693039,3133.7766018277844,"[1, 1, 0, 0]",0,0,0,0.0,0.0,0.0
M2__S1__D1__start001__ndays366__20260325T173641Z,308,2024-11-03,0.15,3011.560736550345,3572.0588560041665,6018.217620113047,18231.454381883505,4081.2992259631783,6392.6415753483325,"[1, 1, 0, 0]",0,0,0,0.0,0.0,0.0
M2__S1__D1__start001__ndays366__20260325T173641Z,309,2024-11-04,0.15,658.1581808775908,5925.4614111242645,1598.527461300207,22651.144538710232,9510.72366081062,963.2171391991898,"[1, 1, 1, 1]",0,0,0,0.0,0.0,0.0
M2__S1__D1__start001__ndays366__20260325T173641Z,310,2024-11-05,0.15,430.58798030563287,6153.031611815106,124.61381576047225,24125.058184316076,1695.2040223250149,8778.736777896509,"[1, 1, 1, 0]",0,0,0,0.0,0.0,0.0
M2__S1__D1__start001__ndays366__20260325T173641Z,311,2024-11-06,0.15,238.32182596427407,6345.297766114065,8802.624207676537,15447.04779262909,8937.843637970007,1536.097162481293,"[1, 1, 1, 1]",0,1,0,0.0,5818.853726778181,0.0
M2__S1__D1__start001__ndays366__20260325T173641Z,312,2024-11-07,0.15,510.0096182509126,6073.60997376554,2680.5344612283616,21569.13753885662,8905.066721746243,1568.874078321894,"[1, 1, 1, 1]",0,1,0,0.0,5818.8559647391285,0.0
M2__S1__D1__start001__ndays366__20260325T173641Z,313,2024-11-08,0.15,208.28420764716893,6375.335384355735,910.6623303972918,23339.009669616415,9242.424276705282,1231.516523306637,"[1, 1, 1, 1]",0,1,0,0.0,5818.855978524182,0.0
M2__S1__D1__start001__ndays366__20260325T173641Z,314,2024-11-09,0.15,636.145484983963,5947.47410710074,104.5799573239606,24145.092043314256,1268.865685847918,9205.075114756315,"[1, 1, 1, 1]",0,0,0,0.0,0.0,0.0
M2__S1__D1__start001__ndays366__20260325T173641Z,315,2024-11-10,0.15,591.904099495835,5991.7154927510255,59.1425116198658,24190.529489094955,1792.6729307430587,8681.267870078329,"[1, 1, 0, 0]",0,0,0,0.0,0.0,0.0
M2__S1__D1__start001__ndays366__20260325T173641Z,316,2024-11-11,0.15,4116.3157224218985,2467.303883350321,11904.50205835653,12396.634639984484,8376.263202876187,2097.67761957981,"[1, 1, 1, 1]",0,0,0,0.0,0.0,0.0
M2__S1__D1__start001__ndays366__20260325T173641Z,317,2024-11-12,0.15,4067.2604575100604,2516.359134949742,19961.343419267512,4288.328588580658,4258.779481255422,6215.1613205239755,"[1, 1, 1, 1]",0,0,0,0.0,0.0,0.0
M2__S1__D1__start001__ndays366__20260325T173641Z,318,2024-11-13,0.15,4166.611132991397,2417.008459381899,7649.3905198654775,16600.28148040826,2470.0648998802367,8003.875900208715,"[1, 1, 1, 1]",0,0,0,0.0,0.0,0.0
M2__S1__D1__start001__ndays366__20260325T173641Z,319,2024-11-14,0.15,3199.739219610546,3383.8803752350495,6282.958007182933,17966.71399331695,5943.489744720174,4530.4510574234655,"[1, 1, 1, 0]",0,0,0,0.0,0.0,0.0
M2__S1__D1__start001__ndays366__20260325T173641Z,320,2024-11-15,0.15,1916.4775104270461,4667.142082240272,2929.7969014821556,21319.875099177727,2537.615729231527,7936.325072990249,"[1, 1, 1, 1]",0,0,0,0.0,0.0,0.0
M2__S1__D1__start001__ndays366__20260325T173641Z,321,2024-11-16,0.15,337.32646721573445,6246.293124817391,23767.9802225406,481.69177757934597,9737.723500599423,736.2173007691944,"[1, 0, 0, 0]",0,0,0,0.0,0.0,0.0
M2__S1__D1__start001__ndays366__20260325T173641Z,322,2024-11-17,0.15,1123.4232058648763,5460.196386252603,5153.540503604382,19096.13149695742,3663.1031898955,6810.8376210888055,"[0, 0, 0, 0]",0,0,0,0.0,0.0,0.0
M2__S1__D1__start001__ndays366__20260325T173641Z,323,2024-11-18,0.15,1986.0438313088691,4597.575760830217,1660.8536046362117,22588.818396434843,3376.310577628147,7097.630232879792,"[1, 1, 1, 0]",0,0,0,0.0,0.0,0.0
M2__S1__D1__start001__ndays366__20260325T173641Z,324,2024-11-19,0.15,2886.128780702131,3697.4908113544307,4065.7346354771616,20183.93736482816,3311.4077017739837,7162.533098451078,"[1, 1, 1, 1]",0,0,0,0.0,0.0,0.0
M2__S1__D1__start001__ndays366__20260325T173641Z,325,2024-11-20,0.15,4219.9059764617805,2363.7136157213818,10663.072776205627,13586.599223972975,6048.929215892236,4425.011591160356,"[1, 1, 0, 0]",0,0,0,0.0,0.0,0.0
M2__S1__D1__start001__ndays366__20260325T173641Z,326,2024-11-21,0.15,6092.772252308045,490.84734128659466,21315.92035234195,2933.751650620007,7730.511152943721,2743.4296738844187,"[1, 1, 1, 1]",0,0,0,0.0,0.0,0.0
M2__S1__D1__start001__ndays366__20260325T173641Z,327,2024-11-22,0.15,1581.3872948265894,5002.232297269047,19654.454420657206,4595.2175796392885,3821.8637949340573,6652.077007140046,"[1, 1, 0, 0]",0,0,0,0.0,0.0,0.0
M2__S1__D1__start001__ndays366__20260325T173641Z,328,2024-11-23,0.15,553.1068373964137,6030.512754824694,15650.905130446366,8598.766871081209,2897.2622839488363,7576.678517076714,"[1, 1, 1, 1]",0,0,0,0.0,0.0,0.0
M2__S1__D1__start001__ndays366__20260325T173641Z,329,2024-11-24,0.15,6142.809942600588,440.80965036463425,17871.49278890275,6378.179215836955,6918.530594204314,3555.4102063659548,"[1, 1, 1, 1]",0,0,0,0.0,0.0,0.0
M2__S1__D1__start001__ndays366__20260325T173641Z,330,2024-11-25,0.15,4653.16219680627,1930.457395772833,22085.61052365898,2322.3336101985037,6972.768761969759,3501.1720562767982,"[1, 0, 0, 0]",0,0,0,0.0,0.0,0.0
M2__S1__D1__start001__ndays366__20260325T173641Z,331,2024-11-26,0.15,131.15154519843145,6452.468046803598,2998.2881493238256,21251.38385067792,1157.2515962371256,9316.689203769629,"[1, 1, 1, 1]",0,0,0,0.0,0.0,0.0
M2__S1__D1__start001__ndays366__20260325T173641Z,332,2024-11-27,0.15,27.826430418661815,6555.793161694014,16583.071685656425,7666.600314653159,5847.957683328188,4625.983118678522,"[1, 1, 1, 0]",0,0,0,0.0,0.0,0.0
M2__S1__D1__start001__ndays366__20260325T173641Z,333,2024-11-28,0.15,845.1597188387716,5738.459873194033,2611.6770121328614,21637.99498807237,2164.1257969609655,8309.815003255322,"[1, 1, 1, 1]",0,0,0,0.0,0.0,0.0
M2__S1__D1__start001__ndays366__20260325T173641Z,334,2024-11-29,0.15,314.25693054615067,6269.362661464977,152.8085255017059,24096.8634745541,3832.3971713828223,6641.5436288551955,"[1, 1, 0, 0]",0,0,0,0.0,0.0,0.0
M2__S1__D1__start001__ndays366__20260325T173641Z,335,2024-11-30,0.15,253.01342322029694,6330.606168788826,5774.077410087622,18475.594589964567,8261.791918245835,2212.1488817884274,"[1, 1, 0, 0]",0,0,0,0.0,0.0,0.0
M2__S1__D1__start001__ndays366__20260325T173641Z,336,2024-12-01,0.15,19.183974353204412,6564.435618298036,585.2166527517891,23664.45535073784,3428.9319534485667,7045.008849206098,"[1, 0, 0, 0]",0,0,0,0.0,0.0,0.0
M2__S1__D1__start001__ndays366__20260325T173641Z,337,2024-12-02,0.15,179.80245901095145,6403.817133007705,33.80649315362397,24215.865506904443,15.907221060281799,10458.033579046352,"[1, 1, 1, 1]",0,0,0,0.0,0.0,0.0
M2__S1__D1__start001__ndays366__20260325T173641Z,338,2024-12-03,0.15,2870.7601665840816,3712.859425424883,4.0217055180974315,24245.650294503146,2837.8841774955868,7636.05662252611,"[1, 1, 1, 1]",0,0,0,0.0,0.0,0.0
M2__S1__D1__start001__ndays366__20260325T173641Z,339,2024-12-04,0.15,84.50960092463882,6499.109991536549,22850.369671407585,1399.3023303203934,9157.958981255257,1315.9818714433343,"[1, 1, 1, 1]",0,1,0,0.0,3398.6351299399457,0.0
M2__S1__D1__start001__ndays366__20260325T173641Z,340,2024-12-05,0.15,870.8505878269942,5712.769004199322,2755.209546398091,21494.46245374858,6016.626359996389,4457.314440080782,"[1, 1, 1, 1]",0,0,0,0.0,0.0,0.0
M2__S1__D1__start001__ndays366__20260325T173641Z,341,2024-12-06,0.15,280.16820466116104,6303.451387807305,659.8758846197521,23589.796117353904,10473.937120602297,0.00368550837043069,"[1, 1, 1, 1]",0,1,0,0.0,5818.852835357406,0.0
M2__S1__D1__start001__ndays366__20260325T173641Z,342,2024-12-07,0.15,6487.225285972714,96.39430787697097,19099.340434562306,5150.331570668438,1450.6293105344043,9023.311492154091,"[1, 1, 1, 1]",0,1,0,0.0,5818.845384919318,0.0
M2__S1__D1__start001__ndays366__20260325T173641Z,343,2024-12-08,0.15,6277.827975496007,305.7916165039933,24249.672000000002,0.0,8973.546148015892,1500.3946519841065,"[1, 1, 1, 1]",0,1,0,0.0,581.8856,0.0
M2__S1__D1__start001__ndays366__20260325T173641Z,344,2024-12-09,0.15,3035.1891138391675,3548.430478272191,19714.881269781814,4534.790731396661,8282.698169819841,2191.242632873441,"[1, 1, 0, 0]",0,0,0,0.0,0.0,0.0
M2__S1__D1__start001__ndays366__20260325T173641Z,345,2024-12-10,0.15,576.0052717379351,6007.614320337737,12281.531026202947,11968.140974161863,8989.595924295227,1484.3448817793383,"[1, 1, 1, 1]",0,1,0,0.0,5818.85562233166,0.0
M2__S1__D1__start001__ndays366__20260325T173641Z,346,2024-12-11,0.15,793.6901603993521,5789.929432363698,3224.5581261277102,21025.113874383736,3009.44335887795,7464.497441700683,"[1, 1, 1, 1]",0,0,0,0.0,0.0,0.0
M2__S1__D1__start001__ndays366__20260325T173641Z,347,2024-12-12,0.15,427.6962590544298,6155.923333652073,886.2806603214283,23363.391340494818,8716.745227482086,1757.1956088649952,"[1, 1, 1, 1]",0,1,0,0.0,5818.855481407592,0.0
M2__S1__D1__start001__ndays366__20260325T173641Z,348,2024-12-13,0.15,520.1200277852759,6063.499563234465,1782.7155964028607,22466.956403624536,10473.940798116811,6.1217306210892275e-06,"[1, 1, 1, 1]",0,1,0,0.0,5818.855996076491,0.0
M2__S1__D1__start001__ndays366__20260325T173641Z,349,2024-12-14,0.15,866.3719919591371,5717.247600064171,387.2862319567603,23862.385768119868,3479.5909421563197,6994.349857903983,"[1, 1, 1, 1]",0,0,0,0.0,0.0,0.0
M2__S1__D1__start001__ndays366__20260325T173641Z,350,2024-12-15,0.15,1347.0920025522034,5236.527589784855,4086.7797055822302,20162.892295095648,5813.241933285442,4660.6988692064615,"[1, 1, 1, 0]",0,0,0,0.0,0.0,0.0
M2__S1__D1__start001__ndays366__20260325T173641Z,351,2024-12-16,0.15,1114.9424316783045,5468.6771613982555,4872.384979207245,19377.2870214391,6807.766893946517,3666.1739185791275,"[1, 1, 1, 1]",0,0,0,0.0,0.0,0.0
M2__S1__D1__start001__ndays366__20260325T173641Z,352,2024-12-17,0.15,640.0382141477946,5943.581379735979,792.7322645669653,23456.939736468066,4872.897215875563,5601.043587576159,"[1, 1, 1, 1]",0,0,0,0.0,0.0,0.0
M2__S1__D1__start001__ndays366__20260325T173641Z,353,2024-12-18,0.15,2865.165927880754,3718.453664345891,116.367335542148,24133.304665177657,312.2615426612739,10161.679258291608,"[1, 1, 1, 1]",0,0,0,0.0,0.0,0.0
M2__S1__D1__start001__ndays366__20260325T173641Z,354,2024-12-19,0.15,3337.246329377532,3246.373262889675,2857.224947735463,21392.447055189135,908.6338695736209,9565.30694789166,"[1, 0, 0, 0]",0,0,0,0.0,0.0,0.0
M2__S1__D1__start001__ndays366__20260325T173641Z,355,2024-12-20,0.15,1042.6586376467792,5540.960957085397,13296.927207209646,10952.744797069572,611.3998073828674,9862.540994669303,"[1, 1, 1, 1]",0,0,0,0.0,0.0,0.0
M2__S1__D1__start001__ndays366__20260325T173641Z,356,2024-12-21,0.15,149.94032834953083,6433.679263663667,3936.5166478912515,20313.15535212539,9952.29345551494,521.6473445457849,"[1, 0, 0, 0]",0,0,0,0.0,0.0,0.0
M2__S1__D1__start001__ndays366__20260325T173641Z,357,2024-12-22,0.15,5497.458101204917,1086.1614924218202,1165.2975356378886,23084.3744657138,0.03818490223669259,10473.902621646655,"[1, 1, 1, 1]",0,0,0,0.0,0.0,0.0
M2__S1__D1__start001__ndays366__20260325T173641Z,358,2024-12-23,0.15,3156.63666760589,3426.9829249246477,15495.573850657298,8754.098153791525,7154.104865604214,3319.8359603145045,"[1, 0, 0, 0]",0,0,0,0.0,0.0,0.0
M2__S1__D1__start001__ndays366__20260325T173641Z,359,2024-12-24,0.15,1010.4925509566249,5573.127043180196,21979.250036834175,2270.4219655325737,2292.90999337632,8181.0308451777655,"[1, 1, 1, 1]",0,0,0,0.0,0.0,0.0
M2__S1__D1__start001__ndays366__20260325T173641Z,360,2024-12-25,0.17097479526221965,591.5151002508151,5992.10449179419,14587.059423189512,9662.612576975476,6634.2356058259475,3839.705198027199,"[0, 0, 0, 0]",0,1,0,0.0,5488.310915003733,0.0
M2__S1__D1__start001__ndays366__20260325T173641Z,361,2024-12-26,0.15,159.01912031359987,6424.600472189759,4848.184829368645,19401.487171989334,9014.566623456254,1459.3741843180776,"[1, 1, 1, 1]",0,1,0,0.0,5818.855887778635,0.0
M2__S1__D1__start001__ndays366__20260325T173641Z,362,2024-12-27,0.15,0.0077359567041713345,6583.611856161921,14327.945033573395,9921.72696679255,10473.939335601524,0.0014688239963404383,"[1, 1, 1, 1]",0,1,0,0.0,5818.853518915885,0.0
M2__S1__D1__start001__ndays366__20260325T173641Z,363,2024-12-28,0.15,560.8264789134078,6022.793113098395,1927.3810437764428,22322.29095629863,3371.624375146676,7102.316425029513,"[1, 0, 0, 0]",0,0,0,0.0,0.0,0.0
M2__S1__D1__start001__ndays366__20260325T173641Z,364,2024-12-29,0.15,87.3602808812564,6496.259311227678,8608.212775316068,15641.459225302504,5950.72675048095,4523.214050407899,"[1, 1, 1, 0]",0,0,0,0.0,0.0,0.0
M2__S1__D1__start001__ndays366__20260325T173641Z,365,2024-12-30,0.15,725.7129462881279,5857.906646809552,5707.147278901154,18542.524726902495,8479.28435842114,1994.656475511661,"[1, 1, 1, 1]",0,1,0,0.0,5818.852206853491,0.0
M2__S1__D1__start001__ndays366__20260325T173641Z,366,2024-12-31,0.15,42.94790225368965,6540.671691657474,9617.075342206357,14632.5966662143,7212.812942320284,3261.127868631086,"[1, 1, 1, 1]",0,0,0,0.0,0.0,0.0
