type,name
gen,gen_biomass_mw
gen,gen_fossil_gas_mw
gen,gen_hydro_run_of_river_mw
gen,gen_nuclear_mw
gen,gen_solar_mw
gen,gen_wind_onshore_mw
gen,gen_waste_mw
gen,gen_other_mw
gen,gen_other_renewable_mw
gen,gen_hydro_dispatchable_mw
gen,gen_fossil_coal_oil_mw
da,da_total_load_mw
da,da_gen_total_mw
da,da_wind_total_mw
da,da_solar_total_mw
da,da_import_fr_mw
da,da_export_fr_mw
da,da_import_pt_mw
da,da_export_pt_mw
da,da_elec_price_EURperMWh
da,da_gas_price_migbasPVB_EURperMWh
da,da_residual_load_mw
da,da_res_share_wind
da,da_res_share_solar
da,da_net_imports_mw
da,da_import_share
cal,hour
cal,dow
cal,month
cal,hour_sin
cal,hour_cos
cal,doy_sin
cal,doy_cos
cal,is_weekend
