RMSE_MW,MAE_MW,mean_true_MW,MAPE_percent,nMAE_mean
66.99286413368739,56.66328954696659,7091.958333333333,0.7989794480410314,0.007989794479283713
104.18539371012179,98.2374969124794,7088.291666666667,1.3859121708330673,0.013859121706375458
55.37576442200304,47.05527631441748,7084.625,0.6641886665055311,0.006641886664117804
50.05354770559674,41.323396583398186,7091.666666666667,0.582703594595509,0.005827035945133416
127.88512175931729,123.06081060568492,7091.708333333333,1.7352773805890909,0.017352773803443997
179.44811465644165,176.10551140705755,7093.416666666667,2.4826613137588733,0.02482661313408878
49.61423214223206,40.17139619588837,7091.041666666667,0.5665090981586631,0.005665090980787723
148.07982759447825,143.8021080096562,7094.916666666667,2.0268329392121993,0.02026832938926525
98.94254705062706,93.61474724610646,7091.416666666667,1.3201134786811257,0.01320113478494969
35.66602386618694,31.323453625043232,7092.541666666667,0.44163933181043324,0.004416393317481651
35.572406962103344,32.065952142079745,7093.416666666667,0.45205228522333724,0.004520522851596088
82.38457467752825,75.4303082823753,7092.833333333333,1.0634721660226327,0.010634721658726965
60.97761815271491,51.771896779537165,7094.666666666667,0.7297297986215536,0.007297297985186976
772.2286535972709,629.6952356894811,6469.708333333333,9.732977179900914,0.09732977178396522
134.3285123521361,129.08938294649124,6066.083333333333,2.1280515919908436,0.021280515916400324
334.6630011234691,291.94641917943954,6290.875,4.64079192766411,0.04640791926926407
524.7579532871212,449.8273769418399,6281.208333333333,7.161478382346919,0.07161478381206776
150.17866525111114,100.81176447868347,6090.083333333333,1.6553429396754311,0.016553429394036215
553.4968432367614,544.2532760699592,6902.666666666667,7.884681418823051,0.07884681417680785
54.079982459682476,43.39005545775107,7042.0,0.6161609692949598,0.006161609692074617
81.38496152200518,72.95809433857612,7089.125,1.0291551402828434,0.010291551401376695
84.11086781072463,76.6300934155782,7087.916666666667,1.0811370536557972,0.010811370535032647
99.49722974726822,76.66935362418504,7060.791666666667,1.0858464212466972,0.01085846421092912
133.85823607395275,130.29516390959432,7081.791666666667,1.8398615780083099,0.01839861577748508
65.3564708605439,57.16358302036932,7080.708333333333,0.8073144709444464,0.008073144708304303
69.50863982142722,59.621063530445134,7085.166666666667,0.841491334437371,0.00841491334318603
293.0074589772762,256.9249064524969,6822.916666666667,3.7656169495327787,0.03765616948980871
160.49351244164467,140.37438791990277,6912.875,2.0306223954563443,0.020306223951625995
109.0652179233494,103.89301554361957,7081.125,1.4671823409927034,0.014671823407855071
120.04168159458395,112.15447249015153,7052.458333333333,1.5902890480055043,0.0159028904778001
37.961942688162395,29.45482049385718,7077.958333333333,0.4161485432196034,0.004161485431608083
75.16941687717804,66.72964016596502,7084.666666666667,0.9418882116208482,0.009418882114879007
35.87484367421844,30.499380648136214,7085.375,0.43045541905878254,0.004304554189980298
52.883130216305524,41.716897308826255,7087.25,0.5886189609344422,0.0058861896085138895
105.2350302882462,98.77875908215844,7086.75,1.3938513293422012,0.01393851329145517
142.70502382413588,138.96348909537014,7077.0,1.9635931764217907,0.019635931761443296
63.11373996050072,52.69745202859258,7080.75,0.7442354556874988,0.00744235455582392
158.42600076369598,154.7907502849899,7078.625,2.1867347159227943,0.021867347156138736
78.63996258554502,72.01827458540613,7078.166666666667,1.017470737508387,0.01017470737364639
73.70259342592823,63.71032534042994,7080.083333333333,0.8998527607786624,0.00899852760651566
416.1858431199572,407.253972530365,6483.5,6.281390800190715,0.06281390799221888
401.5970394255663,355.98804312944395,6893.041666666667,5.164455117846291,0.05164455117097063
485.4772739903977,270.9110005100569,6862.541666666667,3.947677313581196,0.039476773130059456
490.5220824566201,489.07285185654956,6074.833333333333,8.050802796069295,0.08050802794744023
45.137172766830275,41.320520957311,6072.0,0.680509238427388,0.006805092383153146
446.2367017439492,403.3768244783084,6428.333333333333,6.274983009774049,0.06274983008797903
336.18067270186793,330.8149786392848,7048.583333333333,4.693354153519523,0.04693354152853665
55.0110370084582,43.536270042260526,7085.0,0.6144851099825057,0.006144851098957752
186.9187565621346,183.39853715896606,7086.25,2.5880901345417686,0.025880901341765412
108.90446670822408,101.48827783266692,7074.125,1.4346407199853963,0.014346407197825952
103.1041465772365,96.64633516470606,7071.75,1.3666537301899255,0.0136665372999667
105.33307404163712,90.22770965099346,7065.708333333333,1.2769803874486771,0.012769803872679477
1162.8788814999302,1101.5403479735057,5835.125,18.87775065613,0.1887775065289481
146.82148859172827,141.8610722621282,5558.833333333333,2.5519936244798647,0.025519936240207767
433.3278043851506,269.3519176840782,5350.291666666667,5.034340825981354,0.050343408250404065
235.73228484885135,232.8256574968497,4670.333333333333,4.985204285850753,0.04985204284783334
209.8930446619526,204.1703248222669,4956.791666666667,4.119001534707771,0.04119001533876789
51.92844487015622,42.751083274682365,5018.375,0.8518909661928885,0.00851890966023134
458.12611888763234,442.60237268606824,5574.791666666667,7.93935269962677,0.07939352698202617
51.03125661871737,40.93007552623749,5735.958333333333,0.7135699589793189,0.00713569958854916
181.6176418996513,178.27107777198157,5991.125,2.9755860171834434,0.029755860166867775
850.1648673394603,802.9411722024282,5147.291666666667,15.599294234717508,0.15599294231686925
40.796414977925956,36.626170098781586,4993.666666666667,0.7334524417351629,0.007334524415882863
141.9654319406783,139.15462650855383,5041.625,2.7601145763231862,0.027601145757757208
274.2404199633181,229.4252799153328,5433.875,4.222130246193237,0.042221302454162356
184.85351266788032,174.3487162788709,5948.208333333333,2.9311131437988345,0.02931113143306062
49.85135701337487,35.13414132595062,6031.958333333333,0.582466578586843,0.005824665784902795
599.4976537393088,362.10348868370056,5750.458333333333,6.296950046307044,0.06296950045212009
978.8271459531237,841.2625650266806,4347.5,19.350490282384833,0.19350490277933885
684.671473882511,683.1003032426041,3653.7083333333335,18.696081923413995,0.1869608191829698
682.6245624147301,681.1836365759373,3655.625,18.633848837775684,0.18633848832678374
682.3864391327157,680.8919699092706,3655.9166666666665,18.624384306059238,0.18624384300964925
684.340454674732,682.7253032426039,3654.0833333333335,18.683900747819212,0.18683900742706055
695.4890941365585,693.7669699092708,3643.0416666666665,19.043618859952762,0.19043618854725367
703.044532938702,701.5169699092708,3635.2916666666665,19.297405386801262,0.19297405381492913
704.7569889731865,703.4336365759373,3633.375,19.360336782631503,0.19360336777303028
251.56271274937643,216.27992791930834,4303.583333333333,5.025577784078578,0.050255777829108124
152.41782611960778,143.19780606031418,4627.5,3.0944960790991716,0.030944960784304528
90.11082242556822,76.96373773614566,4612.833333333333,1.6684699440577881,0.01668469943696086
112.1657069215648,101.82685455679893,4604.5,2.2114638843913332,0.0221146388391105
132.1463978315492,123.6076963742574,4596.75,2.6890236879155363,0.02689023687330552
88.07022442129475,75.5196622312069,4589.833333333333,1.6453682900150381,0.016453682896565573
153.2269081447475,145.81097906827927,4582.625,3.181822188555233,0.0318182218786091
53.4284560387734,51.505681524674095,4620.458333333333,1.1147310030500026,0.011147310028087427
109.08227980910166,87.53964860240619,4868.041666666667,1.7982518350617962,0.017982518346923968
281.17914089161394,279.1860298315684,4970.75,5.616577575447738,0.05616577574317812
311.77862423841293,296.7326495548089,5211.791666666667,5.693486396485064,0.056934863953926405
109.74313495594146,103.63519263267517,5335.333333333333,1.9424314500688835,0.019424314497048144
65.5498078886879,53.37256010373434,5330.791666666667,1.0012126423448862,0.010012126421570693
298.8842540950471,173.10249239206314,5197.291666666667,3.330628786955959,0.03330628786315119
243.51998169228267,240.8656587700049,4681.666666666667,5.144869891847737,0.05144869890748797
81.88032098635034,70.9639471968015,4677.208333333333,1.517228700099985,0.015172286997755972
40.84358675717599,36.410109758377075,4680.625,0.777889913385009,0.007778899132188153
275.3709265506669,243.55157651503882,4891.041666666667,4.979544095379248,0.04979544094361154
210.3615874328777,206.11218098799387,5342.458333333333,3.8580025922147674,0.03858002591492628
39.17624269259903,36.43456474939982,5360.166666666667,0.6797282065122319,0.006797282063854208
54.42774340404147,38.79686160882314,5361.583333333333,0.7236082924911449,0.0072360829235618325
912.5428470527412,810.7697956164678,4591.208333333333,17.659181129509506,0.176591811256632
105.92372554570383,93.6222960750262,4337.958333333333,2.158211049553485,0.021582110490559674
52.221828562320475,46.021483808755875,4331.708333333333,1.062432653985765,0.01062432653740496
59.74963452705798,45.04222448666891,4324.625,1.041529022439377,0.010415290221985401
52.672148372013645,43.3648931880792,4315.458333333333,1.0048734071447616,0.01004873406911907
97.38871812771718,84.0578016936779,4306.958333333333,1.9516743647859276,0.01951674364332783
482.2872276418364,420.14969675739604,4756.958333333333,8.832318202438099,0.08832318200581384
136.88631081407323,129.8341703514258,5280.041666666667,2.45896109439968,0.024589610939339715
153.12583494774105,149.02137062946954,5282.541666666667,2.8210164733731937,0.028210164728391673
77.12301269893317,66.64350084463756,5268.708333333333,1.264892581413298,0.012648925811732218
49.77387326061714,45.59899878501892,5273.541666666667,0.864675045107616,0.00864675044943651
33.626428878101095,31.251832842826843,5256.125,0.5945793306442835,0.005945793305311622
89.98823990022703,79.3036035100619,5269.208333333333,1.50503829974576,0.015050382994601312
42.405046000539336,40.18755785624186,5263.083333333333,0.7635744165728302,0.007635744164277489
43.939131624528045,39.259462555249534,5258.208333333333,0.7466319336640245,0.007466319335220307
104.71597341956878,96.54715309540431,5254.541666666667,1.8374038921010423,0.01837403891751363
70.14107859252272,56.20538387695948,5247.958333333333,1.0709952386618826,0.01070995238457804
46.47918727702466,37.361857871214546,5232.333333333333,0.7140572951114458,0.007140572949749756
79.03452933320253,67.7346147497495,5230.958333333333,1.2948796460129104,0.012948796457653686
455.80592570139163,366.5634221633275,4850.166666666667,7.557748987938438,0.07557748986380193
46.30892185704174,39.396483808755875,4324.583333333333,0.9109891236247626,0.009109891234141089
87.98814825189702,72.34465436140697,4320.583333333333,1.6744186786832098,0.01674418678295665
36.51811748096962,29.558437446753185,4353.0,0.6790360084252971,0.006790360082693045
303.060316409615,300.31636342406273,4637.125,6.476348242155705,0.06476348240759074
152.7298778454841,141.96408183375993,4633.458333333333,3.0638903303060516,0.03063890329644798
79.64746937875786,60.45818228522936,4643.25,1.3020660590153312,0.013020660587349098
74.84069577479163,59.46622628966967,4638.458333333333,1.2820256649138742,0.012820256646374836
61.606495376611555,58.39245170354843,4616.5,1.2648641114166237,0.012648641111426358
164.10144367853388,157.23740281661352,4647.041666666667,3.3836021730659507,0.03383602172337831
160.08711708294882,158.74459770321846,4601.375,3.4499382837351544,0.03449938282985392
185.00620605389014,165.1287543376287,4854.958333333333,3.4012393722080425,0.03401239371507472
109.90442652078123,91.35042676329613,5164.166666666667,1.7689287093102364,0.017689287089676972
73.11884076886699,67.9281439781189,5458.333333333333,1.2444850805151553,0.01244485080287158
90.22615652851795,85.7404995560646,5530.333333333333,1.55036766119097,0.01550367660910631
501.1190072764569,491.07409874598187,5041.875,9.739910226770435,0.09739910224838631
136.17664235824773,128.95041752854982,5006.916666666667,2.5754456507541197,0.02575445650239742
105.6969204256932,98.7193952401479,4992.875,1.9772054225300633,0.01977205422134058
55.424367964418494,44.79774792989095,4973.708333333333,0.9006910925930376,0.00900691092411947
121.47921261388375,119.12387365102768,5001.583333333333,2.3817232606546797,0.02381723260178486
496.1782462025169,395.62073337038356,4762.416666666667,8.307142382971886,0.08307142381227572
91.92989105695136,77.73066581288974,4474.875,1.7370466395796473,0.017370466391914693
86.76107660293016,83.92527926961581,4493.5,1.8677040006590813,0.018677040002434354
38.113737338400995,32.85498892267545,4611.5,0.7124577452602288,0.0071245774510573295
48.81592256724244,44.3986908296744,4757.916666666667,0.9331540239181939,0.009331540237220671
70.25817273666252,67.18164819478989,4967.916666666667,1.3523102882453721,0.013523102879731633
470.1826114769905,299.90983127554256,4770.541666666667,6.286703947501612,0.06286703946183794
301.743548733454,298.3455923696356,4051.125,7.364512138471056,0.07364512136653163
291.4838995541293,287.60030324260396,4049.2083333333335,7.102630429633873,0.07102630427879796
295.8737043050399,291.89196990927064,4044.9166666666665,7.216266587509523,0.0721626658572549
227.87169714196185,203.40160986781135,4136.375,4.917388047935967,0.0491738804674715
342.4745706411758,308.55771458148956,4711.791666666667,6.548628131510262,0.06548628130120422
60.19429820485752,53.01603258649508,4993.333333333333,1.061736300130075,0.010617362999174443
79.70649649572383,68.54863272110622,4968.958333333333,1.3795372817127578,0.013795372814351265
43.93549655444343,35.370970437924065,4997.333333333333,0.7077969004387152,0.007077969002970803
84.89546853354153,79.59607943892479,4971.25,1.601128075210959,0.01601128074888881
42.97501116455977,34.17247277498245,4989.5,0.6848877197110422,0.006848877195737764
270.9647411568418,188.06791948278746,4878.666666666667,3.854904061549346,0.03854904060759191
849.448253242487,846.2034751375514,4072.8333333333335,20.77677640800961,0.20776776402908304
67.38854012693825,57.42368190487226,4394.125,1.3068285928341197,0.01306828592536716
416.5703204915158,403.4209496776263,4836.916666666667,8.340456895976285,0.08340456894251952
52.22344207686494,46.25988713900248,4994.291666666667,0.9262552174866802,0.009262552173012173
30.62912392825641,26.947631001472473,5003.291666666667,0.5385980429844847,0.005385980428768359
51.04769294485927,44.798426200946174,5035.5,0.8896519948554498,0.008896519946787737
84.35377417568314,73.95528169473012,5040.583333333333,1.467196885837885,0.01467196885546808
219.74633010316353,215.7717993656794,5040.083333333333,4.281115709707434,0.0428111570885802
181.01826127622255,121.69153278072675,5153.166666666667,2.361490335018469,0.023614903345602088
399.24170494890274,381.3213505744934,5804.5,6.569409089060098,0.0656940908792832
126.10123842999457,124.68570184707642,5924.708333333333,2.1045036283993124,0.02104503628044104
97.15710476065965,84.43100774288177,6100.083333333333,1.3840959726159225,0.013840959723890245
150.10540785422336,133.791452785333,6292.833333333333,2.1260924244828723,0.021260924241450128
151.71558200031578,137.8726049462954,6545.75,2.106291944334804,0.021062919440130234
107.50770720574172,98.13753279050191,6862.333333333333,1.4300898546243053,0.014300898544159082
81.18850400654401,68.37058266003946,6997.958333333333,0.9770075699703765,0.009770075698307634
49.52441719446384,35.57948027054465,7012.25,0.5073903564554123,0.005073903563830546
42.183691993078895,33.18565650780996,7027.041666666667,0.4722564356666443,0.004722564355994387
89.62451223287668,77.80365498860685,7030.333333333333,1.1066851499019514,0.011066851497445357
67.04696908426581,51.22066710392642,7019.333333333333,0.7297084305811533,0.0072970843047719626
75.92654753117645,55.86247789859768,7011.166666666667,0.79676436967596,0.007967643695623177
141.5800846996966,134.2953492601714,7003.625,1.9175119921493713,0.019175119918755826
127.1493565030225,120.08317404985424,6992.75,1.7172524979422148,0.017172524976966388
117.96995199005421,110.46272359291709,6987.5,1.5808618761061477,0.015808618758799065
85.60568658376758,71.00858614842093,6979.5,1.0173878665867315,0.010173878664409636
53.05371227836845,40.240489900112074,6984.583333333333,0.5761330057881584,0.005761330057056719
46.71256701995342,39.73356854915619,6990.958333333333,0.5683565350361768,0.00568356534954878
146.54047873279,140.17242042223606,6987.041666666667,2.0061769645794687,0.020061769642923402
76.43100451811863,63.02096104621884,7002.291666666667,0.9000047990891387,0.009000047989606085
70.62888269141875,51.14305174350746,6998.416666666667,0.730780320455924,0.007307803203515032
110.81327336828528,97.72910863161069,6991.541666666667,1.3978191547874255,0.013978191545874954
111.27132293781148,96.4438202182453,6971.333333333333,1.3834343533266518,0.013834343531282054
74.95288593923287,57.693871279557506,6958.333333333333,0.8291334794666948,0.008291334793475378
39.29440921603052,35.88758699099219,6969.041666666667,0.5149572740057592,0.0051495727393186695
77.2798423704407,58.43365593751264,6990.583333333333,0.8358909857905893,0.008358909856710155
153.43197536149944,147.95211797952652,6970.625,2.1225086413273777,0.02122508641022884
77.15450487028106,63.726924121379774,6968.958333333333,0.9144397350830258,0.009144397349518095
63.53886522933944,46.99692334731424,6961.333333333333,0.6751138193925623,0.006751138192955817
46.36695959800294,42.29246556758884,6944.708333333333,0.6089883626154999,0.00608988362527809
939.9441335461388,861.9326093594233,6096.541666666667,14.138058205557904,0.14138058203238874
53.441605365823385,49.33787498871485,5926.333333333333,0.8325194047254884,0.008325194045850103
238.02224413439677,202.26615331570306,6207.791666666667,3.258262586384633,0.03258262585859766
97.97133717039712,89.37521493434906,6662.541666666667,1.3414582513082327,0.013414582511068895
110.9777193131419,105.2032460172971,6894.875,1.5258180317597796,0.01525818031538482
61.32289813273926,44.830055177211726,6947.958333333333,0.6452263100389692,0.0064522630994610355
90.55261580573621,66.15454488992687,6909.458333333333,0.9574490748540616,0.009574490747154909
190.75070856626385,184.1880628267924,6918.166666666667,2.6623825603140383,0.02662382559929199
134.0500282624344,126.47454631328587,6921.5,1.8272707695338564,0.01827270769269857
448.57021042956006,424.277863184611,6556.458333333333,6.471144047809517,0.06471144046822529
55.552140078755684,48.66659682989109,6807.291666666667,0.714918637439869,0.007149186373348466
72.29531365688756,58.46274228890744,6929.875,0.8436334319003942,0.008436334317786556
61.762164271714774,53.048617800076876,6917.583333333333,0.766866335306071,0.007668663351952133
47.96222258840641,43.87051137288412,6919.041666666667,0.6340547359937966,0.006340547359021574
48.98142828497469,38.422545611858254,6915.875,0.5555702729135251,0.005555702728331924
63.31184977648628,61.443596641222676,6884.041666666667,0.8925512019885025,0.008925512018588473
132.45005739507286,126.83205856879545,6853.916666666667,1.850504824279968,0.018505048240099756
163.25586269687832,153.88954283793763,6849.791666666667,2.246630997360323,0.022466309970323374
52.740410262678004,45.7333305279415,6853.75,0.667274565426832,0.006672745653294729
46.11661135911895,42.336972395578904,6851.75,0.6179001334780005,0.0061790013338781915
53.79639631846418,46.025182604789585,6850.541666666667,0.671847349367112,0.006718473492690399
38.46487658880062,34.80086370309198,6862.208333333333,0.5071379651073255,0.005071379650334224
66.72214370127627,50.05120005210237,6873.0,0.7282293038280571,0.00728229303722102
320.86370977869524,271.31052521864575,6658.708333333333,4.074521838724664,0.04074521838112755
119.50843724332067,110.95519540707282,6761.291666666667,1.641035483709195,0.016410354834664843
158.07544295281713,152.07374040285742,6902.833333333333,2.203062612978112,0.022030626126589584
71.54267502217404,59.8764899174372,6916.583333333333,0.8656946216330875,0.008656946215079253
49.04255535162628,41.03508309523276,6914.5,0.5934642142632549,0.0059346421417742585
42.29863289723991,38.50505570570639,6907.458333333333,0.5574417368526492,0.005574417367719478
54.79022443394953,44.97769371668486,6908.208333333333,0.6510761046342436,0.006510761045399967
90.17971734465965,79.25704101721449,6909.416666666667,1.1470872989839638,0.011470872988179457
142.83516228528407,136.16824795802427,6896.833333333333,1.9743589757331763,0.019743589754469056
82.41743380311735,74.97326636314396,6909.916666666667,1.0850097038769493,0.010850097037199271
145.14311056066177,141.1520811319352,6943.083333333333,2.0329884340329376,0.020329884337401297
119.34643876591385,109.87446254491806,6954.416666666667,1.5799234905144413,0.015799234902872585
55.14624415102441,43.33042999108621,6941.083333333333,0.6242603338732361,0.006242603337832991
65.1312166161804,53.41037380695343,6926.416666666667,0.7711111874627827,0.007711111873514537
37.319921975753246,34.12744003534317,6921.166666666667,0.49308796737558463,0.004930879673043411
118.83851909778373,86.76029405991248,6925.458333333333,1.2527733167106267,0.012527733165297327
149.45416341993658,134.0849565664927,6723.541666666667,1.9942608109539395,0.01994260810657331
134.60154985910512,127.04678062597918,6905.541666666667,1.8397800890730878,0.018397800888066668
46.72109041383297,41.436313251654234,6898.791666666667,0.600631462055373,0.006006314619683096
112.64912114641136,105.64183197418856,6906.25,1.5296554855991105,0.015296554853776217
111.82543086791937,104.41947257518775,6906.75,1.5118467090192602,0.01511846708800366
49.64415578251507,42.19953425725305,6928.083333333333,0.6091083525831298,0.00609108352495211
126.93593466183731,117.63653856515892,6925.208333333333,1.6986714753249386,0.0169867147507965
56.16043298991791,45.95113094647718,6907.166666666667,0.6652674412539225,0.006652674411576068
105.16439026978462,96.83637722333276,6901.916666666667,1.4030360246308309,0.014030360244275487
35.853283467521045,29.25627698500959,6900.583333333333,0.4239681715556838,0.004239681714942443
38.76209817729224,34.808594524860304,6909.0,0.5038152341129006,0.00503815234039979
38.917171909113115,32.96078292528781,6911.25,0.4769149274774868,0.0047691492740848124
72.4308020272778,62.309086918830985,6911.541666666667,0.90152226411856,0.009015222639881226
86.50049358241013,78.8226610422134,6906.041666666667,1.1413580289077325,0.01141358028742463
130.79623511912982,128.81557404994956,6931.0,1.8585424044142196,0.018585424041460703
30.296399836615716,26.423315644264147,6934.291666666667,0.38105284453611554,0.003810528444811635
63.52719471242536,47.726121664047206,6930.208333333333,0.6886679212007413,0.006886679211013694
44.26771067923729,33.568312029043796,6922.083333333333,0.4849452168163794,0.004849452167463217
37.538031378986936,29.12079250812538,6959.75,0.4184172205628849,0.004184172205027653
37.2622487201421,31.431833406289382,6967.0,0.4511530559249229,0.0045115305586016724
93.87396355481586,83.89177693923311,6969.333333333333,1.2037274288200657,0.01203727428647348
35.59811358874638,31.26072583595908,6964.458333333333,0.44886083511102076,0.004488608350465706
50.015404564097956,43.31164870659495,6968.75,0.6215124478076406,0.006215124477184549
37.83918756934971,33.09821095069234,6968.666666666667,0.4749575856312877,0.004749575855631316
54.02410609614278,44.62617890040076,6995.958333333333,0.637885144166345,0.006378851440751659
48.10664854644291,41.76294567187616,6998.958333333333,0.5967023045840322,0.005967023044987762
46.30412597618036,42.298735916614454,6992.375,0.6049265938485058,0.006049265937619934
43.512834360651084,37.3882957100869,6992.0,0.5347296297209225,0.005347296296444451
44.7829502549822,40.07232352097833,6985.791666666667,0.5736260889683703,0.0057362608888625695
35.32374703868219,32.09042574961984,6976.541666666667,0.4599761211625125,0.004599761210965807
34.05078678184596,30.09428630272555,6975.958333333333,0.43140002942571404,0.004314000293638731
79.66374277220608,69.90468549728398,6975.75,1.0021099594636274,0.01002109959319971
64.73615133681464,55.39912003278729,6979.708333333333,0.7937168343871192,0.007937168342734014
49.49201828193359,44.77034535010652,7004.541666666667,0.6391616679669478,0.006391616678756982
83.35321963097972,63.394895831743874,6996.291666666667,0.9061213976224624,0.00906121397492948
78.86482017866298,72.7780280709266,6999.75,1.039723248272104,0.010397232481235667
114.34172905200414,107.3559620976448,6976.666666666667,1.5387858876872165,0.015387858874666547
86.4544877248948,76.12370260556531,6957.041666666667,1.0941964451686046,0.010941964450113256
72.67676689675308,66.45585614442825,6983.583333333333,0.9516011046539372,0.009516011045176747
46.86087015207145,40.15088174740473,7019.5,0.5719906225144915,0.005719906224330056
86.64667308268378,68.53379184007649,6967.958333333333,0.9835562809298729,0.009835562807887187
261.30945177734503,206.85296014944706,6852.5,3.0186495461429703,0.030186495457024523
306.64672543476667,302.59613186120987,6993.125,4.327051666618427,0.04327051665999669
119.49845060409113,107.35958115259807,6992.458333333333,1.5353624724628046,0.015353624722432303
32.013066279382514,26.605164150397098,6984.666666666667,0.38090814379684684,0.003809081437423119
66.40390298846866,50.31214267015457,7024.125,0.7162763001819383,0.007162763000799645
98.99253390415663,80.61586554845171,7006.791666666667,1.1505389254252367,0.011505389252610333
452.4859801929867,294.1133599877358,6656.25,4.418604469299317,0.04418604468635489
264.2898646165192,260.8336310982704,5999.791666666667,4.347378135600882,0.04347378134876293
183.94766498813405,180.46817491451898,6052.833333333333,2.9815487223259463,0.02981548721833359
43.57697963563254,41.813030540943146,6053.416666666667,0.6907343875928439,0.006907343874787373
51.565215099422716,40.741866966088615,6058.958333333333,0.6724236201121803,0.006724236200012001
80.31636070483769,70.3149469892184,6072.375,1.1579480349816735,0.011579480347909824
110.82613780531858,104.48934165636699,6072.333333333333,1.720744496728885,0.017207444964455105
75.54722068042047,63.29280420144399,6069.25,1.042843913192635,0.010428439130208106
56.149670602822326,40.28236520290375,6064.666666666667,0.6642140024662594,0.006642140023567374
226.36588232850886,223.40746168295541,6065.791666666667,3.6830717894688996,0.03683071788861712
107.19612695051718,99.88561546802521,6067.5,1.6462400571573994,0.016462400568860783
92.390412867474,80.80653949578603,6063.458333333333,1.3326807088218802,0.013326807086020912
76.22877315620256,66.5878614584605,6081.75,1.0948799516333374,0.010948799514533102
48.90161505462809,43.22880917787552,6074.416666666667,0.7116536706329911,0.0071165367051583515
412.6783292076267,352.24166214466095,5801.583333333333,6.071474663146457,0.060714746620999356
89.68132668767402,80.59193255503972,5864.5,1.3742336525712289,0.01374233652336898
149.40874101784598,145.04094511270523,6050.791666666667,2.397057329071902,0.02397057328675746
41.66193684384961,38.031944731871285,6065.166666666667,0.6270552290160416,0.006270552289126552
63.66449958096602,50.82100530465444,6060.541666666667,0.8385554971789558,0.008385554970405926
49.55993255695652,45.54459375143051,6060.875,0.7514524511960816,0.007514524510720974
82.41337522243383,73.61753235260646,6069.333333333333,1.2129426464071804,0.012129426462073324
43.61233882419598,38.07008985678355,6077.083333333333,0.6264533126930444,0.006264533125899597
42.21868981493134,32.96850130955378,6079.458333333333,0.5422934001996415,0.005422934001104404
86.3041724971445,70.32312667369843,6049.083333333333,1.1625418728517836,0.011625418726595987
83.27857359045812,76.71347238620122,6064.5,1.2649595578563975,0.01264959557647813
47.94650806878277,35.08123993873596,6080.0,0.5769940779397362,0.005769940778448358
469.26661658932466,339.9263635079066,5763.916666666667,5.897489210309655,0.05897489209286481
125.83846282687095,118.4903959731261,5083.375,2.330939503245897,0.023309395027873547
40.85596238609855,37.72453667720159,5084.0,0.7420247182769786,0.007420247181310256
78.99072592196846,66.76161222656567,5082.666666666667,1.3135154556643298,0.013135154554058993
114.80027540961387,106.85921444495519,5081.416666666667,2.102941393212953,0.02102941392799103
142.915483720918,136.6504279077053,5083.458333333333,2.6881390373883653,0.02688139036859564
107.91838021585374,99.21908769011497,5084.708333333333,1.951323088478329,0.01951323088094566
189.85313904481183,188.39401680231094,5148.625,3.6591131962865995,0.03659113195575902
468.8017703638122,461.3482426901658,5439.875,8.480861098649617,0.08480861097090599
370.6796924461056,362.29798326889676,5871.041666666667,6.170931903377114,0.06170931902326034
848.2248021676578,694.0446392496427,5395.958333333333,12.862305384424626,0.12862305382040934
90.34924672222544,84.06281605362892,5067.708333333333,1.6587934925279297,0.016587934922006033
51.1137678422443,35.63283567627271,5083.75,0.7009163644213958,0.00700916364283522
46.785712034127705,42.91782343387604,5084.166666666667,0.8441466664587977,0.008441466662927631
75.86793374038433,63.35193051894506,5085.166666666667,1.2458181741459484,0.012458181739009578
85.77073206096718,74.82642042636871,5085.875,1.4712595261654822,0.014712595258761986
72.11754370873946,59.13158945242564,5087.583333333333,1.1622726465235749,0.011622726462951219
60.61057288869814,42.7305462261041,5086.125,0.8401395212682368,0.00840139521103054
139.94693654973528,132.8586206237475,5082.708333333333,2.613933594269738,0.026139335937554582
84.32531116001418,73.63209500908852,5083.958333333333,1.448322157290599,0.014483221570057181
67.77827370791802,56.40587139129639,5085.791666666667,1.1090873375917494,0.011090873373736735
812.3701823348346,602.8314198454221,4577.083333333333,13.170645495029706,0.13170645492152186
304.2813979044726,300.85030324260396,4035.9583333333335,7.454247006413691,0.07454247004566734
284.5628471203508,282.80863657593727,4054.0,6.976039382731555,0.06976039381010776
200.1506546118492,178.4994873305162,4469.208333333333,3.9939844826473636,0.039939844817536964
117.51017361823966,115.15743802984555,4825.125,2.386620823913278,0.02386620823418654
166.75832023709202,164.61508984367052,5038.208333333333,3.2673339201668026,0.032673339195182914
40.99786698809586,37.60844041903814,5087.666666666667,0.7392080276296561,0.00739208027484362
43.63970057034525,39.62013229727745,5087.666666666667,0.7787485873801504,0.0077874858722708435
75.82895854365495,62.36394973595937,5087.458333333333,1.2258370614526122,0.012258370612116595
75.67827902356531,63.18782911698023,5088.333333333333,1.2418178011853305,0.012418178009412785
129.7427798700511,122.91562577088673,5087.833333333333,2.4158736679834916,0.024158736675086577
103.73204741680094,94.89901118477185,5087.416666666667,1.865367383933008,0.01865367383566345
67.13901760589908,54.493142833312355,5090.833333333333,1.0704169487637065,0.010704169485534428
62.0131447325755,45.791765650113426,5093.0,0.89911183291014,0.008991118327336012
44.550278653859124,39.2717390259107,5094.166666666667,0.7709158650595916,0.007709158649082585
48.24433028660202,43.245943327744804,5094.916666666667,0.8488057049231057,0.008488057047565072
55.46136385191635,38.720037788152695,5100.541666666667,0.7591358000503743,0.007591357999015398
225.2292016322369,221.5253522992134,5101.416666666667,4.342428128772335,0.043424281279211156
133.07069338611254,127.05860368410747,5101.75,2.490490590172146,0.02490490589683982
42.383756544427534,36.813771237929664,5102.083333333333,0.7215439033975598,0.007215439032561384
61.86301216171291,52.33079146345457,5099.916666666667,1.026110716778795,0.010261107165775935
88.0640402578597,78.30636948347092,5102.208333333333,1.5347544507715631,0.01534754450470761
68.64963469948673,57.31122559309006,5102.541666666667,1.1231897618296123,0.011231897616094885
48.04267329971876,43.562558184067406,5102.875,0.8536865626547272,0.008536865624874318
96.76941049440029,87.90197701255481,5103.541666666667,1.7223720849910726,0.017223720846535867
78.56044884594516,65.98824884494145,5102.958333333333,1.2931371282006312,0.012931371279472217
84.59358276035225,74.14487250645955,5103.166666666667,1.4529188903581347,0.014529188900734253
54.886087426474276,43.47907028595606,5122.666666666667,0.8487585297883146,0.008487585296226277
538.5496281555046,483.8670148452123,5735.916666666667,8.435739969116456,0.08435739967645767
44.420739479324894,38.98509951432546,6099.333333333333,0.6391698466661733,0.006391698465613799
115.07091547760662,109.25983566045761,6101.375,1.7907411962132733,0.017907411959197754
48.84473790898236,38.68039182821909,6247.958333333333,0.6190885048297499,0.006190885047306634
177.64480156734902,163.26889626185098,6461.375,2.5268444605343445,0.02526844460143275
172.57374174388724,159.8920952677727,6801.291666666667,2.350907784934568,0.02350907784588912
67.59033449758765,57.37370727459586,7097.833333333333,0.8083270567252334,0.008083270566113498
76.43805243204366,69.99601531028752,7109.75,0.9845074061716308,0.009845074060331579
73.14536094004653,64.26621480782826,7114.666666666667,0.9032919997352173,0.009032919996082554
166.15755179333857,162.51179663340244,7115.833333333333,2.2838055505338204,0.022838055502128734
158.5823419313248,154.92823338508603,7113.25,2.1780231734451343,0.02178023173138942
41.81183829374322,32.82993074258169,7114.791666666667,0.4614320739199206,0.004614320738550653
