datetime_utc,y_true_mw,abs_error,y_pred_mw
2024-01-01,288.9166666666666,70.01220523317666,74.45358650072711
2024-01-02,328.6666666666666,62.66756132741778,66.33079969333266
2024-01-03,373.87499999999994,64.05313392728573,73.5934344645601
2024-01-04,380.9166666666666,41.782743682463995,50.225016535741766
2024-01-05,355.87499999999994,39.13756955911719,58.181239978602804
2024-01-06,314.45833333333326,42.13210561871535,46.306461137910524
2024-01-07,344.9166666666666,52.870471189419476,65.15756658600537
2024-01-08,460.0416666666666,64.37903441985453,80.9548634632961
2024-01-09,586.9999999999999,50.52674250304699,59.98513571992434
2024-01-10,575.6249999999999,95.83895087242122,99.03614723169937
2024-01-11,570.8749999999999,55.81286984930429,65.38849824139156
2024-01-12,578.9583333333333,83.93655121823147,101.45960368286698
2024-01-13,378.2916666666666,104.73862042526412,113.17528107098308
2024-01-14,357.99999999999994,34.972489421566266,39.384247420038015
2024-01-15,420.33333333333326,100.33703821400803,115.2314894239624
2024-01-16,392.95833333333326,47.47889562696219,55.66649138839475
2024-01-17,366.83333333333326,31.970541221400044,38.113303851698056
2024-01-18,390.49999999999994,28.65767755359415,32.46894205963705
2024-01-19,394.2916666666666,59.816282687087885,69.58734214006725
2024-01-20,360.33333333333326,57.749385688453934,70.12354679701747
2024-01-21,326.9166666666666,38.993128458658866,43.425778072583896
2024-01-22,413.5416666666666,53.16009275366857,65.72577529426707
2024-01-23,540.5416666666666,54.29023223618662,69.15907653033885
2024-01-24,568.2499999999999,111.90239970386023,126.46040415225967
2024-01-25,555.4166666666666,43.25840639571347,53.59053889482966
2024-01-26,442.7916666666666,54.80118127415577,60.64664140128739
2024-01-27,355.0416666666666,56.196524384121055,77.08745290100345
2024-01-28,297.2083333333333,20.93888530880213,24.810383737611676
2024-01-29,451.49999999999994,41.362857458492094,53.50766259242033
2024-01-30,580.8749999999999,102.81381031125774,117.05231434784916
2024-01-31,589.2083333333333,96.76773785551381,112.62428266928744
2024-02-01,507.95833333333326,118.30086687952281,131.18346525000607
2024-02-02,394.58333333333326,47.41038672626018,61.11194005033223
2024-02-03,306.62499999999994,30.31546247005464,35.81009376432538
2024-02-04,297.33333333333326,33.758328522245144,38.371087410780866
2024-02-05,364.99999999999994,61.053993155558906,81.05595374088867
2024-02-06,372.87499999999994,49.7922099977732,72.25898134309496
2024-02-07,359.58333333333326,42.71478696912525,57.99880851964036
2024-02-08,347.2916666666666,37.59968618303537,53.11306662065199
2024-02-09,338.1666666666666,26.443089668949444,38.22863690893092
2024-02-10,268.70833333333326,28.0005435918769,29.59682790672891
2024-02-11,283.8749999999999,54.591359540820214,64.41530657443643
2024-02-12,372.12499999999994,65.92314607898396,80.49075081077815
2024-02-13,378.49999999999994,80.10474255929394,94.79829697315972
2024-02-14,376.83333333333326,74.38520078361033,99.20251142541753
2024-02-15,371.45833333333326,62.45767203966776,88.84190895970832
2024-02-16,374.12499999999994,74.27065157145259,97.3250443326423
2024-02-17,320.9999999999999,32.65386887391411,39.61295045700079
2024-02-18,302.70833333333326,30.493085051576344,39.50239987373175
2024-02-19,401.9166666666666,74.21949070195349,88.75593443038188
2024-02-20,414.74999999999994,69.68746864050628,84.05310868493635
2024-02-21,408.37499999999994,67.74965084840854,82.12524970490072
2024-02-22,356.20833333333326,67.72812105715275,81.03448569632972
2024-02-23,344.37499999999994,69.78799096494917,82.35515676665234
2024-02-24,248.29166666666654,52.19376913209768,53.06140905019275
2024-02-25,248.1249999999999,17.465161072711187,24.140991290979624
2024-02-26,327.58333333333326,64.02918850754698,85.70655120435875
2024-02-27,342.87499999999994,63.204768481353945,78.98021244654423
2024-02-28,362.33333333333326,70.77152958015601,85.01993531060428
2024-02-29,347.83333333333326,74.57779963811238,91.9909359312006
2024-03-01,342.2916666666666,67.4257976015409,85.29223008955184
2024-03-02,276.0416666666666,20.948119585712693,33.651800073181406
2024-03-03,255.375,22.888618356237817,28.239513768166802
2024-03-04,285.45833333333326,81.31647107377653,99.76195472976727
2024-03-05,357.49999999999994,55.2711942816774,62.13155520372551
2024-03-06,373.08333333333326,54.731791918476404,69.8419392139963
2024-03-07,271.29166666666663,16.849132033685866,21.456192205904014
2024-03-08,305.62499999999994,63.93665302917356,79.58147472762968
2024-03-09,270.33333333333326,22.73981940994655,27.874308129995573
2024-03-10,275.4999999999999,31.143529530614558,34.31573912293395
2024-03-11,282.04166666666663,55.16913431882858,61.35281895915054
2024-03-12,455.9166666666666,144.73221233114597,162.7159456774395
2024-03-13,449.6666666666666,105.4386541520555,125.3469277240149
2024-03-14,446.37499999999994,121.87849961966269,140.77491552770027
2024-03-15,334.12499999999994,60.00399730851257,71.49149574869719
2024-03-16,294.12499999999994,31.370169375091773,42.624295215405155
2024-03-17,289.7916666666666,65.89052683115007,75.10126831477452
2024-03-18,355.2916666666666,158.47880993659302,187.52274349882268
2024-03-19,351.45833333333326,38.34652644395824,51.6512074073013
2024-03-20,372.87499999999994,106.00380732119076,121.33069488125209
2024-03-21,361.24999999999994,78.50208184619737,101.37945479167207
2024-03-22,355.62499999999994,71.58067427451407,93.1840405420145
2024-03-23,289.99999999999994,36.2980497864385,47.266653880646935
2024-03-24,291.4583333333332,22.682730133334754,26.03475235445483
2024-03-25,354.95833333333326,196.94280979658174,253.27246604387457
2024-03-26,337.33333333333326,59.96718803048134,91.99342324291983
2024-03-27,329.99999999999994,61.135135302941,89.63557881474073
2024-03-28,307.74999999999994,38.06911718845365,61.29664917022044
2024-03-29,277.0,65.06083817655842,70.02022760146349
2024-03-30,286.5,78.8925247093042,90.24108268276775
2024-03-31,273.3333333333332,26.389453485608154,34.931714674135684
2024-04-01,355.70833333333326,76.56604013591999,104.72765711480142
2024-04-02,384.12499999999994,73.11776525527243,89.02235521617918
2024-04-03,379.6666666666666,70.82422521958749,85.42150048769848
2024-04-04,376.62499999999994,91.76757041240727,117.36418412943983
2024-04-05,349.6666666666666,82.97100835914408,112.9055428415445
2024-04-06,285.9166666666666,35.80387491732835,43.832223478152784
2024-04-07,287.2916666666666,25.034459763516974,33.05813746107725
2024-04-08,324.58333333333326,62.5152321842809,79.72541825863517
2024-04-09,345.62499999999994,62.26093617329996,83.05567540205013
2024-04-10,324.58333333333326,43.02461984008553,60.42579296290656
2024-04-11,341.49999999999994,53.36310808608926,81.61010958643692
2024-04-12,332.62499999999994,46.55403237293162,69.33828142009817
2024-04-13,283.45833333333326,33.000307002415205,38.20165695576365
2024-04-14,269.2499999999999,33.63524983574946,38.89651338440059
2024-04-15,378.08333333333326,107.0197493930657,132.94738754682706
2024-04-16,399.74999999999994,93.43989222496747,108.84351168782027
2024-04-17,370.2083333333333,68.6095134789745,92.36895563830392
2024-04-18,371.1666666666666,67.68180260807274,97.95210273064411
2024-04-19,377.24999999999994,85.76494524876274,105.09152785756233
2024-04-20,270.0416666666666,14.44300515453025,17.103917058187577
2024-04-21,269.4999999999999,24.63862181082364,28.391428000296468
2024-04-22,350.24999999999994,59.75199416031438,79.37860262548934
2024-04-23,359.70833333333326,61.95761387546858,72.89464038392285
2024-04-24,366.1666666666666,65.0252266625563,76.40452897037933
2024-04-25,393.87499999999994,44.3676575273275,54.2054560507985
2024-04-26,406.95833333333326,102.94687316318345,123.99725935816267
2024-04-27,316.58333333333326,47.36137025182439,53.75397751621139
2024-04-28,315.12499999999994,13.933382419248408,21.565914458388235
2024-04-29,383.24999999999994,86.30210399130982,110.55660335491802
2024-04-30,367.1666666666666,54.0340337902307,72.61294432973109
2024-05-01,290.79166666666663,37.96201269701125,43.89725982350933
2024-05-02,331.1666666666666,31.011823318898724,33.533930584203524
2024-05-03,324.58333333333326,29.484038144350055,35.89773000070495
2024-05-04,283.7499999999999,24.280106790363863,31.362230058857467
2024-05-05,284.08333333333326,17.447914722065164,23.063566214840424
2024-05-06,357.99999999999994,30.11107665300365,35.195170029465075
2024-05-07,382.87499999999994,68.31276099135472,82.69114474970358
2024-05-08,414.2916666666666,71.92281705141063,82.44564116261783
2024-05-09,364.20833333333326,47.47905688484513,60.10976591320393
2024-05-10,357.20833333333326,38.28289068986974,47.01339676292407
2024-05-11,359.0416666666666,60.22998078664144,88.56318875250737
2024-05-12,307.7916666666666,27.99371023724483,34.98701290299575
2024-05-13,366.45833333333326,57.94284745057422,71.22782309678762
2024-05-14,375.62499999999994,76.09280684838693,89.00912164685383
2024-05-15,394.12499999999994,81.56857809921108,99.81319239305769
2024-05-16,401.12499999999994,89.45101611067851,108.78930257237988
2024-05-17,403.99999999999994,89.58901280413072,116.61314006875554
2024-05-18,347.1666666666665,60.370599729319345,84.92364768133379
2024-05-19,327.9583333333332,39.064419624706176,50.82600639782053
2024-05-20,322.2916666666666,32.611929980417095,44.137669422516375
2024-05-21,319.83333333333326,51.28447087357444,61.146149441228154
2024-05-22,322.2083333333333,41.777065436045326,54.59682209333223
2024-05-23,309.66666666666663,28.417269267141833,34.809767922395686
2024-05-24,309.0416666666666,23.2428039312363,29.28650275111067
2024-05-25,295.9166666666666,27.568995105723598,35.32228086309662
2024-05-26,294.08333333333326,24.14992592235414,30.233152500874937
2024-05-27,309.9583333333333,23.570540010929125,29.93254615821535
2024-05-28,308.24999999999994,44.30615457147362,50.40944742534461
2024-05-29,306.99999999999994,36.66908174753192,41.60485072098441
2024-05-30,288.7916666666666,36.84112906952705,40.84646090023883
2024-05-31,272.49999999999994,41.93004296223327,49.24199854232101
2024-06-01,259.7083333333333,22.446302946656942,25.807321464006634
2024-06-02,261.5416666666666,29.818977917234097,34.69577507056475
2024-06-03,295.1666666666666,48.654150207837496,57.513451922959916
2024-06-04,324.99999999999994,31.923729948699535,40.503613841439126
2024-06-05,330.04166666666663,22.133410009245058,28.51703837618745
2024-06-06,329.41666666666663,25.96366678923374,32.33512214214097
2024-06-07,316.95833333333326,21.727781293292875,28.52092779447443
2024-06-08,293.4999999999999,20.12010866900293,23.468933617736777
2024-06-09,274.49999999999994,34.986945363382546,41.19245839546124
2024-06-10,373.9166666666666,70.04658067723115,79.44820710568635
2024-06-11,383.4166666666666,53.69203339268765,61.612183998698264
2024-06-12,385.70833333333326,55.93723122775557,62.488888785968584
2024-06-13,374.87499999999994,37.296482423941285,43.28728356076449
2024-06-14,371.37499999999994,50.69328033179041,58.641691452541494
2024-06-15,279.62499999999994,43.295244184633184,50.3782037182142
2024-06-16,272.8333333333332,34.65833840767556,40.08174914758246
2024-06-17,287.12499999999994,73.69939281046396,83.01133716816484
2024-06-18,304.87499999999994,74.97088332474239,78.6813709019551
2024-06-19,318.54166666666663,31.963335963587,39.697393021111004
2024-06-20,327.0416666666666,27.83081223567331,33.76865304036877
2024-06-21,327.4583333333333,40.68866387257976,48.902142113469026
2024-06-22,285.9583333333333,49.77061501642074,57.27031504399555
2024-06-23,263.62499999999994,44.166607528925,49.31017592541678
2024-06-24,278.62499999999994,50.49380124360331,59.812417960897164
2024-06-25,313.0416666666666,52.711211559673224,58.51580960030788
2024-06-26,312.49999999999994,75.54366022348411,79.84473675554413
2024-06-27,304.08333333333326,59.056415500740286,65.3155378682753
2024-06-28,311.0416666666666,50.79258979608622,55.98813321798572
2024-06-29,311.70833333333326,24.88328923533362,27.669227770785557
2024-06-30,293.5833333333333,52.88672373692197,55.624978663677965
2024-07-01,313.6666666666666,77.3107220108311,93.28393452004985
2024-07-02,310.49999999999994,96.9828381836415,101.72674940520633
2024-07-03,322.6666666666666,58.322364417215255,65.08901756420383
2024-07-04,319.7083333333333,52.75469991316404,59.66887571408206
2024-07-05,342.08333333333326,38.15084811051688,47.580648575459556
2024-07-06,233.6666666666666,102.32343014826387,109.56248479487941
2024-07-07,216.99999999999991,81.82856287062175,85.19880946175068
2024-07-08,333.5416666666666,73.02367791533474,88.02121458768937
2024-07-09,303.6666666666666,113.81457366546005,119.48458129736949
2024-07-10,315.4166666666666,70.15918021400778,83.99507723265796
2024-07-11,338.74999999999994,51.141402711470995,59.01016887329373
2024-07-12,292.3749999999999,124.17970789720623,126.69147040521106
2024-07-13,308.62499999999994,72.2647472545505,98.64736383239895
2024-07-14,268.29166666666663,60.66578048219287,64.54752918131922
2024-07-15,314.33333333333326,68.2686473826568,81.77784666862279
2024-07-16,355.74999999999994,76.18574475993718,85.45371500352134
2024-07-17,362.7916666666666,83.18659680336717,101.9924931245914
2024-07-18,356.99999999999994,81.38959889610612,93.84797677680645
2024-07-19,346.6666666666666,48.85248591005806,59.76391310808704
2024-07-20,294.24999999999994,27.985069468617393,32.345523844558336
2024-07-21,287.4166666666666,34.3507954527935,40.918675975845105
2024-07-22,323.1249999999999,60.145969651639525,78.40257295197999
2024-07-23,328.74999999999994,86.93926230072982,98.76859568181293
2024-07-24,329.45833333333326,76.32724545399356,86.67627354618611
2024-07-25,325.0416666666666,47.30452381074432,55.10196017116508
2024-07-26,325.1666666666666,40.54047458122181,52.17328605610472
2024-07-27,289.49999999999994,31.510550223290963,35.97219059647825
2024-07-28,270.3333333333333,56.73634638885661,64.36067153310171
2024-07-29,352.33333333333326,98.94245172043645,130.94559433173808
2024-07-30,351.95833333333326,75.54410846531393,96.4677612848769
2024-07-31,382.83333333333326,67.94652962684631,82.08855632914091
2024-08-01,437.6666666666666,64.18134125570452,68.34208047323906
2024-08-02,472.0416666666666,20.28845180571076,29.909365611324986
2024-08-03,291.58333333333326,121.05114972094701,127.18136099092408
2024-08-04,281.9583333333333,41.141785077750725,47.268582055617706
2024-08-05,366.6666666666666,25.82584220419329,30.36908225292823
2024-08-06,413.24999999999983,42.165293330947655,46.79444087151948
2024-08-07,388.12499999999983,70.26068560282398,74.6363601950505
2024-08-08,382.0416666666666,72.66053971648222,76.78261507154053
2024-08-09,379.12499999999994,49.96346919238572,54.09732481296395
2024-08-10,274.99999999999994,77.38783638924365,83.2560679144528
2024-08-11,331.8333333333333,62.66667552043997,70.04389879189272
2024-08-12,320.1666666666666,100.23626346886164,124.2086702302566
2024-08-13,325.7083333333332,67.18116782605652,76.49228375194141
2024-08-14,315.8333333333332,53.880317245920565,59.66434672426409
2024-08-15,260.62499999999994,59.598964378237774,63.08919583114722
2024-08-16,312.62499999999994,57.088668892780994,64.2567638385794
2024-08-17,261.20833333333326,64.54119373361276,70.08142264550376
2024-08-18,257.24999999999994,59.755807533860235,63.80799185098796
2024-08-19,307.83333333333326,59.154007074733585,78.74338284412373
2024-08-20,305.83333333333326,47.21781448523211,56.060716944364074
2024-08-21,310.62499999999994,79.28163051605232,96.84620317488412
2024-08-22,314.70833333333326,53.66151690234748,62.96139404986725
2024-08-23,317.74999999999994,42.89584005375704,49.68265908403063
2024-08-24,264.16666666666663,31.203323520720044,36.05831673284979
2024-08-25,261.91666666666663,48.301498589416404,53.75120094408763
2024-08-26,311.70833333333326,117.43030146757769,142.99364778614967
2024-08-27,317.24999999999994,86.03428298234947,98.72726158986755
2024-08-28,332.79166666666663,53.103054128587246,59.756551792105476
2024-08-29,350.24999999999994,78.34959937135385,92.8354393880786
2024-08-30,340.24999999999994,80.2645088632902,94.4262546091134
2024-08-31,283.8333333333333,84.24186232437695,90.56586734410655
2024-09-01,335.1666666666666,66.17659933616721,78.91368893149568
2024-09-02,580.6666666666666,156.77658237765232,167.5320504348013
2024-09-03,612.2916666666666,31.343747764825807,36.67312734142752
2024-09-04,606.1666666666666,25.950788175066304,30.46205446090911
2024-09-05,590.9583333333333,54.18624323109785,60.0168805352218
2024-09-06,505.24999999999994,102.2994221026699,131.70269735924197
2024-09-07,269.62499999999994,109.9355066791177,115.07296349836923
2024-09-08,260.04166666666663,28.985211317737935,34.853468025648276
2024-09-09,365.49999999999994,55.161492615938165,65.95395931621039
2024-09-10,545.4999999999999,151.04804204155994,170.72760948006078
2024-09-11,574.4999999999999,63.506752736866446,80.95331090697572
2024-09-12,579.8333333333333,58.24576276292399,66.36120785981983
2024-09-13,529.5833333333333,96.34079852203526,109.34383002552616
2024-09-14,263.2083333333333,150.3642290780942,154.33502946193659
2024-09-15,260.66666666666663,44.81371052314841,50.443418298163884
2024-09-16,353.2083333333333,46.06391207128763,61.61116917802323
2024-09-17,387.33333333333326,53.4946008523305,65.9165679856579
2024-09-18,405.6666666666666,42.62043382724127,52.44401928309684
2024-09-19,430.08333333333326,40.040045894682386,48.423886320401536
2024-09-20,425.5833333333332,55.15237683802845,72.35494647032114
2024-09-21,276.5833333333333,82.17907899866508,86.3651649536145
2024-09-22,348.45833333333326,47.07002082218725,59.28918768750518
2024-09-23,524.0416666666666,108.67365039885043,124.43971807379823
2024-09-24,586.6249999999999,58.30225295573472,67.7410711244351
2024-09-25,572.0833333333333,72.37131076057747,84.3720470605078
2024-09-26,576.0,72.4249989117185,83.84900002522964
2024-09-27,495.87499999999994,101.52563340216876,116.1199521714435
2024-09-28,329.49999999999994,61.68487994124495,76.8376238176746
2024-09-29,281.20833333333326,74.08524748186277,80.26024927183532
2024-09-30,393.95833333333326,51.03993574281534,57.74324658502685
2024-10-01,418.24999999999994,52.71235991517704,59.69362488932202
2024-10-02,414.08333333333326,55.22481545060875,66.354044606652
2024-10-03,434.0416666666666,48.56100533654293,59.01335836691295
2024-10-04,442.5416666666666,33.00994741171595,43.40270484496817
2024-10-05,281.70833333333326,98.30174136658515,105.0103087021322
2024-10-06,269.4166666666666,25.614328830192505,33.01972122432119
2024-10-07,440.7916666666666,105.39493390172716,123.55358828120896
2024-10-08,399.49999999999994,69.07114230841394,89.02746231517325
2024-10-09,472.7916666666667,126.28865452359118,130.04028059872599
2024-10-10,496.4166666666666,23.3722042342027,35.94133414199073
2024-10-11,440.1666666666666,77.43421037991837,82.39834224010681
2024-10-12,275.4583333333333,28.05404013643663,30.294376973035902
2024-10-13,320.5416666666666,48.08551545689492,59.67928174342911
2024-10-14,497.0416666666666,110.7388326575358,136.75264666694665
2024-10-15,570.3333333333333,91.27152324716245,105.11979742646348
2024-10-16,612.4166666666666,150.37635813901818,156.95665718095842
2024-10-17,620.0833333333333,100.55251117795702,108.27007275012197
2024-10-18,442.24999999999994,85.35468959808355,89.04678072214574
2024-10-19,260.7083333333333,84.35153871277971,87.42337997782892
2024-10-20,259.12499999999994,31.23832296083374,42.197292208355954
2024-10-21,506.4166666666666,174.13932220886144,200.39089544642005
2024-10-22,532.2916666666666,69.28294449547924,90.01519471908775
2024-10-23,525.4999999999999,53.85234162459772,66.94744627283198
2024-10-24,511.24999999999994,59.18387616177398,77.99174953441565
2024-10-25,521.2083333333333,72.39097144703072,94.16761785133907
2024-10-26,256.12499999999994,142.03489639610055,145.16662081085173
2024-10-27,272.16666666666663,23.44689503436285,28.811084965009034
2024-10-28,510.2916666666666,119.6467280859748,141.869850836564
2024-10-29,524.1249999999999,65.92732637623946,78.99837764798961
2024-10-30,512.8749999999999,64.50822342683871,84.4399849682923
2024-10-31,573.1249999999999,100.42508676896487,116.44815643532203
2024-11-01,460.58333333333326,30.82914456725118,37.11897356447832
2024-11-02,421.375,53.36490787069001,65.93855664729881
2024-11-03,264.62499999999994,48.85212143262231,54.91041771441813
2024-11-04,390.70833333333326,62.42196455349529,82.79424632013995
2024-11-05,534.5833333333333,72.94517075767116,89.09715864123712
2024-11-06,355.2916666666666,119.77627782275285,129.16669953661142
2024-11-07,314.7083333333333,43.2716511214773,49.02069211239876
2024-11-08,379.12499999999994,50.8390052095055,60.297272802167655
2024-11-09,291.7083333333333,63.76879618565247,67.41438792309522
2024-11-10,279.24999999999994,46.010023223857104,53.98279646796456
2024-11-11,298.5833333333333,54.796780735254295,67.14981939928079
2024-11-12,287.45833333333326,66.15238123883807,73.93335737369121
2024-11-13,383.0416666666666,52.29385974009828,60.930343855566655
2024-11-14,530.8749999999999,77.84184929480149,91.46952007238029
2024-11-15,556.9166666666666,78.61619698256249,89.01224064278662
2024-11-16,287.87499999999994,191.3578068614007,197.0983696661021
2024-11-17,283.04166666666663,42.22374538828934,47.27677781395708
2024-11-18,420.1666666666666,33.163878053426735,41.78562694930315
2024-11-19,417.08333333333326,50.25226845343906,75.92315578026685
2024-11-20,302.41666666666663,90.44815216710174,99.7800659331897
2024-11-21,284.37499999999994,53.25589358806619,58.1507339125159
2024-11-22,314.33333333333326,74.08595841626335,87.58885735451642
2024-11-23,263.6666666666666,22.22691024094824,29.225883496531246
2024-11-24,261.375,39.47081606090069,44.58172210914695
2024-11-25,498.8333333333333,68.21813140561181,81.3551677592435
2024-11-26,947.5833333333334,237.2010643084844,266.6622637559174
2024-11-27,802.7083333333334,104.74858298401038,134.2977114651616
2024-11-28,680.3749999999999,80.36373106638592,89.07167937330559
2024-11-29,680.5833333333333,72.5316062569618,88.14585471618733
2024-11-30,489.6666666666666,60.26078539341691,67.83090455723777
2024-12-01,490.58333333333326,43.39525733143093,55.64487142177448
2024-12-02,755.5833333333334,183.32512256254753,213.30733970463183
2024-12-03,446.37499999999994,409.7026675393185,427.61033546366076
2024-12-04,360.2083333333333,122.05373133222265,131.82364495924557
2024-12-05,352.1666666666666,105.65516289571923,121.19691541118819
2024-12-06,293.29166666666663,99.838124131163,103.43223894202664
2024-12-07,271.49999999999994,70.86903447657828,76.36479337806752
2024-12-08,266.37499999999994,106.97612776607279,120.39012807208644
2024-12-09,316.2916666666666,211.13798252989855,231.90609485039687
2024-12-10,550.0416666666666,295.7175418237846,312.90392459983747
2024-12-11,947.5416666666666,166.11205239097276,188.70918974037747
2024-12-12,808.6666666666666,295.9404845585426,350.4231382451144
2024-12-13,487.33333333333326,340.151631842057,359.2889962610918
2024-12-14,281.62499999999994,129.6204550713301,137.16879222410014
2024-12-15,290.9166666666666,53.94071190307542,66.25643419727193
2024-12-16,559.8333333333333,99.09964500864346,118.23520588785983
2024-12-17,725.2083333333334,58.824693749348285,66.27750209204908
2024-12-18,577.8333333333333,81.85466795166336,113.73500083408086
2024-12-19,326.33333333333326,151.21514785538125,161.42015469438996
2024-12-20,351.74999999999994,79.63071941336001,91.48192936856681
2024-12-21,299.2083333333332,66.96430819978322,80.78534712907069
2024-12-22,289.49999999999994,50.90619614720348,55.485897761289905
2024-12-23,359.87499999999994,91.40418465932213,111.37471154132288
2024-12-24,313.2916666666666,68.39513066659376,78.45470492006152
2024-12-25,299.87499999999994,102.46515278518206,111.25883983657161
2024-12-26,453.62499999999994,49.1296949386597,64.23629700128977
2024-12-27,469.99999999999994,114.43209409713751,129.79780488842655
2024-12-28,450.58333333333326,110.52723912149672,129.92174243185136
2024-12-29,428.74999999999994,115.01434408624972,123.53699050913836
2024-12-30,482.87499999999994,91.88656601309783,102.78562476663785
2024-12-31,453.08333333333326,88.92641954620683,146.5643652635714
